estName,type,insDate,facilityName,insStatus,infractions,minor,significant,crucial,categories
1 HOTEL TORONTO,Outdoor Pool,2024-08-30,1 HOTEL TORONTO,Pass,0,0,0,0,0
1 HOTEL TORONTO,Outdoor Pool,2025-08-12,1 HOTEL TORONTO,Conditional Pass,2,1,0,1,2
1 HOTEL TORONTO,Outdoor Pool,2025-08-14,1 HOTEL TORONTO,Pass,0,0,0,0,0
1 HOTEL TORONTO,Outdoor Pool,2026-07-28,1 HOTEL TORONTO,Conditional Pass,2,0,0,2,2
1 HOTEL TORONTO,Outdoor Pool,2026-07-29,1 HOTEL TORONTO,Pass,0,0,0,0,0
1 ST. THOMAS,Indoor Pool,2025-05-08,1 ST. THOMAS,Pass,0,0,0,0,0
1 ST. THOMAS,Indoor Pool,2025-08-12,1 ST. THOMAS,Conditional Pass,1,0,0,1,1
1 ST. THOMAS,Spa Indoor,2024-08-28,1 ST. THOMAS,Pass,0,0,0,0,0
1 ST. THOMAS,Spa Indoor,2024-11-15,1 ST. THOMAS,Pass,0,0,0,0,0
1 ST. THOMAS,Spa Indoor,2025-02-07,1 ST. THOMAS,Pass,0,0,0,0,0
1 ST. THOMAS,Spa Indoor,2025-05-08,1 ST. THOMAS,Conditional Pass,4,1,1,2,2
1 ST. THOMAS,Spa Indoor,2025-05-21,1 ST. THOMAS,Conditional Pass,4,1,1,2,2
1 ST. THOMAS,Spa Indoor,2025-06-10,1 ST. THOMAS,Pass,0,0,0,0,0
1 ST. THOMAS,Spa Indoor,2025-08-12,1 ST. THOMAS,Conditional Pass,2,0,0,2,2
1 ST. THOMAS,Spa Indoor,2025-08-29,1 ST. THOMAS,Pass,0,0,0,0,0
1 ST. THOMAS,Spa Indoor,2025-11-28,1 ST. THOMAS,Pass,0,0,0,0,0
1 ST. THOMAS,Spa Indoor,2026-03-03,1 ST. THOMAS,Pass,0,0,0,0,0
1 ST. THOMAS,Spa Indoor,2026-06-04,1 ST. THOMAS,Pass,0,0,0,0,0
1 YORKVILLE - COLD PLUNGE POOL,Spa Indoor,2024-09-06,1 YORKVILLE - COLD PLUNGE POOL,Pass,0,0,0,0,0
1 YORKVILLE - COLD PLUNGE POOL,Spa Indoor,2024-11-20,1 YORKVILLE - COLD PLUNGE POOL,Pass,2,1,1,0,2
1 YORKVILLE - COLD PLUNGE POOL,Spa Indoor,2025-02-14,1 YORKVILLE - COLD PLUNGE POOL,Pass,1,1,0,0,1
1 YORKVILLE - COLD PLUNGE POOL,Spa Indoor,2025-05-23,1 YORKVILLE - COLD PLUNGE POOL,Conditional Pass,3,1,0,2,3
1 YORKVILLE - COLD PLUNGE POOL,Spa Indoor,2025-06-23,1 YORKVILLE - COLD PLUNGE POOL,Conditional Pass,3,1,0,2,3
1 YORKVILLE - COLD PLUNGE POOL,Spa Indoor,2025-09-25,1 YORKVILLE - COLD PLUNGE POOL,Pass,0,0,0,0,0
1 YORKVILLE - COLD PLUNGE POOL,Spa Indoor,2025-12-15,1 YORKVILLE - COLD PLUNGE POOL,Pass,1,1,0,0,1
1 YORKVILLE - COLD PLUNGE POOL,Spa Indoor,2026-03-31,1 YORKVILLE - COLD PLUNGE POOL,Pass,0,0,0,0,0
1 YORKVILLE - COLD PLUNGE POOL,Spa Indoor,2026-07-28,1 YORKVILLE - COLD PLUNGE POOL,Pass,0,0,0,0,0
100 LEEWARD GLENWAY POOL,Indoor Pool,2024-11-04,100 LEEWARD GLENWAY,Conditional Pass,5,3,1,1,2
100 LEEWARD GLENWAY POOL,Indoor Pool,2024-11-26,100 LEEWARD GLENWAY,Pass,0,0,0,0,0
100 LEEWARD GLENWAY POOL,Indoor Pool,2025-04-10,100 LEEWARD GLENWAY,Conditional Pass,9,6,1,2,3
100 LEEWARD GLENWAY POOL,Indoor Pool,2025-04-17,100 LEEWARD GLENWAY,Pass,0,0,0,0,0
100 LEEWARD GLENWAY POOL,Indoor Pool,2026-02-06,100 LEEWARD GLENWAY,Closed,8,5,1,2,5
100 LEEWARD GLENWAY POOL,Indoor Pool,2026-02-27,100 LEEWARD GLENWAY,Pass,1,1,0,0,1
100 ROWENA POOL,Outdoor Pool,2024-07-17,100 ROWENA,Closed,15,6,1,8,6
100 ROWENA POOL,Outdoor Pool,2024-07-31,100 ROWENA,Pass,0,0,0,0,0
100 ROWENA POOL,Outdoor Pool,2025-07-25,100 ROWENA,Conditional Pass,12,6,4,2,4
100 ROWENA POOL,Outdoor Pool,2025-08-28,100 ROWENA,Conditional Pass,10,7,1,2,4
101 ERSKINE AVE (TSCC 2689),Outdoor Pool,2024-09-12,101 ERSKINE AVE,Pass,2,2,0,0,2
101 ERSKINE AVE (TSCC 2689),Outdoor Pool,2025-05-20,101 ERSKINE AVE,Pass,2,2,0,0,1
101 ERSKINE AVE (TSCC 2689),Outdoor Pool,2025-09-15,101 ERSKINE AVE,Pass,4,4,0,0,3
101 ERSKINE AVE (TSCC 2689),Outdoor Pool,2026-06-09,101 ERSKINE AVE,Pass,2,2,0,0,2
1010 BROADVIEW AVE. APARTMENT BUILDING,Indoor Pool,2024-08-19,1010 BROADVIEW AVE APTS,Conditional Pass,3,1,2,0,2
1010 BROADVIEW AVE. APARTMENT BUILDING,Indoor Pool,2024-08-20,1010 BROADVIEW AVE APTS,Pass,0,0,0,0,0
1010 BROADVIEW AVE. APARTMENT BUILDING,Indoor Pool,2024-12-03,1010 BROADVIEW AVE APTS,Conditional Pass,3,0,1,2,3
1010 BROADVIEW AVE. APARTMENT BUILDING,Indoor Pool,2024-12-04,1010 BROADVIEW AVE APTS,Conditional Pass,1,0,1,0,1
1010 BROADVIEW AVE. APARTMENT BUILDING,Indoor Pool,2024-12-11,1010 BROADVIEW AVE APTS,Pass,0,0,0,0,0
1010 BROADVIEW AVE. APARTMENT BUILDING,Indoor Pool,2025-02-12,1010 BROADVIEW AVE APTS,Conditional Pass,2,1,0,1,1
1010 BROADVIEW AVE. APARTMENT BUILDING,Indoor Pool,2025-02-25,1010 BROADVIEW AVE APTS,Pass,0,0,0,0,0
1010 BROADVIEW AVE. APARTMENT BUILDING,Indoor Pool,2025-05-08,1010 BROADVIEW AVE APTS,Pass,0,0,0,0,0
1010 BROADVIEW AVE. APARTMENT BUILDING,Indoor Pool,2025-07-22,1010 BROADVIEW AVE APTS,Pass,0,0,0,0,0
1010 BROADVIEW AVE. APARTMENT BUILDING,Indoor Pool,2025-08-26,1010 BROADVIEW AVE APTS,Conditional Pass,1,0,0,1,1
1010 BROADVIEW AVE. APARTMENT BUILDING,Indoor Pool,2025-08-29,1010 BROADVIEW AVE APTS,Pass,0,0,0,0,0
1010 BROADVIEW AVE. APARTMENT BUILDING,Indoor Pool,2025-10-23,1010 BROADVIEW AVE APTS,Pass,0,0,0,0,0
1010 BROADVIEW AVE. APARTMENT BUILDING,Indoor Pool,2026-01-23,1010 BROADVIEW AVE APTS,Conditional Pass,2,0,2,0,2
1010 BROADVIEW AVE. APARTMENT BUILDING,Indoor Pool,2026-01-29,1010 BROADVIEW AVE APTS,Pass,0,0,0,0,0
1010 BROADVIEW AVE. APARTMENT BUILDING,Indoor Pool,2026-05-07,1010 BROADVIEW AVE APTS,Pass,0,0,0,0,0
1010 BROADVIEW AVE. APARTMENT BUILDING,Indoor Pool,2026-08-21,1010 BROADVIEW AVE APTS,Pass,1,1,0,0,1
11 DERVOCK CRES POOL,Outdoor Pool,2024-08-29,11 DERVOCK CRES,Closed,3,1,0,2,2
11 DERVOCK CRES POOL,Outdoor Pool,2025-07-16,11 DERVOCK CRES,Conditional Pass,7,2,2,3,4
11 DERVOCK CRES POOL,Outdoor Pool,2025-08-07,11 DERVOCK CRES,Pass,0,0,0,0,0
11 DERVOCK CRES POOL,Outdoor Pool,2026-07-23,11 DERVOCK CRES,Pass,3,3,0,0,3
11 GOLDFINCH CRT OUTDOOR POOL,Outdoor Pool,2024-07-16,11 GOLDFINCH CRT,Pass,2,2,0,0,1
11 GOLDFINCH CRT OUTDOOR POOL,Outdoor Pool,2025-07-28,11 GOLDFINCH CRT,Conditional Pass,6,1,3,2,5
11 GOLDFINCH CRT OUTDOOR POOL,Outdoor Pool,2025-08-19,11 GOLDFINCH CRT,Pass,1,1,0,0,1
11 GOLDFINCH CRT OUTDOOR POOL,Outdoor Pool,2026-08-13,11 GOLDFINCH CRT,Pass,1,1,0,0,1
11 VALLEY WOODS POOL,Outdoor Pool,2025-07-02,11 VALLEY WOODS,Conditional Pass,7,2,1,4,3
11 VALLEY WOODS POOL,Outdoor Pool,2026-07-31,11 VALLEY WOODS,Closed,17,7,2,8,5
11 VALLEY WOODS POOL,Outdoor Pool,2026-08-04,11 VALLEY WOODS,Pass,6,6,0,0,3
111 COMBERMERE POOL,Outdoor Pool,2025-08-25,111 COMBERMERE,Conditional Pass,8,4,2,2,4
111 COMBERMERE POOL,Outdoor Pool,2026-07-28,111 COMBERMERE,Conditional Pass,11,5,3,3,5
111 COMBERMERE POOL,Outdoor Pool,2026-08-05,111 COMBERMERE,Pass,4,4,0,0,2
12 DEERFORD POOL,Outdoor Pool,2025-07-30,12 DEERFORD,Conditional Pass,10,3,4,3,5
12 DEERFORD POOL,Outdoor Pool,2026-08-06,12 DEERFORD,Pass,4,4,0,0,2
12 DEGREES,Outdoor Pool,2024-09-19,12 DEGREES,Conditional Pass,2,1,0,1,1
12 DEGREES,Outdoor Pool,2024-09-20,12 DEGREES,Pass,0,0,0,0,0
12 DEGREES,Outdoor Pool,2025-06-09,12 DEGREES,Pass,0,0,0,0,0
12 DEGREES,Outdoor Pool,2025-08-22,12 DEGREES,Pass,0,0,0,0,0
12 DEGREES,Outdoor Pool,2026-07-13,12 DEGREES,Pass,0,0,0,0,0
12 DEGREES,Outdoor Pool,2026-08-31,12 DEGREES,Conditional Pass,1,0,0,1,1
12 DEGREES,Outdoor Pool,2026-09-09,12 DEGREES,Pass,0,0,0,0,0
12 GOLDEN APPLEWAY POOL,Outdoor Pool,2024-07-09,12 GOLDEN APPLEWAY,Pass,1,1,0,0,1
12 GOLDEN APPLEWAY POOL,Outdoor Pool,2025-07-11,12 GOLDEN APPLEWAY,Conditional Pass,5,2,2,1,3
12 GOLDEN APPLEWAY POOL,Outdoor Pool,2025-08-29,12 GOLDEN APPLEWAY,Conditional Pass,3,2,0,1,2
12 GOLDEN APPLEWAY POOL,Outdoor Pool,2026-07-06,12 GOLDEN APPLEWAY,Conditional Pass,9,4,2,3,5
120 WIDDICOMBE HILL BLVD,Indoor Pool,2024-10-28,HUNTINGWOOD PLACE 3,Pass,0,0,0,0,0
120 WIDDICOMBE HILL BLVD,Indoor Pool,2025-03-31,HUNTINGWOOD PLACE 3,Pass,0,0,0,0,0
120 WIDDICOMBE HILL BLVD,Indoor Pool,2025-05-22,HUNTINGWOOD PLACE 3,Pass,0,0,0,0,0
120 WIDDICOMBE HILL BLVD,Indoor Pool,2025-08-12,HUNTINGWOOD PLACE 3,Pass,0,0,0,0,0
120 WIDDICOMBE HILL BLVD,Indoor Pool,2025-10-28,HUNTINGWOOD PLACE 3,Conditional Pass,2,0,0,2,2
120 WIDDICOMBE HILL BLVD,Indoor Pool,2026-08-21,HUNTINGWOOD PLACE 3,Pass,2,1,1,0,2
1285 DUPONT STREET,Outdoor Pool,2025-06-30,1285 DUPONT STREET,Pass,0,0,0,0,0
1338 YORK MILLS APT OUTDOOR POOL,Outdoor Pool,2024-07-11,1338 YORK MILLS APTS,Pass,3,3,0,0,2
1338 YORK MILLS APT OUTDOOR POOL,Outdoor Pool,2025-07-21,1338 YORK MILLS APTS,Pass,1,0,1,0,1
1465 LAWRENCE,Outdoor Pool,2025-07-08,1465 LAWRENCE,Pass,0,0,0,0,0
1465 LAWRENCE,Outdoor Pool,2026-08-20,1465 LAWRENCE,Conditional Pass,8,7,1,0,3
"15 QUEENS QUAY E  ""PIER 27 PHASE 3""",Outdoor Pool,2024-08-08,"15 QUEENS QUAY E  ""PIER 27 PHASE 3""",Pass,3,2,1,0,2
"15 QUEENS QUAY E  ""PIER 27 PHASE 3""",Outdoor Pool,2025-07-10,"15 QUEENS QUAY E  ""PIER 27 PHASE 3""",Pass,0,0,0,0,0
"15 QUEENS QUAY E  ""PIER 27 PHASE 3""",Outdoor Pool,2026-07-09,"15 QUEENS QUAY E  ""PIER 27 PHASE 3""",Conditional Pass,3,1,1,1,1
"15 QUEENS QUAY E  ""PIER 27 PHASE 3""",Outdoor Pool,2026-07-13,"15 QUEENS QUAY E  ""PIER 27 PHASE 3""",Pass,0,0,0,0,0
15 TOBERMORY APTS POOL,Outdoor Pool,2024-07-22,15 TOBERMORY APTS,Conditional Pass,6,2,2,2,5
15 TOBERMORY APTS POOL,Outdoor Pool,2024-07-26,15 TOBERMORY APTS,Pass,0,0,0,0,0
15 TOBERMORY APTS POOL,Outdoor Pool,2026-09-04,15 TOBERMORY APTS,Closed,12,4,5,3,6
1500 BATHURST HOLDINGS,Outdoor Pool,2024-07-12,MAYTEM HOLDINGS,Pass,2,2,0,0,2
1500 BATHURST HOLDINGS,Outdoor Pool,2025-07-17,MAYTEM HOLDINGS,Pass,3,2,1,0,3
1500 BATHURST HOLDINGS,Outdoor Pool,2026-07-03,MAYTEM HOLDINGS,Conditional Pass,4,3,0,1,3
1500 BATHURST HOLDINGS,Outdoor Pool,2026-07-14,MAYTEM HOLDINGS,Pass,0,0,0,0,0
155 REDPATH,Outdoor Pool,2025-06-06,155 REDPATH POOL,Pass,5,5,0,0,2
155 REDPATH,Outdoor Pool,2025-09-11,155 REDPATH POOL,Pass,4,4,0,0,2
155 REDPATH,Outdoor Pool,2026-08-28,155 REDPATH POOL,Pass,3,3,0,0,2
155 REDPATH,Spa Outdoor,2025-06-11,155 REDPATH POOL,Conditional Pass,3,1,1,1,2
155 REDPATH,Spa Outdoor,2025-06-12,155 REDPATH POOL,Pass,0,0,0,0,0
155 REDPATH,Spa Outdoor,2025-09-11,155 REDPATH POOL,Pass,2,2,0,0,1
155 REDPATH,Spa Outdoor,2026-08-28,155 REDPATH POOL,Pass,0,0,0,0,0
18 BROWNLOW,Outdoor Pool,2024-08-26,18 BROWNLOW,Pass,0,0,0,0,0
18 BROWNLOW,Outdoor Pool,2025-06-13,18 BROWNLOW,Pass,1,1,0,0,1
18 BROWNLOW,Outdoor Pool,2025-09-16,18 BROWNLOW,Pass,2,2,0,0,2
18 BROWNLOW,Outdoor Pool,2026-05-28,18 BROWNLOW,Pass,6,6,0,0,3
18 ERSKINE,Indoor Pool,2024-09-23,18 ERSKINE,Pass,5,5,0,0,3
18 ERSKINE,Indoor Pool,2024-12-10,18 ERSKINE,Pass,2,2,0,0,2
18 ERSKINE,Indoor Pool,2025-03-07,18 ERSKINE,Pass,1,1,0,0,1
18 ERSKINE,Indoor Pool,2025-08-29,18 ERSKINE,Conditional Pass,4,2,2,0,3
18 ERSKINE,Indoor Pool,2025-09-17,18 ERSKINE,Pass,1,1,0,0,1
18 ERSKINE,Indoor Pool,2025-11-24,18 ERSKINE,Pass,2,2,0,0,2
18 ERSKINE,Indoor Pool,2026-02-02,18 ERSKINE,Pass,0,0,0,0,0
18 ERSKINE,Indoor Pool,2026-05-21,18 ERSKINE,Pass,4,4,0,0,2
18 YONGE CONDOMINIUMS,Indoor Pool,2024-10-10,18 YONGE CONDOMINIUMS,Conditional Pass,3,2,1,0,3
18 YONGE CONDOMINIUMS,Indoor Pool,2024-10-29,18 YONGE CONDOMINIUMS,Pass,0,0,0,0,0
18 YONGE CONDOMINIUMS,Indoor Pool,2025-01-16,18 YONGE CONDOMINIUMS,Pass,2,2,0,0,2
18 YONGE CONDOMINIUMS,Indoor Pool,2025-04-22,18 YONGE CONDOMINIUMS,Pass,1,1,0,0,1
18 YONGE CONDOMINIUMS,Indoor Pool,2025-10-21,18 YONGE CONDOMINIUMS,Pass,1,1,0,0,1
18 YONGE CONDOMINIUMS,Indoor Pool,2026-02-20,18 YONGE CONDOMINIUMS,Pass,1,1,0,0,1
18 YONGE CONDOMINIUMS,Indoor Pool,2026-04-20,18 YONGE CONDOMINIUMS,Pass,1,1,0,0,1
18 YONGE CONDOMINIUMS,Indoor Pool,2026-08-07,18 YONGE CONDOMINIUMS,Pass,0,0,0,0,0
18 YONGE CONDOMINIUMS,Spa Indoor,2024-10-10,18 YONGE CONDOMINIUMS,Conditional Pass,3,1,1,1,2
18 YONGE CONDOMINIUMS,Spa Indoor,2024-10-29,18 YONGE CONDOMINIUMS,Conditional Pass,2,0,1,1,1
18 YONGE CONDOMINIUMS,Spa Indoor,2024-11-07,18 YONGE CONDOMINIUMS,Pass,0,0,0,0,0
18 YONGE CONDOMINIUMS,Spa Indoor,2025-01-16,18 YONGE CONDOMINIUMS,Conditional Pass,2,1,0,1,2
18 YONGE CONDOMINIUMS,Spa Indoor,2025-02-21,18 YONGE CONDOMINIUMS,Pass,0,0,0,0,0
18 YONGE CONDOMINIUMS,Spa Indoor,2025-04-22,18 YONGE CONDOMINIUMS,Conditional Pass,3,0,1,2,2
18 YONGE CONDOMINIUMS,Spa Indoor,2025-05-29,18 YONGE CONDOMINIUMS,Pass,0,0,0,0,0
18 YONGE CONDOMINIUMS,Spa Indoor,2025-10-21,18 YONGE CONDOMINIUMS,Conditional Pass,4,1,1,2,2
18 YONGE CONDOMINIUMS,Spa Indoor,2025-11-28,18 YONGE CONDOMINIUMS,Pass,0,0,0,0,0
18 YONGE CONDOMINIUMS,Spa Indoor,2026-02-18,18 YONGE CONDOMINIUMS,Conditional Pass,5,3,0,2,3
18 YONGE CONDOMINIUMS,Spa Indoor,2026-02-20,18 YONGE CONDOMINIUMS,Conditional Pass,2,1,0,1,1
18 YONGE CONDOMINIUMS,Spa Indoor,2026-03-11,18 YONGE CONDOMINIUMS,Pass,0,0,0,0,0
18 YONGE CONDOMINIUMS,Spa Indoor,2026-04-20,18 YONGE CONDOMINIUMS,Pass,0,0,0,0,0
185 SHAUGHNESSY E POOL,Outdoor Pool,2025-07-02,185 SHAUGHNESSY,Pass,0,0,0,0,0
1900 BAYVIEW AVENUE POOL,Indoor Pool,2024-08-12,1900 BAYVIEW AVENUE POOL,Pass,4,3,1,0,1
1900 BAYVIEW AVENUE POOL,Indoor Pool,2024-10-23,1900 BAYVIEW AVENUE POOL,Pass,1,1,0,0,1
1900 BAYVIEW AVENUE POOL,Indoor Pool,2025-01-13,1900 BAYVIEW AVENUE POOL,Pass,1,1,0,0,1
1900 BAYVIEW AVENUE POOL,Indoor Pool,2025-04-17,1900 BAYVIEW AVENUE POOL,Pass,0,0,0,0,0
1900 BAYVIEW AVENUE POOL,Indoor Pool,2025-08-13,1900 BAYVIEW AVENUE POOL,Pass,2,2,0,0,2
1900 BAYVIEW AVENUE POOL,Indoor Pool,2025-11-03,1900 BAYVIEW AVENUE POOL,Pass,3,3,0,0,2
1900 BAYVIEW AVENUE POOL,Indoor Pool,2026-01-06,1900 BAYVIEW AVENUE POOL,Pass,0,0,0,0,0
1900 BAYVIEW AVENUE POOL,Indoor Pool,2026-04-10,1900 BAYVIEW AVENUE POOL,Pass,1,1,0,0,1
1900 BAYVIEW AVENUE POOL,Indoor Pool,2026-09-18,1900 BAYVIEW AVENUE POOL,Pass,2,2,0,0,2
1900 BAYVIEW AVENUE SPA,Spa Indoor,2024-08-12,1900 BAYVIEW AVENUE POOL,Pass,2,2,0,0,1
1900 BAYVIEW AVENUE SPA,Spa Indoor,2024-10-23,1900 BAYVIEW AVENUE POOL,Pass,1,1,0,0,1
1900 BAYVIEW AVENUE SPA,Spa Indoor,2025-01-13,1900 BAYVIEW AVENUE POOL,Pass,2,2,0,0,2
1900 BAYVIEW AVENUE SPA,Spa Indoor,2025-04-17,1900 BAYVIEW AVENUE POOL,Pass,0,0,0,0,0
1900 BAYVIEW AVENUE SPA,Spa Indoor,2025-08-13,1900 BAYVIEW AVENUE POOL,Pass,2,2,0,0,2
1900 BAYVIEW AVENUE SPA,Spa Indoor,2025-11-03,1900 BAYVIEW AVENUE POOL,Pass,0,0,0,0,0
1900 BAYVIEW AVENUE SPA,Spa Indoor,2026-01-28,1900 BAYVIEW AVENUE POOL,Pass,0,0,0,0,0
1900 BAYVIEW AVENUE SPA,Spa Indoor,2026-04-10,1900 BAYVIEW AVENUE POOL,Pass,0,0,0,0,0
1900 BAYVIEW AVENUE SPA,Spa Indoor,2026-09-18,1900 BAYVIEW AVENUE POOL,Conditional Pass,2,0,1,1,1
1900 BAYVIEW AVENUE SPA,Spa Indoor,2026-09-21,1900 BAYVIEW AVENUE POOL,Pass,0,0,0,0,0
2 LYNWOOD RESIDENTS  - M.T.C.C. #660,Indoor Pool,2024-08-15,2 LYNWOOD RESIDENTS,Closed,2,0,0,2,2
2 LYNWOOD RESIDENTS  - M.T.C.C. #660,Indoor Pool,2024-08-22,2 LYNWOOD RESIDENTS,Pass,0,0,0,0,0
2 LYNWOOD RESIDENTS  - M.T.C.C. #660,Indoor Pool,2024-10-22,2 LYNWOOD RESIDENTS,Pass,0,0,0,0,0
2 LYNWOOD RESIDENTS  - M.T.C.C. #660,Indoor Pool,2025-01-22,2 LYNWOOD RESIDENTS,Pass,1,0,1,0,1
2 LYNWOOD RESIDENTS  - M.T.C.C. #660,Indoor Pool,2025-05-05,2 LYNWOOD RESIDENTS,Pass,1,0,1,0,1
2 LYNWOOD RESIDENTS  - M.T.C.C. #660,Indoor Pool,2025-10-01,2 LYNWOOD RESIDENTS,Pass,0,0,0,0,0
2 LYNWOOD RESIDENTS  - M.T.C.C. #660,Indoor Pool,2026-01-23,2 LYNWOOD RESIDENTS,Pass,2,1,1,0,2
2 LYNWOOD RESIDENTS  - M.T.C.C. #660,Indoor Pool,2026-04-17,2 LYNWOOD RESIDENTS,Conditional Pass,2,0,1,1,2
2 LYNWOOD RESIDENTS  - M.T.C.C. #660,Indoor Pool,2026-05-29,2 LYNWOOD RESIDENTS,Pass,0,0,0,0,0
20 ESTERBROOKE APT POOL,Outdoor Pool,2024-07-24,20 ESTERBROOKE APT,Pass,0,0,0,0,0
20 ESTERBROOKE APT POOL,Outdoor Pool,2025-07-09,20 ESTERBROOKE APT,Pass,0,0,0,0,0
211 RESIDENCES,Indoor Pool,2024-09-03,211 QUEENS QUAY  W,Pass,0,0,0,0,0
211 RESIDENCES,Indoor Pool,2024-12-09,211 QUEENS QUAY  W,Pass,1,1,0,0,1
211 RESIDENCES,Indoor Pool,2025-03-07,211 QUEENS QUAY  W,Pass,1,1,0,0,1
211 RESIDENCES,Indoor Pool,2025-06-19,211 QUEENS QUAY  W,Pass,0,0,0,0,0
211 RESIDENCES,Indoor Pool,2026-02-24,211 QUEENS QUAY  W,Pass,0,0,0,0,0
211 RESIDENCES,Indoor Pool,2026-05-14,211 QUEENS QUAY  W,Pass,0,0,0,0,0
211 RESIDENCES,Indoor Pool,2026-09-03,211 QUEENS QUAY  W,Pass,1,1,0,0,1
215 FORT YORK SPA,Spa Outdoor,2024-09-19,215 FORT YORK,Pass,0,0,0,0,0
215 FORT YORK SPA,Spa Outdoor,2025-06-12,215 FORT YORK,Pass,1,0,1,0,1
215 FORT YORK SPA,Spa Outdoor,2025-08-18,215 FORT YORK,Pass,0,0,0,0,0
2150 CONDOS NORTH BUILDING POOL,Indoor Pool,2024-09-11,2150 CONDOS NORTH BUILDING POOL,Conditional Pass,1,0,1,0,1
2150 CONDOS NORTH BUILDING POOL,Indoor Pool,2024-09-19,2150 CONDOS NORTH BUILDING POOL,Pass,0,0,0,0,0
2150 CONDOS NORTH BUILDING POOL,Indoor Pool,2024-11-28,2150 CONDOS NORTH BUILDING POOL,Conditional Pass,6,3,0,3,3
2150 CONDOS NORTH BUILDING POOL,Indoor Pool,2025-01-09,2150 CONDOS NORTH BUILDING POOL,Conditional Pass,5,2,1,2,4
2150 CONDOS NORTH BUILDING POOL,Indoor Pool,2025-01-13,2150 CONDOS NORTH BUILDING POOL,Pass,0,0,0,0,0
2150 CONDOS NORTH BUILDING POOL,Indoor Pool,2025-04-30,2150 CONDOS NORTH BUILDING POOL,Pass,2,2,0,0,1
2150 CONDOS NORTH BUILDING POOL,Indoor Pool,2025-07-31,2150 CONDOS NORTH BUILDING POOL,Pass,2,2,0,0,2
2150 CONDOS NORTH BUILDING POOL,Indoor Pool,2025-10-16,2150 CONDOS NORTH BUILDING POOL,Conditional Pass,1,0,1,0,1
2150 CONDOS NORTH BUILDING POOL,Indoor Pool,2025-10-27,2150 CONDOS NORTH BUILDING POOL,Pass,0,0,0,0,0
2150 CONDOS NORTH BUILDING POOL,Indoor Pool,2026-01-09,2150 CONDOS NORTH BUILDING POOL,Pass,2,2,0,0,2
2150 CONDOS NORTH BUILDING POOL,Indoor Pool,2026-04-15,2150 CONDOS NORTH BUILDING POOL,Pass,2,2,0,0,2
2150 CONDOS NORTH BUILDING POOL,Indoor Pool,2026-07-13,2150 CONDOS NORTH BUILDING POOL,Pass,1,1,0,0,1
2150 CONDOS NORTH BUILDING SPA,Spa Indoor,2024-09-11,2150 CONDOS NORTH BUILDING POOL,Conditional Pass,2,1,0,1,2
2150 CONDOS NORTH BUILDING SPA,Spa Indoor,2024-11-28,2150 CONDOS NORTH BUILDING POOL,Conditional Pass,2,1,0,1,2
2150 CONDOS NORTH BUILDING SPA,Spa Indoor,2025-01-09,2150 CONDOS NORTH BUILDING POOL,Conditional Pass,5,2,1,2,4
2150 CONDOS NORTH BUILDING SPA,Spa Indoor,2025-01-13,2150 CONDOS NORTH BUILDING POOL,Pass,0,0,0,0,0
2150 CONDOS NORTH BUILDING SPA,Spa Indoor,2025-04-30,2150 CONDOS NORTH BUILDING POOL,Pass,3,3,0,0,1
2150 CONDOS NORTH BUILDING SPA,Spa Indoor,2025-07-31,2150 CONDOS NORTH BUILDING POOL,Conditional Pass,2,1,0,1,2
2150 CONDOS NORTH BUILDING SPA,Spa Indoor,2025-08-05,2150 CONDOS NORTH BUILDING POOL,Pass,0,0,0,0,0
2150 CONDOS NORTH BUILDING SPA,Spa Indoor,2025-10-16,2150 CONDOS NORTH BUILDING POOL,Conditional Pass,2,0,1,1,1
2150 CONDOS NORTH BUILDING SPA,Spa Indoor,2025-10-27,2150 CONDOS NORTH BUILDING POOL,Closed,3,0,1,2,3
2150 CONDOS NORTH BUILDING SPA,Spa Indoor,2025-10-31,2150 CONDOS NORTH BUILDING POOL,Pass,1,1,0,0,1
2150 CONDOS NORTH BUILDING SPA,Spa Indoor,2026-01-09,2150 CONDOS NORTH BUILDING POOL,Closed,6,3,1,2,4
2150 CONDOS NORTH BUILDING SPA,Spa Indoor,2026-01-19,2150 CONDOS NORTH BUILDING POOL,Pass,2,2,0,0,2
2150 CONDOS NORTH BUILDING SPA,Spa Indoor,2026-04-15,2150 CONDOS NORTH BUILDING POOL,Pass,3,3,0,0,3
2150 CONDOS NORTH BUILDING SPA,Spa Indoor,2026-07-13,2150 CONDOS NORTH BUILDING POOL,Pass,1,1,0,0,1
22 WELLESLEY CONDOMINIUM,Spa Outdoor,2026-08-13,22 WELLESLEY CONDOMINIUM,Conditional Pass,4,2,1,1,3
22 WELLESLEY CONDOMINIUM,Spa Outdoor,2026-08-19,22 WELLESLEY CONDOMINIUM,Pass,1,1,0,0,1
225 VAN HORNE APT POOL/LEONARD TOWERS,Outdoor Pool,2025-08-18,225 VAN HORNE APT,Pass,1,1,0,0,1
25 SUNRISE AVE POOL,Outdoor Pool,2024-08-28,25 SUNRISE AVE,Closed,9,5,2,2,6
25 SUNRISE AVE POOL,Outdoor Pool,2024-08-30,25 SUNRISE AVE,Pass,0,0,0,0,0
25 SUNRISE AVE POOL,Outdoor Pool,2025-06-23,25 SUNRISE AVE,Closed,2,0,0,2,2
25 SUNRISE AVE POOL,Outdoor Pool,2025-06-24,25 SUNRISE AVE,Pass,0,0,0,0,0
25 SUNRISE AVE POOL,Outdoor Pool,2026-06-23,25 SUNRISE AVE,Pass,3,3,0,0,2
260  SCARLETT ROAD,Outdoor Pool,2024-08-01,260 SCARLETT RD,Conditional Pass,3,2,1,0,2
260  SCARLETT ROAD,Outdoor Pool,2024-08-14,260 SCARLETT RD,Conditional Pass,6,2,2,2,3
260  SCARLETT ROAD,Outdoor Pool,2026-07-17,260 SCARLETT RD,Closed,10,4,2,4,7
260  SCARLETT ROAD,Outdoor Pool,2026-07-22,260 SCARLETT RD,Conditional Pass,7,3,2,2,4
260  SCARLETT ROAD,Outdoor Pool,2026-07-27,260 SCARLETT RD,Pass,1,1,0,0,1
265 RIDLEY BLVD POOL,Outdoor Pool,2024-09-11,265 RIDLEY BLVD,Closed,2,0,0,2,2
265 RIDLEY BLVD POOL,Outdoor Pool,2024-09-13,265 RIDLEY BLVD,Pass,2,1,1,0,2
265 RIDLEY BLVD POOL,Outdoor Pool,2025-06-20,265 RIDLEY BLVD,Conditional Pass,4,1,2,1,4
265 RIDLEY BLVD POOL,Outdoor Pool,2025-08-05,265 RIDLEY BLVD,Pass,0,0,0,0,0
265 RIDLEY BLVD POOL,Outdoor Pool,2026-06-11,265 RIDLEY BLVD,Pass,4,4,0,0,2
265 RIDLEY BLVD POOL,Outdoor Pool,2026-09-21,265 RIDLEY BLVD,Pass,4,3,1,0,3
300 ANTIBES DRIVE - OUTDOOR POOL,Outdoor Pool,2026-07-28,300 ANTIBES DRIVE - OUTDOOR POOL,Conditional Pass,3,1,0,2,3
300 ANTIBES DRIVE - OUTDOOR POOL,Outdoor Pool,2026-08-10,300 ANTIBES DRIVE - OUTDOOR POOL,Pass,0,0,0,0,0
300 FRONT CLUB POOL,Outdoor Pool,2024-08-29,300 FRONT CLUB,Pass,0,0,0,0,0
300 FRONT CLUB POOL,Outdoor Pool,2025-05-28,300 FRONT CLUB,Pass,1,1,0,0,1
300 FRONT CLUB POOL,Outdoor Pool,2026-08-12,300 FRONT CLUB,Pass,0,0,0,0,0
3018 YONGE IN LAWRENCE PARK - SPA,Spa Outdoor,2024-08-27,3018 YONGE IN LAWPRENCE PRK-SPA,Pass,1,0,1,0,1
3018 YONGE IN LAWRENCE PARK - SPA,Spa Outdoor,2025-07-02,3018 YONGE IN LAWPRENCE PRK-SPA,Conditional Pass,6,1,4,1,3
3018 YONGE IN LAWRENCE PARK - SPA,Spa Outdoor,2025-07-08,3018 YONGE IN LAWPRENCE PRK-SPA,Pass,0,0,0,0,0
3018 YONGE IN LAWRENCE PARK - SPA,Spa Outdoor,2026-06-11,3018 YONGE IN LAWPRENCE PRK-SPA,Pass,1,1,0,0,1
3018 YONGE IN LAWRENCE PARK-POOL,Outdoor Pool,2024-08-27,3018 YONGE IN LAWPRENCE PRK-SPA,Pass,2,1,1,0,2
3018 YONGE IN LAWRENCE PARK-POOL,Outdoor Pool,2025-07-02,3018 YONGE IN LAWPRENCE PRK-SPA,Conditional Pass,3,0,3,0,3
3018 YONGE IN LAWRENCE PARK-POOL,Outdoor Pool,2025-07-08,3018 YONGE IN LAWPRENCE PRK-SPA,Pass,0,0,0,0,0
3018 YONGE IN LAWRENCE PARK-POOL,Outdoor Pool,2026-06-11,3018 YONGE IN LAWPRENCE PRK-SPA,Pass,0,0,0,0,0
33 EASTMOUNT AVE.,Indoor Pool,2024-07-15,33 EASTMOUNT AVE.,Pass,2,2,0,0,2
33 EASTMOUNT AVE.,Indoor Pool,2024-10-24,33 EASTMOUNT AVE.,Conditional Pass,1,0,0,1,1
33 EASTMOUNT AVE.,Indoor Pool,2024-10-30,33 EASTMOUNT AVE.,Pass,0,0,0,0,0
33 EASTMOUNT AVE.,Indoor Pool,2025-01-28,33 EASTMOUNT AVE.,Pass,2,2,0,0,2
33 EASTMOUNT AVE.,Indoor Pool,2025-05-05,33 EASTMOUNT AVE.,Pass,4,4,0,0,2
33 EASTMOUNT AVE.,Indoor Pool,2025-07-17,33 EASTMOUNT AVE.,Pass,1,1,0,0,1
33 EASTMOUNT AVE.,Indoor Pool,2025-10-09,33 EASTMOUNT AVE.,Pass,0,0,0,0,0
33 EASTMOUNT AVE.,Indoor Pool,2026-01-05,33 EASTMOUNT AVE.,Pass,2,2,0,0,2
33 EASTMOUNT AVE.,Indoor Pool,2026-04-08,33 EASTMOUNT AVE.,Pass,2,2,0,0,2
33 EASTMOUNT AVE.,Indoor Pool,2026-07-22,33 EASTMOUNT AVE.,Conditional Pass,3,1,1,1,2
33 EASTMOUNT AVE.,Indoor Pool,2026-08-17,33 EASTMOUNT AVE.,Pass,2,2,0,0,2
33 HARBOUR SQUARE,Indoor Pool,2024-08-20,33 HARBOUR SQUARE,Pass,1,1,0,0,1
33 HARBOUR SQUARE,Indoor Pool,2024-11-20,33 HARBOUR SQUARE,Pass,0,0,0,0,0
33 HARBOUR SQUARE,Indoor Pool,2025-03-06,33 HARBOUR SQUARE,Pass,1,1,0,0,1
33 HARBOUR SQUARE,Indoor Pool,2025-05-20,33 HARBOUR SQUARE,Closed,3,1,0,2,3
33 HARBOUR SQUARE,Indoor Pool,2025-05-21,33 HARBOUR SQUARE,Pass,0,0,0,0,0
33 HARBOUR SQUARE,Indoor Pool,2026-01-28,33 HARBOUR SQUARE,Pass,0,0,0,0,0
33 HARBOUR SQUARE,Indoor Pool,2026-04-15,33 HARBOUR SQUARE,Pass,0,0,0,0,0
33 HARBOUR SQUARE,Indoor Pool,2026-09-21,33 HARBOUR SQUARE,Pass,0,0,0,0,0
35 ESTERBROOKE APT OUTDOOR POOL,Outdoor Pool,2024-07-12,35 ESTERBROOKE APT,Pass,3,3,0,0,3
35 ESTERBROOKE APT OUTDOOR POOL,Outdoor Pool,2025-08-26,35 ESTERBROOKE APT,Closed,5,1,1,3,4
35 ESTERBROOKE APT OUTDOOR POOL,Outdoor Pool,2025-08-28,35 ESTERBROOKE APT,Pass,0,0,0,0,0
35 ESTERBROOKE APT OUTDOOR POOL,Outdoor Pool,2026-09-01,35 ESTERBROOKE APT,Closed,3,0,0,3,3
355-365 GRANDRAVINE DRIVE,Outdoor Pool,2024-08-19,355-365 GRANDRAVINE DRIVE,Conditional Pass,6,4,1,1,6
355-365 GRANDRAVINE DRIVE,Outdoor Pool,2024-08-30,355-365 GRANDRAVINE DRIVE,Pass,0,0,0,0,0
355-365 GRANDRAVINE DRIVE,Outdoor Pool,2025-08-13,355-365 GRANDRAVINE DRIVE,Conditional Pass,5,3,1,1,2
355-365 GRANDRAVINE DRIVE,Outdoor Pool,2025-08-20,355-365 GRANDRAVINE DRIVE,Pass,0,0,0,0,0
355-365 GRANDRAVINE DRIVE,Outdoor Pool,2026-08-25,355-365 GRANDRAVINE DRIVE,Conditional Pass,2,0,0,2,2
355-365 GRANDRAVINE DRIVE,Outdoor Pool,2026-09-01,355-365 GRANDRAVINE DRIVE,Conditional Pass,1,0,0,1,1
355-365 GRANDRAVINE DRIVE,Outdoor Pool,2026-09-03,355-365 GRANDRAVINE DRIVE,Pass,0,0,0,0,0
360 AT CITY CENTRE INC.,Indoor Pool,2024-09-04,360 AT CITY CENTRE INC.,Pass,2,2,0,0,1
360 AT CITY CENTRE INC.,Indoor Pool,2024-11-01,360 AT CITY CENTRE INC.,Pass,0,0,0,0,0
360 AT CITY CENTRE INC.,Indoor Pool,2025-02-14,360 AT CITY CENTRE INC.,Pass,0,0,0,0,0
360 AT CITY CENTRE INC.,Indoor Pool,2025-05-29,360 AT CITY CENTRE INC.,Conditional Pass,3,0,3,0,2
360 AT CITY CENTRE INC.,Indoor Pool,2025-06-12,360 AT CITY CENTRE INC.,Pass,0,0,0,0,0
360 AT CITY CENTRE INC.,Indoor Pool,2025-08-25,360 AT CITY CENTRE INC.,Pass,4,3,1,0,2
360 AT CITY CENTRE INC.,Indoor Pool,2025-11-10,360 AT CITY CENTRE INC.,Conditional Pass,1,0,1,0,1
360 AT CITY CENTRE INC.,Indoor Pool,2025-12-01,360 AT CITY CENTRE INC.,Pass,0,0,0,0,0
360 AT CITY CENTRE INC.,Indoor Pool,2026-02-09,360 AT CITY CENTRE INC.,Pass,1,1,0,0,1
360 AT CITY CENTRE INC.,Indoor Pool,2026-04-13,360 AT CITY CENTRE INC.,Pass,1,1,0,0,1
3744 ST. CLAIR,Outdoor Pool,2024-08-12,3744 ST. CLAIR,Conditional Pass,5,4,0,1,3
3744 ST. CLAIR,Outdoor Pool,2024-08-16,3744 ST. CLAIR,Pass,2,2,0,0,1
3744 ST. CLAIR,Outdoor Pool,2025-07-07,3744 ST. CLAIR,Pass,2,2,0,0,2
3744 ST. CLAIR,Outdoor Pool,2026-07-10,3744 ST. CLAIR,Pass,2,2,0,0,2
400 KING WEST CONDOS,Outdoor Pool,2026-06-24,400 KING STREET WEST CONDO,Pass,0,0,0,0,0
414 WILLOWDALE APT POOL,Outdoor Pool,2024-07-25,414 WILLOWDALE APT POOL,Pass,5,4,1,0,3
414 WILLOWDALE APT POOL,Outdoor Pool,2025-07-15,414 WILLOWDALE APT POOL,Pass,3,3,0,0,3
414 WILLOWDALE APT POOL,Outdoor Pool,2026-07-22,414 WILLOWDALE APT POOL,Conditional Pass,7,4,2,1,3
414 WILLOWDALE APT POOL,Outdoor Pool,2026-08-10,414 WILLOWDALE APT POOL,Pass,0,0,0,0,0
415 WILLOWDALE APT POOL,Outdoor Pool,2024-08-07,415 WILLOWDALE APT,Pass,5,4,1,0,3
415 WILLOWDALE APT POOL,Outdoor Pool,2025-07-31,415 WILLOWDALE APT,Closed,7,4,0,3,5
415 WILLOWDALE APT POOL,Outdoor Pool,2025-08-06,415 WILLOWDALE APT,Pass,0,0,0,0,0
415 WILLOWDALE APT POOL,Outdoor Pool,2026-07-06,415 WILLOWDALE APT,Closed,9,3,3,3,7
415 WILLOWDALE APT POOL,Outdoor Pool,2026-07-07,415 WILLOWDALE APT,Pass,2,1,1,0,2
44 STUBBS DR INDOOL POOL,Indoor Pool,2024-09-18,44 STUBBS DR,Pass,3,3,0,0,1
44 STUBBS DR INDOOL POOL,Indoor Pool,2024-11-28,44 STUBBS DR,Pass,0,0,0,0,0
44 STUBBS DR INDOOL POOL,Indoor Pool,2025-02-26,44 STUBBS DR,Pass,0,0,0,0,0
44 STUBBS DR INDOOL POOL,Indoor Pool,2025-05-12,44 STUBBS DR,Pass,0,0,0,0,0
44 STUBBS DR INDOOL POOL,Indoor Pool,2025-09-26,44 STUBBS DR,Pass,0,0,0,0,0
44 STUBBS DR INDOOL POOL,Indoor Pool,2025-11-18,44 STUBBS DR,Pass,0,0,0,0,0
44 STUBBS DR INDOOL POOL,Indoor Pool,2026-02-26,44 STUBBS DR,Pass,0,0,0,0,0
44 STUBBS DR INDOOL POOL,Indoor Pool,2026-06-24,44 STUBBS DR,Conditional Pass,1,0,0,1,1
44 STUBBS DR INDOOL POOL,Indoor Pool,2026-07-21,44 STUBBS DR,Pass,0,0,0,0,0
48 & 50 POWER ST,Outdoor Pool,2024-09-20,48 & 50 POWER ST,Pass,3,3,0,0,3
48 & 50 POWER ST,Outdoor Pool,2025-08-12,48 & 50 POWER ST,Conditional Pass,3,1,0,2,2
48 & 50 POWER ST,Outdoor Pool,2025-08-14,48 & 50 POWER ST,Pass,0,0,0,0,0
48 & 50 POWER ST,Outdoor Pool,2026-08-28,48 & 50 POWER ST,Pass,0,0,0,0,0
5 BRAHMS AVE POOL,Outdoor Pool,2025-07-03,5 BRAHMS AVE,Conditional Pass,2,1,0,1,1
5 BRAHMS AVE POOL,Outdoor Pool,2026-08-17,5 BRAHMS AVE,Conditional Pass,10,6,2,2,5
5 PARKWAY FOREST POOL,Outdoor Pool,2025-06-20,5 PARKWAY FOREST,Pass,2,2,0,0,2
5 ST JOSEPH CONDO - WOMEN'S SPA,Spa Indoor,2024-08-19,5 ST JOSEPH COND - MEN'S SPA,Closed,2,0,1,1,2
5 ST JOSEPH CONDO - WOMEN'S SPA,Spa Indoor,2024-08-26,5 ST JOSEPH COND - MEN'S SPA,Pass,0,0,0,0,0
5 ST JOSEPH CONDO - WOMEN'S SPA,Spa Indoor,2024-11-21,5 ST JOSEPH COND - MEN'S SPA,Closed,2,0,0,2,2
5 ST JOSEPH CONDO - WOMEN'S SPA,Spa Indoor,2024-11-26,5 ST JOSEPH COND - MEN'S SPA,Pass,0,0,0,0,0
5 ST JOSEPH CONDO - WOMEN'S SPA,Spa Indoor,2025-03-21,5 ST JOSEPH COND - MEN'S SPA,Pass,9,9,0,0,3
5 ST JOSEPH CONDO - WOMEN'S SPA,Spa Indoor,2025-06-19,5 ST JOSEPH COND - MEN'S SPA,Pass,10,9,1,0,3
5 ST JOSEPH CONDO - WOMEN'S SPA,Spa Indoor,2025-12-04,5 ST JOSEPH COND - MEN'S SPA,Conditional Pass,14,12,1,1,3
5 ST JOSEPH CONDO - WOMEN'S SPA,Spa Indoor,2026-03-31,5 ST JOSEPH COND - MEN'S SPA,Pass,4,4,0,0,3
5 ST JOSEPH CONDO - WOMEN'S SPA,Spa Indoor,2026-06-23,5 ST JOSEPH COND - MEN'S SPA,Pass,5,5,0,0,3
5 ST. JOSEPH'S CONDO - MEN'S SPA,Spa Indoor,2024-08-19,5 ST JOSEPH COND - MEN'S SPA,Closed,2,0,0,2,2
5 ST. JOSEPH'S CONDO - MEN'S SPA,Spa Indoor,2024-08-26,5 ST JOSEPH COND - MEN'S SPA,Pass,0,0,0,0,0
5 ST. JOSEPH'S CONDO - MEN'S SPA,Spa Indoor,2024-11-27,5 ST JOSEPH COND - MEN'S SPA,Pass,0,0,0,0,0
5 ST. JOSEPH'S CONDO - MEN'S SPA,Spa Indoor,2025-03-21,5 ST JOSEPH COND - MEN'S SPA,Pass,10,10,0,0,3
5 ST. JOSEPH'S CONDO - MEN'S SPA,Spa Indoor,2025-06-19,5 ST JOSEPH COND - MEN'S SPA,Pass,11,10,1,0,3
5 ST. JOSEPH'S CONDO - MEN'S SPA,Spa Indoor,2025-12-04,5 ST JOSEPH COND - MEN'S SPA,Conditional Pass,13,11,1,1,3
5 ST. JOSEPH'S CONDO - MEN'S SPA,Spa Indoor,2026-03-31,5 ST JOSEPH COND - MEN'S SPA,Pass,4,4,0,0,2
5 ST. JOSEPH'S CONDO - MEN'S SPA,Spa Indoor,2026-06-23,5 ST JOSEPH COND - MEN'S SPA,Pass,5,5,0,0,3
50 WELLESLEY,Outdoor Pool,2024-09-26,50 WELLESLEY,Pass,7,7,0,0,2
50 WELLESLEY,Outdoor Pool,2025-08-14,50 WELLESLEY,Conditional Pass,10,7,3,0,4
50 WELLESLEY,Outdoor Pool,2026-09-21,50 WELLESLEY,Pass,6,6,0,0,2
501 ST CLAIR AVENUE WEST POOL,Outdoor Pool,2024-08-28,501 ST CLAIR AVENUE WEST POOL,Pass,1,1,0,0,1
501 ST CLAIR AVENUE WEST POOL,Outdoor Pool,2025-07-29,501 ST CLAIR AVENUE WEST POOL,Pass,7,7,0,0,3
501 ST CLAIR AVENUE WEST POOL,Outdoor Pool,2026-06-09,501 ST CLAIR AVENUE WEST POOL,Conditional Pass,10,9,1,0,5
501 ST CLAIR AVENUE WEST POOL,Outdoor Pool,2026-06-12,501 ST CLAIR AVENUE WEST POOL,Pass,0,0,0,0,0
53 VALLEY WOODS POOL,Outdoor Pool,2024-07-12,53 VALLEY WOODS POOL,Conditional Pass,9,4,3,2,5
53 VALLEY WOODS POOL,Outdoor Pool,2024-07-26,53 VALLEY WOODS POOL,Pass,0,0,0,0,0
53 VALLEY WOODS POOL,Outdoor Pool,2025-07-03,53 VALLEY WOODS POOL,Closed,6,2,2,2,5
53 VALLEY WOODS POOL,Outdoor Pool,2025-07-10,53 VALLEY WOODS POOL,Pass,0,0,0,0,0
53 VALLEY WOODS POOL,Outdoor Pool,2026-07-30,53 VALLEY WOODS POOL,Conditional Pass,15,8,3,4,6
53 VALLEY WOODS POOL,Outdoor Pool,2026-08-04,53 VALLEY WOODS POOL,Closed,12,3,3,6,6
53 VALLEY WOODS POOL,Outdoor Pool,2026-08-07,53 VALLEY WOODS POOL,Pass,3,3,0,0,3
543 RICHMOND ST W,Outdoor Pool,2024-09-17,543 RICHMOND ST W,Pass,0,0,0,0,0
543 RICHMOND ST W,Outdoor Pool,2025-07-29,543 RICHMOND ST W,Pass,0,0,0,0,0
55 PRINCE ARTHUR AVENUE CONDOMINIUMS   (M.T.C.C. 717 ),Indoor Pool,2024-07-10,55 PRINCE ARTHUR AVENUE CONDOMINIUMS,Pass,0,0,0,0,0
55 PRINCE ARTHUR AVENUE CONDOMINIUMS   (M.T.C.C. 717 ),Indoor Pool,2024-10-29,55 PRINCE ARTHUR AVENUE CONDOMINIUMS,Pass,0,0,0,0,0
55 PRINCE ARTHUR AVENUE CONDOMINIUMS   (M.T.C.C. 717 ),Indoor Pool,2025-02-06,55 PRINCE ARTHUR AVENUE CONDOMINIUMS,Pass,0,0,0,0,0
55 PRINCE ARTHUR AVENUE CONDOMINIUMS   (M.T.C.C. 717 ),Indoor Pool,2025-04-30,55 PRINCE ARTHUR AVENUE CONDOMINIUMS,Pass,0,0,0,0,0
55 PRINCE ARTHUR AVENUE CONDOMINIUMS   (M.T.C.C. 717 ),Indoor Pool,2025-07-31,55 PRINCE ARTHUR AVENUE CONDOMINIUMS,Pass,0,0,0,0,0
55 PRINCE ARTHUR AVENUE CONDOMINIUMS   (M.T.C.C. 717 ),Indoor Pool,2025-12-11,55 PRINCE ARTHUR AVENUE CONDOMINIUMS,Pass,0,0,0,0,0
55 PRINCE ARTHUR AVENUE CONDOMINIUMS   (M.T.C.C. 717 ),Indoor Pool,2026-03-19,55 PRINCE ARTHUR AVENUE CONDOMINIUMS,Pass,0,0,0,0,0
55 PRINCE ARTHUR AVENUE CONDOMINIUMS   (M.T.C.C. 717 ),Indoor Pool,2026-06-18,55 PRINCE ARTHUR AVENUE CONDOMINIUMS,Pass,0,0,0,0,0
55 SKYMARK CONDO OUTDOOR POOL,Outdoor Pool,2024-08-30,SKYMARK PLACE,Pass,0,0,0,0,0
55 SKYMARK CONDO OUTDOOR POOL,Outdoor Pool,2025-07-28,SKYMARK PLACE,Conditional Pass,4,0,1,3,3
55 SKYMARK CONDO OUTDOOR POOL,Outdoor Pool,2025-08-01,SKYMARK PLACE,Pass,0,0,0,0,0
55 SKYMARK CONDO OUTDOOR POOL,Outdoor Pool,2026-07-30,SKYMARK PLACE,Pass,3,2,1,0,3
55 WYNFORD HEIGHTS CRESCENT POOL,Outdoor Pool,2024-08-07,55 WYNFORD HEIGHTS CRESCENT,Conditional Pass,5,4,0,1,4
55 WYNFORD HEIGHTS CRESCENT POOL,Outdoor Pool,2024-08-12,55 WYNFORD HEIGHTS CRESCENT,Pass,0,0,0,0,0
55 WYNFORD HEIGHTS CRESCENT POOL,Outdoor Pool,2025-07-30,55 WYNFORD HEIGHTS CRESCENT,Conditional Pass,11,5,4,2,4
55 WYNFORD HEIGHTS CRESCENT POOL,Outdoor Pool,2026-08-28,55 WYNFORD HEIGHTS CRESCENT,Closed,8,5,0,3,6
56 CASSANDRA POOL,Outdoor Pool,2024-07-09,56 CASSANDRA,Conditional Pass,5,2,1,2,3
56 CASSANDRA POOL,Outdoor Pool,2024-07-22,56 CASSANDRA,Pass,2,1,1,0,2
56 CASSANDRA POOL,Outdoor Pool,2025-07-21,56 CASSANDRA,Conditional Pass,8,4,2,2,3
56 CASSANDRA POOL,Outdoor Pool,2025-08-20,56 CASSANDRA,Closed,4,1,0,3,4
56 CASSANDRA POOL,Outdoor Pool,2025-08-27,56 CASSANDRA,Conditional Pass,2,0,1,1,2
60 COLBORNE,Outdoor Pool,2026-08-31,60 COLBORNE,Pass,0,0,0,0,0
63 WIDDICOMBE HILL BLVD POOL,Indoor Pool,2024-09-23,HUNTINGWOOD PLACE 1,Pass,1,1,0,0,1
63 WIDDICOMBE HILL BLVD POOL,Indoor Pool,2025-02-06,HUNTINGWOOD PLACE 1,Pass,0,0,0,0,0
63 WIDDICOMBE HILL BLVD POOL,Indoor Pool,2025-04-30,HUNTINGWOOD PLACE 1,Pass,4,4,0,0,1
63 WIDDICOMBE HILL BLVD POOL,Indoor Pool,2025-09-09,HUNTINGWOOD PLACE 1,Pass,0,0,0,0,0
63 WIDDICOMBE HILL BLVD POOL,Indoor Pool,2025-12-17,HUNTINGWOOD PLACE 1,Pass,2,1,1,0,1
63 WIDDICOMBE HILL BLVD POOL,Indoor Pool,2026-02-27,HUNTINGWOOD PLACE 1,Pass,1,1,0,0,1
63 WIDDICOMBE HILL BLVD POOL,Indoor Pool,2026-05-01,HUNTINGWOOD PLACE 1,Pass,0,0,0,0,0
63 WIDDICOMBE HILL BLVD POOL,Indoor Pool,2026-08-31,HUNTINGWOOD PLACE 1,Pass,2,2,0,0,2
64 BATHURST ST,Spa Outdoor,2026-07-28,64 BATHURST ST,Pass,0,0,0,0,0
7-9 ROANOKE RD POOL,Outdoor Pool,2024-08-01,7-9 ROANOKE RD,Conditional Pass,6,2,2,2,4
7-9 ROANOKE RD POOL,Outdoor Pool,2025-07-08,7-9 ROANOKE RD,Conditional Pass,11,7,1,3,6
7-9 ROANOKE RD POOL,Outdoor Pool,2025-08-26,7-9 ROANOKE RD,Conditional Pass,8,4,2,2,4
7-9 ROANOKE RD POOL,Outdoor Pool,2026-07-24,7-9 ROANOKE RD,Closed,22,13,2,7,7
7-9 ROANOKE RD POOL,Outdoor Pool,2026-07-30,7-9 ROANOKE RD,Pass,0,0,0,0,0
7-9 ROANOKE RD POOL,Outdoor Pool,2026-08-10,7-9 ROANOKE RD,Closed,10,5,2,3,6
75 ON THE ESPLANADE,Outdoor Pool,2024-09-12,75 ON THE ESPLANADE,Pass,1,1,0,0,1
75 ON THE ESPLANADE,Outdoor Pool,2025-07-11,75 ON THE ESPLANADE,Pass,1,1,0,0,1
75 ON THE ESPLANADE,Outdoor Pool,2026-07-24,75 ON THE ESPLANADE,Pass,1,1,0,0,1
775 STEELES AVE W APT OUTDOOR POOL,Outdoor Pool,2024-07-25,775 STEELES AVE W APT,Pass,3,2,1,0,3
775 STEELES AVE W APT OUTDOOR POOL,Outdoor Pool,2025-08-20,775 STEELES AVE W APT,Pass,1,0,1,0,1
775 STEELES AVE W APT POOL,Outdoor Pool,2026-08-24,775 STEELES AVE W APT POOL,Closed,4,0,0,4,4
80 & 100 YORKVILLE AVE.,Indoor Pool,2024-09-04,80 YORKVILLE AVE,Pass,0,0,0,0,0
80 & 100 YORKVILLE AVE.,Indoor Pool,2024-12-02,80 YORKVILLE AVE,Pass,0,0,0,0,0
80 & 100 YORKVILLE AVE.,Indoor Pool,2025-03-25,80 YORKVILLE AVE,Pass,0,0,0,0,0
80 & 100 YORKVILLE AVE.,Indoor Pool,2025-06-24,80 YORKVILLE AVE,Pass,0,0,0,0,0
80 & 100 YORKVILLE AVE.,Indoor Pool,2025-09-23,80 YORKVILLE AVE,Pass,0,0,0,0,0
80 & 100 YORKVILLE AVE.,Indoor Pool,2025-12-04,80 YORKVILLE AVE,Pass,0,0,0,0,0
80 & 100 YORKVILLE AVE.,Indoor Pool,2026-03-11,80 YORKVILLE AVE,Pass,0,0,0,0,0
80 & 100 YORKVILLE AVE.,Spa Indoor,2024-09-04,80 YORKVILLE AVE,Conditional Pass,1,0,1,0,1
80 & 100 YORKVILLE AVE.,Spa Indoor,2024-12-02,80 YORKVILLE AVE,Pass,2,2,0,0,2
83 REDPATH,Spa Outdoor,2024-08-21,83 REDPATH,Pass,0,0,0,0,0
83 REDPATH,Spa Outdoor,2025-05-08,83 REDPATH,Pass,2,2,0,0,2
83 REDPATH,Spa Outdoor,2025-09-02,83 REDPATH,Closed,5,1,1,3,4
83 REDPATH,Spa Outdoor,2025-09-09,83 REDPATH,Pass,0,0,0,0,0
83 REDPATH,Spa Outdoor,2026-07-08,83 REDPATH,Pass,0,0,0,0,0
850 HUNTINGWOOD DRIVE OUTDOOR CLASS B POOL,Outdoor Pool,2024-07-31,850 HUNTINGWOOD DRIVE,Pass,2,2,0,0,1
850 HUNTINGWOOD DRIVE OUTDOOR CLASS B POOL,Outdoor Pool,2025-07-08,850 HUNTINGWOOD DRIVE,Conditional Pass,4,0,1,3,3
850 HUNTINGWOOD DRIVE OUTDOOR CLASS B POOL,Outdoor Pool,2026-07-07,850 HUNTINGWOOD DRIVE,Conditional Pass,5,1,0,4,2
850 HUNTINGWOOD DRIVE OUTDOOR CLASS B POOL,Outdoor Pool,2026-08-07,850 HUNTINGWOOD DRIVE,Pass,0,0,0,0,0
86 GLOUCESTER,Outdoor Pool,2025-09-11,86 GLOUCESTER,Pass,8,8,0,0,3
86 GLOUCESTER,Outdoor Pool,2026-09-14,86 GLOUCESTER,Conditional Pass,11,7,3,1,5
88 NORTH,Outdoor Pool,2024-07-29,88 NORTH,Pass,1,1,0,0,1
88 NORTH,Outdoor Pool,2025-06-16,88 NORTH,Conditional Pass,2,0,0,2,2
88 NORTH,Outdoor Pool,2025-06-23,88 NORTH,Pass,0,0,0,0,0
88 NORTH,Outdoor Pool,2026-07-17,88 NORTH,Pass,1,1,0,0,1
88 NORTH,Outdoor Pool,2026-09-14,88 NORTH,Pass,0,0,0,0,0
88 NORTH BUILDING B MUTUAL ST,Spa Outdoor,2025-06-19,88 NORTH BUILDING B MUTUAL ST,Pass,0,0,0,0,0
88 NORTH BUILDING B MUTUAL ST,Spa Outdoor,2026-06-05,88 NORTH BUILDING B MUTUAL ST,Pass,0,0,0,0,0
88 NORTH BUILDING B MUTUAL ST,Spa Outdoor,2026-09-15,88 NORTH BUILDING B MUTUAL ST,Conditional Pass,3,0,0,3,3
88QUEEN,Outdoor Pool,2026-06-03,88QUEEN,Conditional Pass,1,0,0,1,1
88QUEEN,Outdoor Pool,2026-06-05,88QUEEN,Closed,4,1,0,3,4
88QUEEN,Outdoor Pool,2026-06-12,88QUEEN,Pass,0,0,0,0,0
88QUEEN,Spa Outdoor,2026-06-03,88QUEEN,Conditional Pass,2,0,0,2,2
88QUEEN,Spa Outdoor,2026-06-05,88QUEEN,Closed,3,0,1,2,2
99 GERRARD ST W,Indoor Pool,2024-08-01,99 GERRARD ST W,Pass,0,0,0,0,0
99 GERRARD ST W,Indoor Pool,2024-10-30,99 GERRARD ST W,Pass,0,0,0,0,0
99 GERRARD ST W,Indoor Pool,2025-03-17,99 GERRARD ST W,Pass,0,0,0,0,0
99 GERRARD ST W,Indoor Pool,2025-05-12,99 GERRARD ST W,Conditional Pass,1,0,1,0,1
99 GERRARD ST W,Indoor Pool,2025-05-16,99 GERRARD ST W,Pass,0,0,0,0,0
99 GERRARD ST W,Indoor Pool,2025-10-27,99 GERRARD ST W,Pass,0,0,0,0,0
99 GERRARD ST W,Indoor Pool,2026-03-19,99 GERRARD ST W,Pass,1,1,0,0,1
99 GERRARD ST W,Indoor Pool,2026-06-25,99 GERRARD ST W,Pass,1,1,0,0,1
9T6,Spa Outdoor,2024-09-19,96 ST PATRICK ST,Conditional Pass,1,0,1,0,1
9T6,Spa Outdoor,2024-10-11,96 ST PATRICK ST,Pass,0,0,0,0,0
9T6,Spa Outdoor,2025-07-22,96 ST PATRICK ST,Pass,0,0,0,0,0
9T6,Spa Outdoor,2026-07-22,96 ST PATRICK ST,Pass,0,0,0,0,0
9T6,Spa Outdoor,2026-09-14,96 ST PATRICK ST,Pass,0,0,0,0,0
A Y JACKSON HIGH SCHOOL POOL,Indoor Pool,2024-09-17,A Y JACKSON HIGH SCHOOL,Pass,0,0,0,0,0
A Y JACKSON HIGH SCHOOL POOL,Indoor Pool,2024-10-30,A Y JACKSON HIGH SCHOOL,Pass,0,0,0,0,0
A Y JACKSON HIGH SCHOOL POOL,Indoor Pool,2025-01-23,A Y JACKSON HIGH SCHOOL,Pass,0,0,0,0,0
A Y JACKSON HIGH SCHOOL POOL,Indoor Pool,2025-04-22,A Y JACKSON HIGH SCHOOL,Pass,0,0,0,0,0
A Y JACKSON HIGH SCHOOL POOL,Indoor Pool,2025-08-22,A Y JACKSON HIGH SCHOOL,Pass,0,0,0,0,0
A Y JACKSON HIGH SCHOOL POOL,Indoor Pool,2025-11-06,A Y JACKSON HIGH SCHOOL,Pass,3,3,0,0,2
A Y JACKSON HIGH SCHOOL POOL,Indoor Pool,2026-02-20,A Y JACKSON HIGH SCHOOL,Pass,4,4,0,0,3
A Y JACKSON HIGH SCHOOL POOL,Indoor Pool,2026-04-10,A Y JACKSON HIGH SCHOOL,Pass,2,2,0,0,2
A Y JACKSON HIGH SCHOOL POOL,Indoor Pool,2026-08-10,A Y JACKSON HIGH SCHOOL,Conditional Pass,5,2,1,2,3
ACADEMY PLACE,Indoor Pool,2024-09-29,ACADEMY PLACE,Pass,0,0,0,0,0
ACADEMY PLACE,Indoor Pool,2025-02-11,ACADEMY PLACE,Conditional Pass,2,1,0,1,2
ACADEMY PLACE,Indoor Pool,2025-02-14,ACADEMY PLACE,Pass,0,0,0,0,0
ACADEMY PLACE,Indoor Pool,2025-05-08,ACADEMY PLACE,Pass,1,1,0,0,1
ACADEMY PLACE,Indoor Pool,2025-10-21,ACADEMY PLACE,Pass,0,0,0,0,0
ACADEMY PLACE,Indoor Pool,2026-05-08,ACADEMY PLACE,Pass,0,0,0,0,0
ACADEMY PLACE,Indoor Pool,2026-09-03,ACADEMY PLACE,Pass,5,4,1,0,2
ADELAIDE CLUB - WOMENS SPA,Spa Indoor,2024-08-07,ADELAIDE CLUB,Pass,0,0,0,0,0
ADELAIDE CLUB - WOMENS SPA,Spa Indoor,2024-12-03,ADELAIDE CLUB,Pass,0,0,0,0,0
ADELAIDE CLUB - WOMENS SPA,Spa Indoor,2025-03-18,ADELAIDE CLUB,Pass,1,1,0,0,1
ADELAIDE CLUB - WOMENS SPA,Spa Indoor,2025-05-27,ADELAIDE CLUB,Pass,0,0,0,0,0
ADELAIDE CLUB - WOMENS SPA,Spa Indoor,2026-01-27,ADELAIDE CLUB,Pass,0,0,0,0,0
ADELAIDE CLUB - WOMENS SPA,Spa Indoor,2026-04-13,ADELAIDE CLUB,Pass,0,0,0,0,0
ADELAIDE CLUB - WOMENS SPA,Spa Indoor,2026-09-23,ADELAIDE CLUB,Pass,0,0,0,0,0
ADELAIDE CLUB -TORONTO - MEN'S SPA,Spa Indoor,2024-09-13,ADELAIDE CLUB,Pass,0,0,0,0,0
ADELAIDE CLUB -TORONTO - MEN'S SPA,Spa Indoor,2024-12-06,ADELAIDE CLUB,Pass,0,0,0,0,0
ADELAIDE CLUB -TORONTO - MEN'S SPA,Spa Indoor,2025-03-07,ADELAIDE CLUB,Pass,0,0,0,0,0
ADELAIDE CLUB -TORONTO - MEN'S SPA,Spa Indoor,2025-06-27,ADELAIDE CLUB,Pass,0,0,0,0,0
ADELAIDE CLUB -TORONTO - MEN'S SPA,Spa Indoor,2026-01-09,ADELAIDE CLUB,Pass,2,2,0,0,2
ADELAIDE CLUB -TORONTO - MEN'S SPA,Spa Indoor,2026-06-12,ADELAIDE CLUB,Pass,0,0,0,0,0
AGINCOURT CONVERSATION (WHIRLPOOL),Spa Indoor,2025-03-19,AGINCOURT RECREATION CENTRE,Conditional Pass,2,1,0,1,2
AGINCOURT CONVERSATION (WHIRLPOOL),Spa Indoor,2025-03-21,AGINCOURT RECREATION CENTRE,Pass,1,1,0,0,1
AGINCOURT CONVERSATION (WHIRLPOOL),Spa Indoor,2025-06-26,AGINCOURT RECREATION CENTRE,Pass,0,0,0,0,0
AGINCOURT CONVERSATION (WHIRLPOOL),Spa Indoor,2025-09-23,AGINCOURT RECREATION CENTRE,Pass,2,1,1,0,2
AGINCOURT CONVERSATION (WHIRLPOOL),Spa Indoor,2026-03-27,AGINCOURT RECREATION CENTRE,Pass,0,0,0,0,0
AGINCOURT CONVERSATION (WHIRLPOOL),Spa Indoor,2026-06-24,AGINCOURT RECREATION CENTRE,Conditional Pass,1,0,1,0,1
AGINCOURT CONVERSATION (WHIRLPOOL),Spa Indoor,2026-08-28,AGINCOURT RECREATION CENTRE,Conditional Pass,2,0,1,1,2
AGINCOURT MAIN POOL,Indoor Pool,2024-09-20,AGINCOURT RECREATION CENTRE,Pass,0,0,0,0,0
AGINCOURT MAIN POOL,Indoor Pool,2025-03-19,AGINCOURT RECREATION CENTRE,Pass,1,1,0,0,1
AGINCOURT MAIN POOL,Indoor Pool,2025-06-26,AGINCOURT RECREATION CENTRE,Pass,1,1,0,0,1
AGINCOURT MAIN POOL,Indoor Pool,2025-09-23,AGINCOURT RECREATION CENTRE,Pass,1,0,1,0,1
AGINCOURT MAIN POOL,Indoor Pool,2026-03-18,AGINCOURT RECREATION CENTRE,Pass,0,0,0,0,0
AGINCOURT MAIN POOL,Indoor Pool,2026-06-24,AGINCOURT RECREATION CENTRE,Pass,1,1,0,0,1
AGINCOURT MAIN POOL,Indoor Pool,2026-07-24,AGINCOURT RECREATION CENTRE,Pass,2,2,0,0,2
AGINCOURT TOT TEACHING POOL,Indoor Pool,2024-09-20,AGINCOURT RECREATION CENTRE,Pass,0,0,0,0,0
AGINCOURT TOT TEACHING POOL,Indoor Pool,2025-03-19,AGINCOURT RECREATION CENTRE,Pass,2,1,1,0,2
AGINCOURT TOT TEACHING POOL,Indoor Pool,2025-06-26,AGINCOURT RECREATION CENTRE,Pass,1,1,0,0,1
AGINCOURT TOT TEACHING POOL,Indoor Pool,2025-09-23,AGINCOURT RECREATION CENTRE,Pass,1,0,1,0,1
AGINCOURT TOT TEACHING POOL,Indoor Pool,2026-03-18,AGINCOURT RECREATION CENTRE,Pass,2,2,0,0,2
AGINCOURT TOT TEACHING POOL,Indoor Pool,2026-06-24,AGINCOURT RECREATION CENTRE,Pass,0,0,0,0,0
AGINCOURT TOT TEACHING POOL,Indoor Pool,2026-07-24,AGINCOURT RECREATION CENTRE,Pass,0,0,0,0,0
AIRE ANCIENT BATHS (CALDARIUM),Indoor Pool,2026-03-31,AIRE ANCIENT BATHS (CALDARIUM),Pass,0,0,0,0,0
AIRE ANCIENT BATHS (CALDARIUM),Indoor Pool,2026-06-24,AIRE ANCIENT BATHS (CALDARIUM),Pass,0,0,0,0,0
AIRE ANCIENT BATHS (FLOATARIUM),Indoor Pool,2026-03-31,AIRE ANCIENT BATHS (CALDARIUM),Pass,0,0,0,0,0
AIRE ANCIENT BATHS (FLOATARIUM),Indoor Pool,2026-06-24,AIRE ANCIENT BATHS (CALDARIUM),Pass,0,0,0,0,0
AIRE ANCIENT BATHS (FRIGIDARIUM - HAMMAM),Indoor Pool,2026-03-31,AIRE ANCIENT BATHS (CALDARIUM),Pass,0,0,0,0,0
AIRE ANCIENT BATHS (FRIGIDARIUM - HAMMAM),Indoor Pool,2026-06-24,AIRE ANCIENT BATHS (CALDARIUM),Pass,0,0,0,0,0
AIRE ANCIENT BATHS (FRIGIDARIUM - SMALL),Indoor Pool,2026-03-31,AIRE ANCIENT BATHS (CALDARIUM),Pass,0,0,0,0,0
AIRE ANCIENT BATHS (FRIGIDARIUM - SMALL),Indoor Pool,2026-06-24,AIRE ANCIENT BATHS (CALDARIUM),Pass,0,0,0,0,0
AIRE ANCIENT BATHS (FRIGIDARIUM),Indoor Pool,2026-03-31,AIRE ANCIENT BATHS (CALDARIUM),Pass,0,0,0,0,0
AIRE ANCIENT BATHS (FRIGIDARIUM),Indoor Pool,2026-06-24,AIRE ANCIENT BATHS (CALDARIUM),Pass,0,0,0,0,0
AIRE ANCIENT BATHS (PALESTRA),Indoor Pool,2026-03-31,AIRE ANCIENT BATHS (CALDARIUM),Pass,0,0,0,0,0
AIRE ANCIENT BATHS (PALESTRA),Indoor Pool,2026-06-24,AIRE ANCIENT BATHS (CALDARIUM),Pass,0,0,0,0,0
AIRE ANCIENT BATHS (TEPIDARIUM),Indoor Pool,2026-03-31,AIRE ANCIENT BATHS (CALDARIUM),Pass,0,0,0,0,0
AIRE ANCIENT BATHS (TEPIDARIUM),Indoor Pool,2026-06-24,AIRE ANCIENT BATHS (CALDARIUM),Pass,0,0,0,0,0
AIRPORT CORPORATE CENTRE HOMEWOOD SUITES,Indoor Pool,2024-11-25,AIRPORT CORPORATE CENTRE HOMEWOOD SUITES,Pass,0,0,0,0,0
AIRPORT CORPORATE CENTRE HOMEWOOD SUITES,Indoor Pool,2025-03-14,AIRPORT CORPORATE CENTRE HOMEWOOD SUITES,Pass,0,0,0,0,0
AIRPORT CORPORATE CENTRE HOMEWOOD SUITES,Indoor Pool,2025-06-04,AIRPORT CORPORATE CENTRE HOMEWOOD SUITES,Pass,0,0,0,0,0
AIRPORT CORPORATE CENTRE HOMEWOOD SUITES,Indoor Pool,2025-09-24,AIRPORT CORPORATE CENTRE HOMEWOOD SUITES,Pass,0,0,0,0,0
AIRPORT CORPORATE CENTRE HOMEWOOD SUITES,Indoor Pool,2025-11-26,AIRPORT CORPORATE CENTRE HOMEWOOD SUITES,Pass,0,0,0,0,0
AIRPORT CORPORATE CENTRE HOMEWOOD SUITES,Indoor Pool,2026-03-27,AIRPORT CORPORATE CENTRE HOMEWOOD SUITES,Pass,0,0,0,0,0
AIRPORT CORPORATE CENTRE HOMEWOOD SUITES,Indoor Pool,2026-06-16,AIRPORT CORPORATE CENTRE HOMEWOOD SUITES,Pass,0,0,0,0,0
AIRPORT CORPORATE CENTRE HOMEWOOD SUITES,Indoor Pool,2026-09-25,AIRPORT CORPORATE CENTRE HOMEWOOD SUITES,Pass,0,0,0,0,0
ALBERT CAMPBELL C.I. POOL,Indoor Pool,2024-09-18,ALBERT CAMPBELL COLLEGIATE INSTITUTE,Pass,0,0,0,0,0
ALBERT CAMPBELL C.I. POOL,Indoor Pool,2024-11-05,ALBERT CAMPBELL COLLEGIATE INSTITUTE,Pass,1,1,0,0,1
ALBERT CAMPBELL C.I. POOL,Indoor Pool,2025-01-30,ALBERT CAMPBELL COLLEGIATE INSTITUTE,Pass,2,1,1,0,2
ALBERT CAMPBELL C.I. POOL,Indoor Pool,2025-05-12,ALBERT CAMPBELL COLLEGIATE INSTITUTE,Pass,2,1,1,0,2
ALBERT CAMPBELL C.I. POOL,Indoor Pool,2025-09-29,ALBERT CAMPBELL COLLEGIATE INSTITUTE,Pass,2,1,1,0,2
ALBERT CAMPBELL C.I. POOL,Indoor Pool,2025-12-15,ALBERT CAMPBELL COLLEGIATE INSTITUTE,Conditional Pass,3,1,2,0,2
ALBERT CAMPBELL C.I. POOL,Indoor Pool,2026-01-12,ALBERT CAMPBELL COLLEGIATE INSTITUTE,Pass,0,0,0,0,0
ALBERT CAMPBELL C.I. POOL,Indoor Pool,2026-03-30,ALBERT CAMPBELL COLLEGIATE INSTITUTE,Pass,0,0,0,0,0
ALBERT CAMPBELL C.I. POOL,Indoor Pool,2026-06-09,ALBERT CAMPBELL COLLEGIATE INSTITUTE,Pass,0,0,0,0,0
ALBION COMMUNITY CENTRE,Indoor Pool,2024-09-20,ALBION COMMUNITY CENTRE,Pass,0,0,0,0,0
ALBION COMMUNITY CENTRE,Indoor Pool,2024-11-18,ALBION COMMUNITY CENTRE,Conditional Pass,3,1,2,0,3
ALBION COMMUNITY CENTRE,Indoor Pool,2024-11-19,ALBION COMMUNITY CENTRE,Pass,0,0,0,0,0
ALBION COMMUNITY CENTRE,Indoor Pool,2025-05-14,ALBION COMMUNITY CENTRE,Pass,0,0,0,0,0
ALBION COMMUNITY CENTRE,Indoor Pool,2025-10-22,ALBION COMMUNITY CENTRE,Pass,0,0,0,0,0
ALBION COMMUNITY CENTRE,Indoor Pool,2026-02-20,ALBION COMMUNITY CENTRE,Pass,1,1,0,0,1
ALBION COMMUNITY CENTRE,Indoor Pool,2026-04-08,ALBION COMMUNITY CENTRE,Pass,2,2,0,0,2
ALBION COMMUNITY CENTRE,Indoor Pool,2026-07-06,ALBION COMMUNITY CENTRE,Pass,3,3,0,0,2
ALDERWOOD POOL,Indoor Pool,2024-09-23,ALDERWOOD POOL,Pass,0,0,0,0,0
ALDERWOOD POOL,Indoor Pool,2024-11-14,ALDERWOOD POOL,Pass,0,0,0,0,0
ALDERWOOD POOL,Indoor Pool,2025-03-11,ALDERWOOD POOL,Pass,0,0,0,0,0
ALDERWOOD POOL,Indoor Pool,2025-09-18,ALDERWOOD POOL,Pass,0,0,0,0,0
ALDERWOOD POOL,Indoor Pool,2026-05-01,ALDERWOOD POOL,Pass,0,0,0,0,0
ALDERWOOD TOWERS,Outdoor Pool,2025-07-04,ALDERWOOD TOWERS,Pass,0,0,0,0,0
ALDERWOOD TOWERS,Outdoor Pool,2026-07-14,ALDERWOOD TOWERS,Pass,0,0,0,0,0
ALEX DUFF SPA,Spa Outdoor,2024-08-08,ALEX DUFF MEMORIAL POOL,Pass,0,0,0,0,0
ALEX DUFF SPA,Spa Outdoor,2025-06-20,ALEX DUFF MEMORIAL POOL,Pass,3,2,1,0,3
ALEX DUFF SPA,Spa Outdoor,2026-07-24,ALEX DUFF MEMORIAL POOL,Pass,0,0,0,0,0
ALEXANDRA PARK,Spa Indoor,2024-09-10,ALEXANDRA PARK,Pass,0,0,0,0,0
ALEXANDRA PARK,Spa Indoor,2025-03-27,ALEXANDRA PARK,Pass,0,0,0,0,0
ALEXANDRA PARK,Spa Indoor,2025-08-19,ALEXANDRA PARK,Pass,0,0,0,0,0
ALEXANDRA PARK,Spa Indoor,2026-04-07,ALEXANDRA PARK,Pass,0,0,0,0,0
ALEXANDRA PARK - OUTDOOR POOL CLASS A,Outdoor Pool,2024-07-11,ALEXANDER PARK,Pass,0,0,0,0,0
ALEXANDRA PARK - OUTDOOR POOL CLASS A,Outdoor Pool,2025-08-20,ALEXANDER PARK,Pass,0,0,0,0,0
ALGONQUIN APARTMENTS,Outdoor Pool,2024-08-07,ALGONQUIN APARTMENTS,Pass,1,1,0,0,1
ALGONQUIN APARTMENTS,Outdoor Pool,2025-08-11,ALGONQUIN APARTMENTS,Pass,6,6,0,0,5
ALGONQUIN APARTMENTS,Outdoor Pool,2026-07-14,ALGONQUIN APARTMENTS,Conditional Pass,5,3,1,1,4
ALGONQUIN APARTMENTS,Outdoor Pool,2026-08-19,ALGONQUIN APARTMENTS,Pass,0,0,0,0,0
"ALTEA ACTIVE ""SPA POOL""",Indoor Pool,2024-08-13,ALTEA ACTIVE MAIN POOL,Pass,0,0,0,0,0
"ALTEA ACTIVE ""SPA POOL""",Indoor Pool,2024-11-15,ALTEA ACTIVE MAIN POOL,Pass,0,0,0,0,0
"ALTEA ACTIVE ""SPA POOL""",Indoor Pool,2025-01-23,ALTEA ACTIVE MAIN POOL,Conditional Pass,1,0,0,1,1
"ALTEA ACTIVE ""SPA POOL""",Indoor Pool,2025-02-12,ALTEA ACTIVE MAIN POOL,Pass,0,0,0,0,0
"ALTEA ACTIVE ""SPA POOL""",Indoor Pool,2025-04-17,ALTEA ACTIVE MAIN POOL,Pass,0,0,0,0,0
"ALTEA ACTIVE ""SPA POOL""",Indoor Pool,2025-09-26,ALTEA ACTIVE MAIN POOL,Pass,1,1,0,0,1
"ALTEA ACTIVE ""SPA POOL""",Indoor Pool,2025-11-10,ALTEA ACTIVE MAIN POOL,Pass,0,0,0,0,0
"ALTEA ACTIVE ""SPA POOL""",Indoor Pool,2026-03-10,ALTEA ACTIVE MAIN POOL,Pass,0,0,0,0,0
"ALTEA ACTIVE ""SPA POOL""",Indoor Pool,2026-04-15,ALTEA ACTIVE MAIN POOL,Pass,0,0,0,0,0
"ALTEA ACTIVE ""SPA POOL""",Indoor Pool,2026-07-21,ALTEA ACTIVE MAIN POOL,Pass,0,0,0,0,0
ALTEA ACTIVE MAIN POOL,Indoor Pool,2024-08-13,ALTEA ACTIVE MAIN POOL,Pass,0,0,0,0,0
ALTEA ACTIVE MAIN POOL,Indoor Pool,2024-11-15,ALTEA ACTIVE MAIN POOL,Pass,0,0,0,0,0
ALTEA ACTIVE MAIN POOL,Indoor Pool,2025-01-23,ALTEA ACTIVE MAIN POOL,Conditional Pass,1,0,1,0,1
ALTEA ACTIVE MAIN POOL,Indoor Pool,2025-01-28,ALTEA ACTIVE MAIN POOL,Pass,0,0,0,0,0
ALTEA ACTIVE MAIN POOL,Indoor Pool,2025-04-17,ALTEA ACTIVE MAIN POOL,Pass,0,0,0,0,0
ALTEA ACTIVE MAIN POOL,Indoor Pool,2025-09-26,ALTEA ACTIVE MAIN POOL,Pass,1,1,0,0,1
ALTEA ACTIVE MAIN POOL,Indoor Pool,2025-11-10,ALTEA ACTIVE MAIN POOL,Pass,0,0,0,0,0
ALTEA ACTIVE MAIN POOL,Indoor Pool,2026-03-10,ALTEA ACTIVE MAIN POOL,Conditional Pass,1,0,0,1,1
ALTEA ACTIVE MAIN POOL,Indoor Pool,2026-04-15,ALTEA ACTIVE MAIN POOL,Pass,0,0,0,0,0
ALTEA ACTIVE MAIN POOL,Indoor Pool,2026-07-21,ALTEA ACTIVE MAIN POOL,Pass,0,0,0,0,0
ALTEA ACTIVE SPA,Spa Indoor,2024-08-13,ALTEA ACTIVE MAIN POOL,Pass,0,0,0,0,0
ALTEA ACTIVE SPA,Spa Indoor,2025-01-23,ALTEA ACTIVE MAIN POOL,Pass,0,0,0,0,0
ALTEA ACTIVE SPA,Spa Indoor,2025-04-17,ALTEA ACTIVE MAIN POOL,Conditional Pass,1,0,0,1,1
ALTEA ACTIVE SPA,Spa Indoor,2025-05-29,ALTEA ACTIVE MAIN POOL,Pass,0,0,0,0,0
ALTEA ACTIVE SPA,Spa Indoor,2025-09-26,ALTEA ACTIVE MAIN POOL,Pass,0,0,0,0,0
ALTEA ACTIVE SPA,Spa Indoor,2025-11-10,ALTEA ACTIVE MAIN POOL,Pass,0,0,0,0,0
ALTEA ACTIVE SPA,Spa Indoor,2026-03-11,ALTEA ACTIVE MAIN POOL,Pass,0,0,0,0,0
ALTEA ACTIVE SPA,Spa Indoor,2026-04-15,ALTEA ACTIVE MAIN POOL,Pass,0,0,0,0,0
ALTEA ACTIVE SPA,Spa Indoor,2026-07-21,ALTEA ACTIVE MAIN POOL,Pass,0,0,0,0,0
ALTER CONDOMINIUM -SPA INDOOR,Spa Indoor,2024-07-24,ALTER CONDO,Pass,0,0,0,0,0
ALTER CONDOMINIUM -SPA INDOOR,Spa Indoor,2024-10-28,ALTER CONDO,Pass,0,0,0,0,0
ALTER CONDOMINIUM -SPA INDOOR,Spa Indoor,2025-04-09,ALTER CONDO,Pass,0,0,0,0,0
ALTER CONDOMINIUM -SPA INDOOR,Spa Indoor,2025-08-05,ALTER CONDO,Closed,2,0,0,2,2
ALTER CONDOMINIUM -SPA INDOOR,Spa Indoor,2025-09-16,ALTER CONDO,Pass,0,0,0,0,0
ALTER CONDOMINIUM -SPA INDOOR,Spa Indoor,2025-11-28,ALTER CONDO,Pass,0,0,0,0,0
ALTER CONDOMINIUM -SPA INDOOR,Spa Indoor,2026-02-19,ALTER CONDO,Closed,4,1,1,2,3
ALTER CONDOMINIUM -SPA INDOOR,Spa Indoor,2026-02-20,ALTER CONDO,Pass,0,0,0,0,0
ALTER CONDOMINIUM -SPA INDOOR,Spa Indoor,2026-05-13,ALTER CONDO,Pass,0,0,0,0,0
ALTER CONDOMINIUM -SPA INDOOR,Spa Indoor,2026-08-18,ALTER CONDO,Pass,0,0,0,0,0
ALTITUDE CONDOMINIUMS,Indoor Pool,2024-07-10,ALTITUDE CONDOMINIUMS,Pass,2,2,0,0,2
ALTITUDE CONDOMINIUMS,Indoor Pool,2024-10-16,ALTITUDE CONDOMINIUMS,Closed,6,2,1,3,4
ALTITUDE CONDOMINIUMS,Indoor Pool,2024-10-22,ALTITUDE CONDOMINIUMS,Pass,0,0,0,0,0
ALTITUDE CONDOMINIUMS,Indoor Pool,2025-01-15,ALTITUDE CONDOMINIUMS,Pass,3,3,0,0,3
ALTITUDE CONDOMINIUMS,Indoor Pool,2025-04-09,ALTITUDE CONDOMINIUMS,Closed,3,1,0,2,3
ALTITUDE CONDOMINIUMS,Indoor Pool,2025-04-11,ALTITUDE CONDOMINIUMS,Pass,0,0,0,0,0
ALTITUDE CONDOMINIUMS,Indoor Pool,2025-07-14,ALTITUDE CONDOMINIUMS,Pass,1,1,0,0,1
ALTITUDE CONDOMINIUMS,Indoor Pool,2025-10-28,ALTITUDE CONDOMINIUMS,Pass,2,2,0,0,1
ALTITUDE CONDOMINIUMS,Indoor Pool,2026-01-28,ALTITUDE CONDOMINIUMS,Pass,0,0,0,0,0
ALTITUDE CONDOMINIUMS,Indoor Pool,2026-05-20,ALTITUDE CONDOMINIUMS,Conditional Pass,3,1,1,1,3
ALTITUDE CONDOMINIUMS,Indoor Pool,2026-07-03,ALTITUDE CONDOMINIUMS,Pass,1,1,0,0,1
ALTITUDE CONDOMINIUMS,Spa Indoor,2024-07-10,ALTITUDE CONDOMINIUMS,Conditional Pass,5,3,1,1,3
ALTITUDE CONDOMINIUMS,Spa Indoor,2024-07-12,ALTITUDE CONDOMINIUMS,Pass,1,1,0,0,1
ALTITUDE CONDOMINIUMS,Spa Indoor,2024-10-16,ALTITUDE CONDOMINIUMS,Closed,3,2,0,1,1
ALTITUDE CONDOMINIUMS,Spa Indoor,2024-10-22,ALTITUDE CONDOMINIUMS,Pass,1,1,0,0,1
ALTITUDE CONDOMINIUMS,Spa Indoor,2025-01-15,ALTITUDE CONDOMINIUMS,Conditional Pass,2,0,1,1,1
ALTITUDE CONDOMINIUMS,Spa Indoor,2025-01-17,ALTITUDE CONDOMINIUMS,Pass,0,0,0,0,0
ALTITUDE CONDOMINIUMS,Spa Indoor,2025-04-09,ALTITUDE CONDOMINIUMS,Closed,3,1,1,1,2
ALTITUDE CONDOMINIUMS,Spa Indoor,2025-07-14,ALTITUDE CONDOMINIUMS,Pass,1,1,0,0,1
ALTITUDE CONDOMINIUMS,Spa Indoor,2025-10-28,ALTITUDE CONDOMINIUMS,Pass,1,1,0,0,1
ALTITUDE CONDOMINIUMS,Spa Indoor,2026-01-28,ALTITUDE CONDOMINIUMS,Closed,2,0,0,2,2
ALTITUDE CONDOMINIUMS,Spa Indoor,2026-01-30,ALTITUDE CONDOMINIUMS,Pass,0,0,0,0,0
ALTITUDE CONDOMINIUMS,Spa Indoor,2026-07-03,ALTITUDE CONDOMINIUMS,Pass,1,1,0,0,1
ALTO & PARKSIDE EXERCISE POOL,Spa Indoor,2024-10-21,ALTO & PARKSIDE EXERCISE POOL,Pass,0,0,0,0,0
ALTO & PARKSIDE EXERCISE POOL,Spa Indoor,2025-04-03,ALTO & PARKSIDE EXERCISE POOL,Pass,2,2,0,0,2
ALTO & PARKSIDE EXERCISE POOL,Spa Indoor,2025-08-18,ALTO & PARKSIDE EXERCISE POOL,Pass,0,0,0,0,0
ALTO & PARKSIDE EXERCISE POOL,Spa Indoor,2025-12-22,ALTO & PARKSIDE EXERCISE POOL,Pass,4,4,0,0,2
ALTO & PARKSIDE EXERCISE POOL,Spa Indoor,2026-03-25,ALTO & PARKSIDE EXERCISE POOL,Pass,5,4,1,0,4
ALTO & PARKSIDE EXERCISE POOL,Spa Indoor,2026-05-15,ALTO & PARKSIDE EXERCISE POOL,Conditional Pass,3,1,1,1,2
ALTO & PARKSIDE EXERCISE POOL,Spa Indoor,2026-05-22,ALTO & PARKSIDE EXERCISE POOL,Pass,2,1,1,0,2
AMBASSADOR 2,Spa Indoor,2025-02-13,AMBASSADOR 2,Pass,0,0,0,0,0
AMBASSADOR 2,Spa Indoor,2025-05-28,AMBASSADOR 2,Conditional Pass,4,3,0,1,2
AMBASSADOR 2,Spa Indoor,2025-05-29,AMBASSADOR 2,Pass,0,0,0,0,0
AMBASSADOR 2,Spa Indoor,2025-09-08,AMBASSADOR 2,Pass,1,1,0,0,1
AMBASSADOR 2,Spa Indoor,2025-11-21,AMBASSADOR 2,Pass,2,2,0,0,2
AMBASSADOR 2,Spa Indoor,2026-02-10,AMBASSADOR 2,Conditional Pass,5,2,2,1,4
AMBASSADOR 2,Spa Indoor,2026-03-30,AMBASSADOR 2,Pass,0,0,0,0,0
AMBASSADOR 2,Spa Indoor,2026-06-02,AMBASSADOR 2,Pass,0,0,0,0,0
AMBASSADOR CLUB POOL,Indoor Pool,2024-09-18,AMBASSADOR CLUB,Conditional Pass,3,2,1,0,2
AMBASSADOR CLUB POOL,Indoor Pool,2024-10-09,AMBASSADOR CLUB,Pass,0,0,0,0,0
AMBASSADOR CLUB POOL,Indoor Pool,2024-11-15,AMBASSADOR CLUB,Pass,3,2,1,0,2
AMBASSADOR CLUB POOL,Indoor Pool,2025-02-20,AMBASSADOR CLUB,Pass,1,1,0,0,1
AMBASSADOR CLUB POOL,Indoor Pool,2025-05-07,AMBASSADOR CLUB,Pass,0,0,0,0,0
AMBASSADOR CLUB POOL,Indoor Pool,2025-10-29,AMBASSADOR CLUB,Pass,1,0,1,0,1
AMBASSADOR CLUB POOL,Indoor Pool,2026-02-20,AMBASSADOR CLUB,Pass,2,2,0,0,2
AMBASSADOR CLUB POOL,Indoor Pool,2026-06-09,AMBASSADOR CLUB,Pass,1,0,1,0,1
AMBASSADOR'S #1 POOL (SEASON),Outdoor Pool,2025-07-08,AMBASSADOR 1,Pass,2,1,1,0,2
AMBASSADOR'S #1 POOL (SEASON),Outdoor Pool,2026-07-13,AMBASSADOR 1,Conditional Pass,2,1,0,1,2
AMBASSADOR'S #2 POOL (SEASON),Outdoor Pool,2024-08-02,AMBASSADOR 2,Pass,0,0,0,0,0
AMBASSADOR'S #2 POOL (SEASON),Outdoor Pool,2025-07-08,AMBASSADOR 2,Pass,2,1,1,0,2
AMBASSADOR'S #2 POOL (SEASON),Outdoor Pool,2026-09-03,AMBASSADOR 2,Pass,0,0,0,0,0
AMELIN PROPERTY MANAGEMENT,Indoor Pool,2024-09-24,BALLIOL TOWERS,Pass,1,1,0,0,1
AMELIN PROPERTY MANAGEMENT,Indoor Pool,2024-12-05,BALLIOL TOWERS,Pass,1,1,0,0,1
AMELIN PROPERTY MANAGEMENT,Indoor Pool,2025-03-17,BALLIOL TOWERS,Pass,2,2,0,0,1
AMELIN PROPERTY MANAGEMENT,Indoor Pool,2025-05-21,BALLIOL TOWERS,Pass,0,0,0,0,0
AMELIN PROPERTY MANAGEMENT,Indoor Pool,2025-09-15,BALLIOL TOWERS,Pass,4,3,1,0,3
AMELIN PROPERTY MANAGEMENT,Indoor Pool,2025-12-16,BALLIOL TOWERS,Pass,3,3,0,0,3
AMELIN PROPERTY MANAGEMENT,Indoor Pool,2026-03-02,BALLIOL TOWERS,Conditional Pass,5,3,1,1,4
AMELIN PROPERTY MANAGEMENT,Indoor Pool,2026-03-04,BALLIOL TOWERS,Pass,0,0,0,0,0
AMELIN PROPERTY MANAGEMENT,Indoor Pool,2026-06-18,BALLIOL TOWERS,Conditional Pass,7,2,3,2,5
AMESBURY HEIGHTS,Outdoor Pool,2025-08-28,AMESBURY HEIGHTS,Pass,3,1,2,0,3
AMESBURY HEIGHTS,Outdoor Pool,2026-07-14,AMESBURY HEIGHTS,Pass,3,2,1,0,3
AMESBURY PARK POOL,Outdoor Pool,2024-07-11,AMESBURY PARK,Pass,6,5,1,0,4
AMESBURY PARK POOL,Outdoor Pool,2025-08-14,AMESBURY PARK,Pass,4,4,0,0,2
AMESBURY PARK POOL,Outdoor Pool,2026-07-29,AMESBURY PARK,Pass,1,1,0,0,1
AMICA AT BAYVIEW,Indoor Pool,2024-08-26,AMICA AT BAYVIEW,Pass,0,0,0,0,0
AMICA AT BAYVIEW,Indoor Pool,2024-11-28,AMICA AT BAYVIEW,Pass,0,0,0,0,0
AMICA AT BAYVIEW,Indoor Pool,2025-03-03,AMICA AT BAYVIEW,Pass,0,0,0,0,0
AMICA AT BAYVIEW,Indoor Pool,2025-05-28,AMICA AT BAYVIEW,Pass,0,0,0,0,0
AMICA AT BAYVIEW,Indoor Pool,2025-09-10,AMICA AT BAYVIEW,Closed,3,1,1,1,3
AMICA AT BAYVIEW,Indoor Pool,2025-09-11,AMICA AT BAYVIEW,Pass,0,0,0,0,0
AMICA AT BAYVIEW,Indoor Pool,2025-11-12,AMICA AT BAYVIEW,Pass,0,0,0,0,0
AMICA AT BAYVIEW,Indoor Pool,2026-02-04,AMICA AT BAYVIEW,Pass,2,2,0,0,2
AMICA AT BAYVIEW,Indoor Pool,2026-06-15,AMICA AT BAYVIEW,Pass,0,0,0,0,0
AMICA AT BAYVIEW,Indoor Pool,2026-07-30,AMICA AT BAYVIEW,Conditional Pass,4,2,1,1,3
AMICA AT BAYVIEW,Indoor Pool,2026-08-25,AMICA AT BAYVIEW,Pass,0,0,0,0,0
AMICA AT BAYVIEW GARDENS,Indoor Pool,2024-08-26,AMICA AT BAYVIEW GARDENS,Pass,0,0,0,0,0
AMICA AT BAYVIEW GARDENS,Indoor Pool,2024-11-28,AMICA AT BAYVIEW GARDENS,Conditional Pass,2,0,1,1,2
AMICA AT BAYVIEW GARDENS,Indoor Pool,2024-12-06,AMICA AT BAYVIEW GARDENS,Pass,0,0,0,0,0
AMICA AT BAYVIEW GARDENS,Indoor Pool,2025-03-12,AMICA AT BAYVIEW GARDENS,Pass,0,0,0,0,0
AMICA AT BAYVIEW GARDENS,Indoor Pool,2025-05-28,AMICA AT BAYVIEW GARDENS,Pass,0,0,0,0,0
AMICA AT BAYVIEW GARDENS,Indoor Pool,2025-08-06,AMICA AT BAYVIEW GARDENS,Pass,3,3,0,0,3
AMICA AT BAYVIEW GARDENS,Indoor Pool,2025-10-28,AMICA AT BAYVIEW GARDENS,Conditional Pass,3,2,0,1,3
AMICA AT BAYVIEW GARDENS,Indoor Pool,2025-12-01,AMICA AT BAYVIEW GARDENS,Pass,0,0,0,0,0
AMICA AT BAYVIEW GARDENS,Indoor Pool,2026-02-04,AMICA AT BAYVIEW GARDENS,Conditional Pass,1,0,0,1,1
AMICA AT BAYVIEW GARDENS,Indoor Pool,2026-03-18,AMICA AT BAYVIEW GARDENS,Pass,0,0,0,0,0
AMICA AT BAYVIEW GARDENS,Indoor Pool,2026-06-15,AMICA AT BAYVIEW GARDENS,Pass,0,0,0,0,0
AMICA AT BAYVIEW GARDENS,Indoor Pool,2026-09-24,AMICA AT BAYVIEW GARDENS,Pass,0,0,0,0,0
AMICA GUILDWOOD,Indoor Pool,2026-08-13,AMICA GUILDWOOD,Pass,0,0,0,0,0
AMOS WAITES OUTDOOR POOL,Outdoor Pool,2025-07-08,AMOS WAITES PARK,Pass,0,0,0,0,0
AMOS WAITES OUTDOOR POOL,Outdoor Pool,2026-07-02,AMOS WAITES PARK,Pass,0,0,0,0,0
ANNETTE COMMUNITY RECREATION CENTRE,Indoor Pool,2024-09-13,ANNETTE RECREATION CENTRE,Pass,0,0,0,0,0
ANNETTE COMMUNITY RECREATION CENTRE,Indoor Pool,2024-11-18,ANNETTE RECREATION CENTRE,Pass,2,2,0,0,2
ANNETTE COMMUNITY RECREATION CENTRE,Indoor Pool,2025-03-21,ANNETTE RECREATION CENTRE,Pass,0,0,0,0,0
ANNETTE COMMUNITY RECREATION CENTRE,Indoor Pool,2025-09-30,ANNETTE RECREATION CENTRE,Pass,0,0,0,0,0
ANNETTE COMMUNITY RECREATION CENTRE,Indoor Pool,2026-01-27,ANNETTE RECREATION CENTRE,Conditional Pass,7,3,1,3,3
ANNETTE COMMUNITY RECREATION CENTRE,Indoor Pool,2026-03-17,ANNETTE RECREATION CENTRE,Pass,2,2,0,0,2
ANNETTE COMMUNITY RECREATION CENTRE,Indoor Pool,2026-06-18,ANNETTE RECREATION CENTRE,Pass,0,0,0,0,0
ANNETTE COMMUNITY RECREATION CENTRE,Indoor Pool,2026-09-02,ANNETTE RECREATION CENTRE,Pass,0,0,0,0,0
ANTIBES COMMUNITY RECREATION POOL,Indoor Pool,2024-07-24,ANTIBES COMMUNITY CENTRE,Pass,0,0,0,0,0
ANTIBES COMMUNITY RECREATION POOL,Indoor Pool,2024-10-02,ANTIBES COMMUNITY CENTRE,Pass,0,0,0,0,0
ANTIBES COMMUNITY RECREATION POOL,Indoor Pool,2025-01-13,ANTIBES COMMUNITY CENTRE,Pass,1,1,0,0,1
ANTIBES COMMUNITY RECREATION POOL,Indoor Pool,2025-04-15,ANTIBES COMMUNITY CENTRE,Pass,1,0,1,0,1
ANTIBES COMMUNITY RECREATION POOL,Indoor Pool,2025-09-23,ANTIBES COMMUNITY CENTRE,Pass,1,1,0,0,1
ANTIBES COMMUNITY RECREATION POOL,Indoor Pool,2025-11-18,ANTIBES COMMUNITY CENTRE,Pass,2,2,0,0,2
ANTIBES COMMUNITY RECREATION POOL,Indoor Pool,2026-02-10,ANTIBES COMMUNITY CENTRE,Pass,4,4,0,0,3
ANTIBES COMMUNITY RECREATION POOL,Indoor Pool,2026-06-08,ANTIBES COMMUNITY CENTRE,Pass,3,3,0,0,2
APARTMENT BUILDING,Indoor Pool,2024-08-06,75 HALSEY AVE,Pass,2,2,0,0,2
APARTMENT BUILDING,Indoor Pool,2025-04-03,75 HALSEY AVE,Pass,1,1,0,0,1
APARTMENT BUILDING,Indoor Pool,2025-09-17,75 HALSEY AVE,Conditional Pass,5,3,1,1,2
APARTMENT BUILDING,Indoor Pool,2025-11-19,75 HALSEY AVE,Conditional Pass,1,0,0,1,1
APARTMENT BUILDING,Indoor Pool,2025-11-25,75 HALSEY AVE,Pass,0,0,0,0,0
APARTMENT BUILDING,Indoor Pool,2026-03-12,75 HALSEY AVE,Closed,5,2,1,2,4
APARTMENT BUILDING,Indoor Pool,2026-07-22,75 HALSEY AVE,Pass,1,0,1,0,1
APARTMENT BUILDING,Outdoor Pool,2024-07-18,7 PARK VISTA,Conditional Pass,5,3,2,0,4
APARTMENT BUILDING,Outdoor Pool,2024-08-02,7 PARK VISTA,Pass,0,0,0,0,0
APARTMENT BUILDING,Outdoor Pool,2025-07-09,7 PARK VISTA,Conditional Pass,6,4,1,1,5
APARTMENT BUILDING,Outdoor Pool,2025-07-15,7 PARK VISTA,Pass,2,2,0,0,2
APARTMENT BUILDING,Outdoor Pool,2026-07-09,7 PARK VISTA,Pass,1,1,0,0,1
APEX CONDOMINIUMS,Indoor Pool,2024-11-22,APEX CONDOMINIUMS,Pass,2,2,0,0,2
APEX CONDOMINIUMS,Indoor Pool,2025-01-30,APEX CONDOMINIUMS,Pass,2,2,0,0,2
APEX CONDOMINIUMS,Indoor Pool,2025-05-05,APEX CONDOMINIUMS,Pass,1,1,0,0,1
APEX CONDOMINIUMS,Indoor Pool,2026-02-05,APEX CONDOMINIUMS,Pass,2,2,0,0,1
APEX CONDOMINIUMS,Indoor Pool,2026-04-28,APEX CONDOMINIUMS,Pass,1,1,0,0,1
APEX CONDOMINIUMS,Indoor Pool,2026-07-24,APEX CONDOMINIUMS,Pass,0,0,0,0,0
APEX CONDOMINIUMS,Spa Indoor,2024-08-26,APEX CONDOMINIUMS,Pass,0,0,0,0,0
APEX CONDOMINIUMS,Spa Indoor,2025-01-30,APEX CONDOMINIUMS,Conditional Pass,3,1,1,1,3
APEX CONDOMINIUMS,Spa Indoor,2025-02-11,APEX CONDOMINIUMS,Conditional Pass,1,0,0,1,1
APEX CONDOMINIUMS,Spa Indoor,2025-02-21,APEX CONDOMINIUMS,Pass,0,0,0,0,0
APEX CONDOMINIUMS,Spa Indoor,2025-05-06,APEX CONDOMINIUMS,Pass,1,1,0,0,1
APEX CONDOMINIUMS,Spa Indoor,2026-02-11,APEX CONDOMINIUMS,Pass,1,0,1,0,1
APEX CONDOMINIUMS,Spa Indoor,2026-04-28,APEX CONDOMINIUMS,Pass,0,0,0,0,0
APEX CONDOMINIUMS,Spa Indoor,2026-07-24,APEX CONDOMINIUMS,Conditional Pass,2,1,0,1,2
APEX CONDOMINIUMS,Spa Indoor,2026-07-30,APEX CONDOMINIUMS,Pass,0,0,0,0,0
AQUA-TOTS SWIM SCHOOL NORTH YORK,Indoor Pool,2024-09-17,AQUA-TOTS SWIM SCHOOL NORTH YORK,Pass,3,3,0,0,2
AQUA-TOTS SWIM SCHOOL NORTH YORK,Indoor Pool,2024-11-08,AQUA-TOTS SWIM SCHOOL NORTH YORK,Pass,5,5,0,0,2
AQUA-TOTS SWIM SCHOOL NORTH YORK,Indoor Pool,2025-02-06,AQUA-TOTS SWIM SCHOOL NORTH YORK,Pass,3,3,0,0,2
AQUA-TOTS SWIM SCHOOL NORTH YORK,Indoor Pool,2025-04-30,AQUA-TOTS SWIM SCHOOL NORTH YORK,Conditional Pass,2,1,1,0,2
AQUA-TOTS SWIM SCHOOL NORTH YORK,Indoor Pool,2025-05-06,AQUA-TOTS SWIM SCHOOL NORTH YORK,Pass,0,0,0,0,0
AQUA-TOTS SWIM SCHOOL NORTH YORK,Indoor Pool,2025-09-29,AQUA-TOTS SWIM SCHOOL NORTH YORK,Pass,0,0,0,0,0
AQUA-TOTS SWIM SCHOOL NORTH YORK,Indoor Pool,2025-11-12,AQUA-TOTS SWIM SCHOOL NORTH YORK,Pass,1,1,0,0,1
AQUA-TOTS SWIM SCHOOL NORTH YORK,Indoor Pool,2026-03-31,AQUA-TOTS SWIM SCHOOL NORTH YORK,Pass,2,2,0,0,2
AQUA-TOTS SWIM SCHOOL NORTH YORK,Indoor Pool,2026-06-26,AQUA-TOTS SWIM SCHOOL NORTH YORK,Pass,0,0,0,0,0
AQUABELLA,Outdoor Pool,2024-08-14,AQUABELLA,Pass,0,0,0,0,0
AQUABELLA,Outdoor Pool,2025-07-22,AQUABELLA,Pass,0,0,0,0,0
AQUABELLA,Outdoor Pool,2026-07-22,AQUABELLA,Pass,0,0,0,0,0
AQUALINA,Outdoor Pool,2025-07-18,AQUALINA,Pass,0,0,0,0,0
AQUALINA,Spa Indoor,2024-09-03,AQUALINA,Pass,0,0,0,0,0
AQUALINA,Spa Indoor,2024-11-25,AUALINA INDOOR SPA,Pass,0,0,0,0,0
AQUALINA,Spa Indoor,2025-03-06,AUALINA INDOOR SPA,Pass,0,0,0,0,0
AQUALINA,Spa Indoor,2025-06-24,AUALINA INDOOR SPA,Pass,0,0,0,0,0
AQUALINA,Spa Indoor,2025-08-21,AUALINA INDOOR SPA,Pass,0,0,0,0,0
AQUALINA,Spa Indoor,2025-11-25,AUALINA INDOOR SPA,Pass,0,0,0,0,0
AQUALINA,Spa Indoor,2026-02-25,AUALINA INDOOR SPA,Pass,0,0,0,0,0
AQUALINA,Spa Indoor,2026-06-10,AUALINA INDOOR SPA,Pass,0,0,0,0,0
AQUALINA,Spa Indoor,2026-09-24,AUALINA INDOOR SPA,Pass,0,0,0,0,0
AQUALUNA,Outdoor Pool,2025-05-15,AQUALUNA,Pass,0,0,0,0,0
AQUALUNA,Outdoor Pool,2026-07-22,AQUALUNA,Pass,1,1,0,0,1
AQUAVIEW LAKESIDE CONDOMINIUMS SPA,Spa Outdoor,2024-08-23,AQUAVIEW,Pass,0,0,0,0,0
AQUAVIEW LAKESIDE CONDOMINIUMS SPA,Spa Outdoor,2026-07-08,AQUAVIEW,Pass,0,0,0,0,0
AQUAVISA CONDOMINIUMS TSCC2768,Outdoor Pool,2024-08-23,AQUAVISA CONDOMINIUMS TSCC2768,Pass,0,0,0,0,0
AQUAVISA CONDOMINIUMS TSCC2768,Outdoor Pool,2025-08-21,AQUAVISA CONDOMINIUMS TSCC2768,Pass,0,0,0,0,0
AQUAVISA CONDOMINIUMS TSCC2768,Outdoor Pool,2026-08-04,AQUAVISA CONDOMINIUMS TSCC2768,Conditional Pass,4,1,1,2,2
ARBOUR GLEN APTS.,Outdoor Pool,2024-08-08,ARBOUR GLEN APTS.,Pass,2,2,0,0,2
ARBOUR GLEN APTS.,Outdoor Pool,2025-09-04,ARBOUR GLEN APTS.,Pass,4,4,0,0,2
ARBOUR GLEN APTS.,Outdoor Pool,2026-07-16,ARBOUR GLEN APTS.,Pass,3,3,0,0,1
ARIA TOWER INDOOR SPA,Spa Indoor,2024-09-11,ARIA TOWER,Pass,0,0,0,0,0
ARIA TOWER INDOOR SPA,Spa Indoor,2025-03-19,ARIA TOWER,Pass,0,0,0,0,0
ARIA TOWER INDOOR SPA,Spa Indoor,2025-09-11,ARIA TOWER,Pass,0,0,0,0,0
ARIA TOWER INDOOR SPA,Spa Indoor,2025-11-07,ARIA TOWER,Pass,4,4,0,0,2
ARIA TOWER INDOOR SPA,Spa Indoor,2026-03-03,ARIA TOWER,Pass,2,1,1,0,2
ARIA TOWER INDOOR SPA,Spa Indoor,2026-04-14,ARIA TOWER,Pass,2,2,0,0,2
ARIA TOWER INDOOR SPA,Spa Indoor,2026-09-18,ARIA TOWER,Pass,4,3,1,0,4
ARIA TOWERS POOL,Indoor Pool,2024-09-11,ARIA TOWER,Conditional Pass,3,2,0,1,3
ARIA TOWERS POOL,Indoor Pool,2025-03-19,ARIA TOWER,Pass,1,1,0,0,1
ARIA TOWERS POOL,Indoor Pool,2025-06-12,ARIA TOWER,Pass,1,1,0,0,1
ARIA TOWERS POOL,Indoor Pool,2025-09-11,ARIA TOWER,Pass,0,0,0,0,0
ARIA TOWERS POOL,Indoor Pool,2025-11-07,ARIA TOWER,Pass,4,4,0,0,1
ARIA TOWERS POOL,Indoor Pool,2026-03-03,ARIA TOWER,Pass,5,5,0,0,3
ARIA TOWERS POOL,Indoor Pool,2026-04-14,ARIA TOWER,Pass,2,2,0,0,2
ARIA TOWERS POOL,Indoor Pool,2026-09-18,ARIA TOWER,Pass,2,2,0,0,2
ARISTO CLUB - COLD SPA,Spa Indoor,2024-07-11,ARISTO CLUB,Pass,2,2,0,0,2
ARISTO CLUB - COLD SPA,Spa Indoor,2024-10-15,ARISTO CLUB,Pass,2,2,0,0,2
ARISTO CLUB - COLD SPA,Spa Indoor,2025-01-06,ARISTO CLUB,Pass,0,0,0,0,0
ARISTO CLUB - COLD SPA,Spa Indoor,2025-04-09,ARISTO CLUB,Pass,0,0,0,0,0
ARISTO CLUB - COLD SPA,Spa Indoor,2025-09-12,ARISTO CLUB,Pass,1,1,0,0,1
ARISTO CLUB - COLD SPA,Spa Indoor,2025-11-10,ARISTO CLUB,Pass,1,1,0,0,1
ARISTO CLUB - COLD SPA,Spa Indoor,2026-01-27,ARISTO CLUB,Pass,1,1,0,0,1
ARISTO CLUB - COLD SPA,Spa Indoor,2026-04-01,ARISTO CLUB,Pass,0,0,0,0,0
ARISTO CLUB - COLD SPA,Spa Indoor,2026-07-27,ARISTO CLUB,Pass,2,1,1,0,1
ARISTO CLUB - HOT SPA,Spa Indoor,2024-07-11,ARISTO CLUB,Pass,1,1,0,0,1
ARISTO CLUB - HOT SPA,Spa Indoor,2024-10-15,ARISTO CLUB,Pass,2,2,0,0,2
ARISTO CLUB - HOT SPA,Spa Indoor,2025-01-06,ARISTO CLUB,Pass,1,1,0,0,1
ARISTO CLUB - HOT SPA,Spa Indoor,2025-04-09,ARISTO CLUB,Pass,1,1,0,0,1
ARISTO CLUB - HOT SPA,Spa Indoor,2025-09-12,ARISTO CLUB,Pass,0,0,0,0,0
ARISTO CLUB - HOT SPA,Spa Indoor,2025-11-10,ARISTO CLUB,Pass,2,2,0,0,2
ARISTO CLUB - HOT SPA,Spa Indoor,2026-01-27,ARISTO CLUB,Pass,1,1,0,0,1
ARISTO CLUB - HOT SPA,Spa Indoor,2026-04-01,ARISTO CLUB,Pass,0,0,0,0,0
ARISTO CLUB - HOT SPA,Spa Indoor,2026-07-27,ARISTO CLUB,Pass,0,0,0,0,0
ARTISTS' ALLEY,Outdoor Pool,2026-07-03,ARTISTS' ALLEY,Pass,0,0,0,0,0
ARTISTS' ALLEY,Outdoor Pool,2026-08-28,ARTISTS' ALLEY,Conditional Pass,1,0,0,1,1
ARTSHOPPE BIG POOL,Outdoor Pool,2026-05-20,ARTSHOPPE BIG POOL,Pass,0,0,0,0,0
ARTSHOPPE SMALL POOL,Outdoor Pool,2026-05-20,ARTSHOPPE BIG POOL,Pass,0,0,0,0,0
ARTSHOPPE SPA,Spa Outdoor,2026-05-20,ARTSHOPPE BIG POOL,Pass,0,0,0,0,0
ATRIA/PARFAIT TWO WAY SHARED FACILITIES,Spa Indoor,2024-08-23,ATRIA/PARFAIT TWO WAY SHARED FACILITIES,Pass,1,1,0,0,1
ATRIA/PARFAIT TWO WAY SHARED FACILITIES,Spa Indoor,2024-11-13,ATRIA/PARFAIT TWO WAY SHARED FACILITIES,Pass,0,0,0,0,0
ATRIA/PARFAIT TWO WAY SHARED FACILITIES,Spa Indoor,2025-04-03,ATRIA/PARFAIT TWO WAY SHARED FACILITIES,Pass,0,0,0,0,0
ATRIA/PARFAIT TWO WAY SHARED FACILITIES,Spa Indoor,2025-08-19,ATRIA/PARFAIT TWO WAY SHARED FACILITIES,Pass,0,0,0,0,0
ATRIA/PARFAIT TWO WAY SHARED FACILITIES,Spa Indoor,2025-12-23,ATRIA/PARFAIT TWO WAY SHARED FACILITIES,Pass,1,1,0,0,1
ATRIA/PARFAIT TWO WAY SHARED FACILITIES,Spa Indoor,2026-04-21,ATRIA/PARFAIT TWO WAY SHARED FACILITIES,Pass,2,2,0,0,2
ATRIUM II INDOOR POOL,Indoor Pool,2024-08-09,ATRIUM II,Conditional Pass,2,0,1,1,1
ATRIUM II INDOOR POOL,Indoor Pool,2024-08-13,ATRIUM II,Pass,0,0,0,0,0
ATRIUM II INDOOR POOL,Indoor Pool,2024-11-12,ATRIUM II,Pass,0,0,0,0,0
ATRIUM II INDOOR POOL,Indoor Pool,2025-02-13,ATRIUM II,Pass,1,1,0,0,1
ATRIUM II INDOOR POOL,Indoor Pool,2025-05-23,ATRIUM II,Pass,3,2,1,0,2
ATRIUM II INDOOR POOL,Indoor Pool,2025-08-25,ATRIUM II,Conditional Pass,2,0,1,1,1
ATRIUM II INDOOR POOL,Indoor Pool,2025-08-29,ATRIUM II,Pass,0,0,0,0,0
ATRIUM II INDOOR POOL,Indoor Pool,2025-11-25,ATRIUM II,Pass,1,1,0,0,1
ATRIUM II INDOOR POOL,Indoor Pool,2026-03-04,ATRIUM II,Conditional Pass,2,0,1,1,1
ATRIUM II INDOOR POOL,Indoor Pool,2026-03-06,ATRIUM II,Pass,0,0,0,0,0
ATRIUM II INDOOR POOL,Indoor Pool,2026-06-25,ATRIUM II,Pass,1,0,1,0,1
ATRIUM II SPA,Spa Indoor,2024-08-09,ATRIUM II,Pass,1,1,0,0,1
ATRIUM II SPA,Spa Indoor,2024-11-20,ATRIUM II,Pass,1,0,1,0,1
ATRIUM II SPA,Spa Indoor,2025-02-13,ATRIUM II,Pass,0,0,0,0,0
ATRIUM II SPA,Spa Indoor,2025-05-27,ATRIUM II,Pass,0,0,0,0,0
ATRIUM II SPA,Spa Indoor,2025-08-25,ATRIUM II,Conditional Pass,2,0,1,1,1
ATRIUM II SPA,Spa Indoor,2025-08-29,ATRIUM II,Pass,0,0,0,0,0
ATRIUM II SPA,Spa Indoor,2025-11-25,ATRIUM II,Pass,3,1,2,0,3
ATRIUM II SPA,Spa Indoor,2026-03-04,ATRIUM II,Pass,1,0,1,0,1
ATRIUM II SPA,Spa Indoor,2026-06-25,ATRIUM II,Pass,0,0,0,0,0
AUBERGE ON THE PARK (20 & 30 INN ON THE PARK),Outdoor Pool,2025-01-23,AUBERGE ON THE PARK (20 & 30 INN ON THE PARK),Pass,1,1,0,0,1
AUBERGE ON THE PARK (20 & 30 INN ON THE PARK),Outdoor Pool,2025-06-30,AUBERGE ON THE PARK (20 & 30 INN ON THE PARK),Conditional Pass,6,5,0,1,3
AUBERGE ON THE PARK (20 & 30 INN ON THE PARK),Outdoor Pool,2025-07-02,AUBERGE ON THE PARK (20 & 30 INN ON THE PARK),Pass,0,0,0,0,0
AUBERGE ON THE PARK (20 & 30 INN ON THE PARK),Outdoor Pool,2026-06-11,AUBERGE ON THE PARK (20 & 30 INN ON THE PARK),Conditional Pass,6,4,2,0,5
AUBERGE ON THE PARK (SPA),Spa Indoor,2025-03-25,AUBERGE ON THE PARK (20 & 30 INN ON THE PARK),Pass,6,4,2,0,3
AUBERGE ON THE PARK (SPA),Spa Indoor,2025-06-30,AUBERGE ON THE PARK (20 & 30 INN ON THE PARK),Conditional Pass,5,3,2,0,3
AUBERGE ON THE PARK (SPA),Spa Indoor,2026-06-11,AUBERGE ON THE PARK (20 & 30 INN ON THE PARK),Pass,0,0,0,0,0
AURORA COURT RECREATION CLUB,Indoor Pool,2024-08-22,AURORA COURT RECREATION CLUB,Conditional Pass,3,1,2,0,3
AURORA COURT RECREATION CLUB,Indoor Pool,2024-12-23,AURORA COURT RECREATION CLUB,Pass,0,0,0,0,0
AURORA COURT RECREATION CLUB,Indoor Pool,2025-02-27,AURORA COURT RECREATION CLUB,Pass,1,1,0,0,1
AURORA COURT RECREATION CLUB,Indoor Pool,2025-05-23,AURORA COURT RECREATION CLUB,Pass,1,1,0,0,1
AURORA COURT RECREATION CLUB,Indoor Pool,2025-08-14,AURORA COURT RECREATION CLUB,Pass,1,1,0,0,1
AURORA COURT RECREATION CLUB,Indoor Pool,2025-11-03,AURORA COURT RECREATION CLUB,Pass,2,2,0,0,2
AURORA COURT RECREATION CLUB,Indoor Pool,2026-02-24,AURORA COURT RECREATION CLUB,Conditional Pass,3,1,1,1,2
AURORA COURT RECREATION CLUB,Indoor Pool,2026-05-22,AURORA COURT RECREATION CLUB,Pass,0,0,0,0,0
AVOCA APARTMENTS,Outdoor Pool,2024-10-01,10 AVOCA AVENUE,Pass,2,2,0,0,1
AVOCA APARTMENTS,Outdoor Pool,2025-07-25,10 AVOCA AVENUE,Closed,7,2,0,5,5
AVOCA APARTMENTS,Outdoor Pool,2025-07-28,10 AVOCA AVENUE,Pass,0,0,0,0,0
AVOCA APARTMENTS,Outdoor Pool,2026-06-01,10 AVOCA AVENUE,Pass,3,3,0,0,3
AVONSHIRE POOL,Indoor Pool,2024-07-11,AVONSHIRE,Pass,3,1,2,0,1
AVONSHIRE POOL,Indoor Pool,2024-10-17,AVONSHIRE,Pass,0,0,0,0,0
AVONSHIRE POOL,Indoor Pool,2025-04-07,AVONSHIRE,Pass,0,0,0,0,0
AVONSHIRE POOL,Indoor Pool,2025-07-21,AVONSHIRE,Pass,2,2,0,0,2
AVONSHIRE POOL,Indoor Pool,2025-10-06,AVONSHIRE,Pass,0,0,0,0,0
AVONSHIRE POOL,Indoor Pool,2026-01-06,AVONSHIRE,Pass,0,0,0,0,0
AVONSHIRE POOL,Indoor Pool,2026-05-15,AVONSHIRE,Pass,1,0,1,0,1
AVONSHIRE POOL,Indoor Pool,2026-08-05,AVONSHIRE,Pass,0,0,0,0,0
AVONSHIRE SPA,Spa Indoor,2024-07-11,AVONSHIRE,Pass,4,1,3,0,2
AVONSHIRE SPA,Spa Indoor,2024-10-17,AVONSHIRE,Pass,1,1,0,0,1
AVONSHIRE SPA,Spa Indoor,2025-04-07,AVONSHIRE,Conditional Pass,4,1,1,2,2
AVONSHIRE SPA,Spa Indoor,2025-04-09,AVONSHIRE,Pass,0,0,0,0,0
AVONSHIRE SPA,Spa Indoor,2025-07-21,AVONSHIRE,Conditional Pass,3,1,1,1,1
AVONSHIRE SPA,Spa Indoor,2025-07-23,AVONSHIRE,Pass,0,0,0,0,0
AVONSHIRE SPA,Spa Indoor,2025-10-06,AVONSHIRE,Pass,0,0,0,0,0
AVONSHIRE SPA,Spa Indoor,2026-01-06,AVONSHIRE,Pass,1,1,0,0,1
AVONSHIRE SPA,Spa Indoor,2026-05-15,AVONSHIRE,Pass,1,0,1,0,1
BACKSTAGE CONDO,Outdoor Pool,2025-06-10,BACKSTAGE CONDO,Conditional Pass,1,0,0,1,1
BACKSTAGE CONDO,Outdoor Pool,2025-06-19,BACKSTAGE CONDO,Pass,0,0,0,0,0
BACKSTAGE CONDO,Outdoor Pool,2025-09-17,BACKSTAGE CONDO,Pass,0,0,0,0,0
BACKSTAGE CONDO,Outdoor Pool,2026-08-11,BACKSTAGE CONDO,Pass,0,0,0,0,0
BACKSTAGE CONDO,Spa Indoor,2024-08-08,BAKSTAGE CONDO,Pass,0,0,0,0,0
BACKSTAGE CONDO,Spa Indoor,2024-11-14,BACKSTAGE CONDO,Pass,0,0,0,0,0
BACKSTAGE CONDO,Spa Indoor,2025-02-24,BACKSTAGE CONDO,Pass,0,0,0,0,0
BACKSTAGE CONDO,Spa Indoor,2025-05-06,BACKSTAGE CONDO,Conditional Pass,1,0,0,1,1
BACKSTAGE CONDO,Spa Indoor,2025-05-12,BACKSTAGE CONDO,Pass,0,0,0,0,0
BACKSTAGE CONDO,Spa Indoor,2025-12-18,BACKSTAGE CONDO,Pass,0,0,0,0,0
BACKSTAGE CONDO,Spa Indoor,2026-02-27,BACKSTAGE CONDO,Pass,0,0,0,0,0
BACKSTAGE CONDO,Spa Indoor,2026-05-14,BACKSTAGE CONDO,Pass,0,0,0,0,0
BACKSTAGE CONDO,Spa Indoor,2026-08-13,BACKSTAGE CONDO,Pass,0,0,0,0,0
BALFOUR SQUARE APARTMENTS,Outdoor Pool,2024-08-29,BALFOUR SQUARE APARTMENTS,Pass,1,1,0,0,1
BALFOUR SQUARE APARTMENTS,Outdoor Pool,2025-07-03,BALFOUR SQUARE APARTMENTS,Conditional Pass,5,2,1,2,4
BALFOUR SQUARE APARTMENTS,Outdoor Pool,2025-07-04,BALFOUR SQUARE APARTMENTS,Pass,0,0,0,0,0
BALFOUR SQUARE APARTMENTS,Outdoor Pool,2026-08-28,BALFOUR SQUARE APARTMENTS,Pass,0,0,0,0,0
BALLIOL PARK,Indoor Pool,2024-07-19,BALLIOL PARK,Pass,1,1,0,0,1
BALLIOL PARK,Indoor Pool,2024-10-09,BALLIOL PARK,Pass,2,2,0,0,2
BALLIOL PARK,Indoor Pool,2024-12-18,BALLIOL PARK,Pass,15,14,1,0,2
BALLIOL PARK,Indoor Pool,2025-03-11,BALLIOL PARK,Pass,0,0,0,0,0
BALLIOL PARK,Indoor Pool,2025-06-04,BALLIOL PARK,Pass,3,3,0,0,2
BALLIOL PARK,Indoor Pool,2025-09-12,BALLIOL PARK,Pass,3,3,0,0,2
BALLIOL PARK,Indoor Pool,2025-12-04,BALLIOL PARK,Pass,1,1,0,0,1
BALLIOL PARK,Indoor Pool,2026-02-11,BALLIOL PARK,Conditional Pass,4,1,2,1,3
BALLIOL PARK,Indoor Pool,2026-02-19,BALLIOL PARK,Pass,0,0,0,0,0
BALLIOL PARK,Indoor Pool,2026-05-25,BALLIOL PARK,Pass,4,2,2,0,4
BALLIOL PARK - DAVISVILLE TOWER,Outdoor Pool,2024-07-19,BALLIOL PARK - DAVISVILLE TOWER,Pass,1,1,0,0,1
BALLIOL PARK - DAVISVILLE TOWER,Outdoor Pool,2025-08-05,BALLIOL PARK - DAVISVILLE TOWER,Closed,8,3,2,3,6
BALLIOL PARK - DAVISVILLE TOWER,Outdoor Pool,2025-08-12,BALLIOL PARK - DAVISVILLE TOWER,Pass,0,0,0,0,0
BALLIOL PARK - DAVISVILLE TOWER,Outdoor Pool,2026-09-18,BALLIOL PARK - DAVISVILLE TOWER,Closed,6,1,4,1,3
BALLIOL PARK - SPA,Spa Indoor,2024-07-19,BALLIOL PARK,Pass,1,1,0,0,1
BALLIOL PARK - SPA,Spa Indoor,2024-10-09,BALLIOL PARK,Pass,2,2,0,0,2
BALLIOL PARK - SPA,Spa Indoor,2024-12-18,BALLIOL PARK,Pass,2,1,1,0,1
BALLIOL PARK - SPA,Spa Indoor,2025-03-11,BALLIOL PARK,Conditional Pass,1,0,1,0,1
BALLIOL PARK - SPA,Spa Indoor,2025-03-14,BALLIOL PARK,Pass,0,0,0,0,0
BALLIOL PARK - SPA,Spa Indoor,2025-06-04,BALLIOL PARK,Pass,3,3,0,0,2
BALLIOL PARK - SPA,Spa Indoor,2025-09-12,BALLIOL PARK,Pass,1,1,0,0,1
BALLIOL PARK - SPA,Spa Indoor,2025-12-04,BALLIOL PARK,Pass,0,0,0,0,0
BALLIOL PARK - SPA,Spa Indoor,2026-02-11,BALLIOL PARK,Conditional Pass,4,1,2,1,3
BALLIOL PARK - SPA,Spa Indoor,2026-02-19,BALLIOL PARK,Pass,0,0,0,0,0
BALLIOL PARK - SPA,Spa Indoor,2026-05-25,BALLIOL PARK,Pass,3,3,0,0,3
BAMBURGH GATE SHARED FACILITIES,Indoor Pool,2024-07-15,1883 MCNICOLL AVE,Pass,0,0,0,0,0
BAMBURGH GATE SHARED FACILITIES,Indoor Pool,2024-10-16,1883 MCNICOLL AVE,Pass,0,0,0,0,0
BAMBURGH GATE SHARED FACILITIES,Indoor Pool,2025-01-16,1883 MCNICOLL AVE,Pass,1,1,0,0,1
BAMBURGH GATE SHARED FACILITIES,Indoor Pool,2025-05-23,1883 MCNICOLL AVE,Pass,1,1,0,0,1
BAMBURGH GATE SHARED FACILITIES,Indoor Pool,2025-09-08,1883 MCNICOLL AVE,Pass,1,1,0,0,1
BAMBURGH GATE SHARED FACILITIES,Indoor Pool,2025-11-28,1883 MCNICOLL AVE,Pass,0,0,0,0,0
BAMBURGH GATE SHARED FACILITIES,Indoor Pool,2026-03-31,1883 MCNICOLL AVE,Conditional Pass,4,1,2,1,3
BAMBURGH GATE SHARED FACILITIES,Indoor Pool,2026-04-14,1883 MCNICOLL AVE,Pass,0,0,0,0,0
BAMBURGH GATE SHARED FACILITIES,Indoor Pool,2026-06-26,1883 MCNICOLL AVE,Pass,2,2,0,0,2
BAMBURGH GATE SHARED FACILITIES,Spa Indoor,2024-07-15,1883 MCNICOLL AVE,Conditional Pass,1,0,0,1,1
BAMBURGH GATE SHARED FACILITIES,Spa Indoor,2024-08-16,1883 MCNICOLL AVE,Pass,0,0,0,0,0
BAMBURGH GATE SHARED FACILITIES,Spa Indoor,2024-10-24,1883 MCNICOLL AVE,Pass,3,3,0,0,2
BAMBURGH GATE SHARED FACILITIES,Spa Indoor,2025-01-16,1883 MCNICOLL AVE,Conditional Pass,3,0,1,2,2
BAMBURGH GATE SHARED FACILITIES,Spa Indoor,2025-02-05,1883 MCNICOLL AVE,Pass,2,2,0,0,2
BAMBURGH GATE SHARED FACILITIES,Spa Indoor,2025-11-28,1883 MCNICOLL AVE,Conditional Pass,2,0,1,1,1
BAMBURGH GATE SHARED FACILITIES,Spa Indoor,2026-01-05,1883 MCNICOLL AVE,Closed,2,0,0,2,2
BAMBURGH GATE SHARED FACILITIES,Spa Indoor,2026-01-08,1883 MCNICOLL AVE,Conditional Pass,1,0,0,1,1
BAMBURGH GATE SHARED FACILITIES,Spa Indoor,2026-01-09,1883 MCNICOLL AVE,Pass,1,1,0,0,1
BAMBURGH GATE SHARED FACILITIES,Spa Indoor,2026-03-31,1883 MCNICOLL AVE,Conditional Pass,2,0,2,0,2
BAMBURGH GATE SHARED FACILITIES,Spa Indoor,2026-04-13,1883 MCNICOLL AVE,Pass,0,0,0,0,0
BAMBURGH GATE SHARED FACILITIES,Spa Indoor,2026-06-26,1883 MCNICOLL AVE,Conditional Pass,3,1,1,1,1
BAMBURGH GATE SHARED FACILITIES,Spa Indoor,2026-08-27,1883 MCNICOLL AVE,Pass,0,0,0,0,0
BARCLAY TERRACE,Indoor Pool,2024-09-17,BARCLAY TERRACE,Pass,0,0,0,0,0
BARCLAY TERRACE,Indoor Pool,2024-12-10,BARCLAY TERRACE,Pass,0,0,0,0,0
BARCLAY TERRACE,Indoor Pool,2025-03-18,BARCLAY TERRACE,Pass,0,0,0,0,0
BARCLAY TERRACE,Indoor Pool,2025-06-19,BARCLAY TERRACE,Pass,0,0,0,0,0
BARCLAY TERRACE,Indoor Pool,2025-09-22,BARCLAY TERRACE,Pass,0,0,0,0,0
BARCLAY TERRACE,Indoor Pool,2025-12-08,BARCLAY TERRACE,Pass,0,0,0,0,0
BARCLAY TERRACE,Indoor Pool,2026-03-06,BARCLAY TERRACE,Pass,0,0,0,0,0
BARCLAY TERRACE,Indoor Pool,2026-04-29,BARCLAY TERRACE,Pass,0,0,0,0,0
BARCLAY TERRACE,Indoor Pool,2026-07-16,BARCLAY TERRACE,Conditional Pass,3,2,0,1,2
BARCLAY TERRACE,Indoor Pool,2026-07-23,BARCLAY TERRACE,Closed,5,1,1,3,3
BARCLAY TERRACE,Indoor Pool,2026-07-27,BARCLAY TERRACE,Conditional Pass,2,1,1,0,2
BARCLAY TERRACE,Indoor Pool,2026-08-17,BARCLAY TERRACE,Pass,0,0,0,0,0
BARCLAY TERRACE HOT TUB (SPA A),Spa Indoor,2024-09-17,BARCLAY TERRACE,Pass,0,0,0,0,0
BARCLAY TERRACE HOT TUB (SPA A),Spa Indoor,2024-12-10,BARCLAY TERRACE,Pass,0,0,0,0,0
BARCLAY TERRACE HOT TUB (SPA A),Spa Indoor,2025-03-18,BARCLAY TERRACE,Pass,0,0,0,0,0
BARCLAY TERRACE HOT TUB (SPA A),Spa Indoor,2025-06-19,BARCLAY TERRACE,Pass,0,0,0,0,0
BARCLAY TERRACE HOT TUB (SPA A),Spa Indoor,2025-09-22,BARCLAY TERRACE,Pass,0,0,0,0,0
BARCLAY TERRACE HOT TUB (SPA A),Spa Indoor,2025-12-08,BARCLAY TERRACE,Pass,0,0,0,0,0
BARCLAY TERRACE HOT TUB (SPA A),Spa Indoor,2026-03-06,BARCLAY TERRACE,Pass,0,0,0,0,0
BARCLAY TERRACE HOT TUB (SPA A),Spa Indoor,2026-04-29,BARCLAY TERRACE,Pass,0,0,0,0,0
BARCLAY TERRACE WHIRLPOOL (SPA B),Spa Indoor,2024-09-17,BARCLAY TERRACE,Pass,0,0,0,0,0
BARCLAY TERRACE WHIRLPOOL (SPA B),Spa Indoor,2024-12-10,BARCLAY TERRACE,Pass,0,0,0,0,0
BARCLAY TERRACE WHIRLPOOL (SPA B),Spa Indoor,2025-03-18,BARCLAY TERRACE,Pass,0,0,0,0,0
BARCLAY TERRACE WHIRLPOOL (SPA B),Spa Indoor,2025-06-19,BARCLAY TERRACE,Pass,0,0,0,0,0
BARCLAY TERRACE WHIRLPOOL (SPA B),Spa Indoor,2025-09-22,BARCLAY TERRACE,Pass,0,0,0,0,0
BARCLAY TERRACE WHIRLPOOL (SPA B),Spa Indoor,2025-12-08,BARCLAY TERRACE,Pass,0,0,0,0,0
BARCLAY TERRACE WHIRLPOOL (SPA B),Spa Indoor,2026-07-16,BARCLAY TERRACE,Conditional Pass,3,1,1,1,3
BARCLAY TERRACE WHIRLPOOL (SPA B),Spa Indoor,2026-07-23,BARCLAY TERRACE,Conditional Pass,1,0,0,1,1
BARCLAY TERRACE WHIRLPOOL (SPA B),Spa Indoor,2026-08-17,BARCLAY TERRACE,Pass,0,0,0,0,0
BATHURST TOWERS POOL,Outdoor Pool,2024-07-23,FOREST SQUARE,Pass,2,2,0,0,2
BATHURST TOWERS POOL,Outdoor Pool,2025-07-22,FOREST SQUARE,Pass,3,3,0,0,2
BATHURST TOWERS POOL,Outdoor Pool,2026-08-18,FOREST SQUARE,Pass,3,2,1,0,3
BAY CHARLES APARTMENTS SWIMMING POOL,Indoor Pool,2024-07-26,BAY CHARLES APARTMENTS,Closed,3,1,0,2,3
BAY CHARLES APARTMENTS SWIMMING POOL,Indoor Pool,2024-07-31,BAY CHARLES APARTMENTS,Pass,0,0,0,0,0
BAY CHARLES APARTMENTS SWIMMING POOL,Indoor Pool,2024-11-05,BAY CHARLES APARTMENTS,Pass,1,1,0,0,1
BAY CHARLES APARTMENTS SWIMMING POOL,Indoor Pool,2025-02-12,BAY CHARLES APARTMENTS,Pass,0,0,0,0,0
BAY CHARLES APARTMENTS SWIMMING POOL,Indoor Pool,2025-05-08,BAY CHARLES APARTMENTS,Pass,0,0,0,0,0
BAY CHARLES APARTMENTS SWIMMING POOL,Indoor Pool,2025-08-20,BAY CHARLES APARTMENTS,Pass,0,0,0,0,0
BAY CHARLES APARTMENTS SWIMMING POOL,Indoor Pool,2025-11-18,BAY CHARLES APARTMENTS,Pass,0,0,0,0,0
BAY CHARLES APARTMENTS SWIMMING POOL,Indoor Pool,2026-02-23,BAY CHARLES APARTMENTS,Pass,0,0,0,0,0
BAY CHARLES APARTMENTS SWIMMING POOL,Indoor Pool,2026-05-20,BAY CHARLES APARTMENTS,Pass,0,0,0,0,0
BAYCREST TERRACE POOL,Indoor Pool,2024-07-10,BAYCREST TERRACE,Pass,0,0,0,0,0
BAYCREST TERRACE POOL,Indoor Pool,2024-10-15,BAYCREST TERRACE,Pass,0,0,0,0,0
BAYCREST TERRACE POOL,Indoor Pool,2025-03-13,BAYCREST TERRACE,Pass,0,0,0,0,0
BAYCREST TERRACE POOL,Indoor Pool,2025-05-21,BAYCREST TERRACE,Pass,0,0,0,0,0
BAYCREST TERRACE POOL,Indoor Pool,2025-09-29,BAYCREST TERRACE,Pass,2,2,0,0,2
BAYCREST TERRACE POOL,Indoor Pool,2025-12-12,BAYCREST TERRACE,Pass,1,1,0,0,1
BAYCREST TERRACE POOL,Indoor Pool,2026-03-23,BAYCREST TERRACE,Pass,4,4,0,0,3
BAYCREST TERRACE POOL,Indoor Pool,2026-06-10,BAYCREST TERRACE,Pass,2,2,0,0,2
BAYVIEW GLEN SCHOOL – DUNCAN CAMPUS,Indoor Pool,2026-06-05,BAYVIEW GLEN SCHOOL – DUNCAN CAMPUS,Pass,0,0,0,0,0
BAYVIEW MEWS POOL,Outdoor Pool,2025-07-10,BAYVIEW MEWS,Conditional Pass,2,0,0,2,2
BAYVIEW MEWS POOL,Outdoor Pool,2025-07-22,BAYVIEW MEWS,Pass,0,0,0,0,0
BAYVIEW PLACE POOL,Outdoor Pool,2024-07-18,BAYVIEW PLACE,Conditional Pass,6,3,1,2,4
BAYVIEW PLACE POOL,Outdoor Pool,2024-07-25,BAYVIEW PLACE,Pass,0,0,0,0,0
BAYVIEW PLACE POOL,Outdoor Pool,2025-06-25,BAYVIEW PLACE,Pass,1,1,0,0,1
BAYVIEW PLACE POOL,Outdoor Pool,2026-08-20,BAYVIEW PLACE,Pass,5,5,0,0,3
BAYVIEW TOWERS APARTMENTS,Outdoor Pool,2024-07-18,BAYVIEW TOWERS APARTMENTS,Pass,2,2,0,0,1
BAYVIEW TOWERS APARTMENTS,Outdoor Pool,2025-07-22,BAYVIEW TOWERS APARTMENTS,Conditional Pass,1,0,0,1,1
BAYVIEW TOWERS APARTMENTS,Outdoor Pool,2025-07-25,BAYVIEW TOWERS APARTMENTS,Pass,0,0,0,0,0
BAYVIEW VILLAGE APT POOL,Outdoor Pool,2024-07-09,11:00-20:00,Pass,0,0,0,0,0
BAYVIEW VILLAGE APT POOL,Outdoor Pool,2025-06-26,11:00-20:00,Pass,0,0,0,0,0
BAYVIEW VILLAGE APT POOL,Outdoor Pool,2026-07-24,11:00-20:00,Conditional Pass,9,4,3,2,5
BAYVIEW VILLAGE APT POOL,Outdoor Pool,2026-07-27,11:00-20:00,Pass,1,1,0,0,1
BEACH PARIS -VENUS POOL -CLASS B OUTDOOR POOL,Outdoor Pool,2024-07-31,BEACH PARIS,Pass,0,0,0,0,0
BEACH PARIS -VENUS POOL -CLASS B OUTDOOR POOL,Outdoor Pool,2025-07-23,BEACH PARIS,Pass,0,0,0,0,0
BEACH PARIS-- FANTASY POOL,Outdoor Pool,2024-07-31,BEACH PARIS,Pass,0,0,0,0,0
BEACH PARIS-- FANTASY POOL,Outdoor Pool,2025-07-23,BEACH PARIS,Pass,0,0,0,0,0
BELLAMY PLACE POOL,Outdoor Pool,2024-07-23,BELLAMY PLACE,Conditional Pass,2,0,2,0,2
BELLAMY PLACE POOL,Outdoor Pool,2024-07-26,BELLAMY PLACE,Pass,0,0,0,0,0
BELLAMY PLACE POOL,Outdoor Pool,2025-07-07,BELLAMY PLACE,Pass,1,1,0,0,1
BELLAMY PLACE POOL,Outdoor Pool,2026-07-17,BELLAMY PLACE,Conditional Pass,6,5,0,1,4
BELLAMY PLACE POOL,Outdoor Pool,2026-07-27,BELLAMY PLACE,Pass,1,1,0,0,1
BERCZY CONDO,Spa Indoor,2025-02-24,BERCZY CONDO,Pass,0,0,0,0,0
BERCZY CONDO,Spa Indoor,2025-05-21,BERCZY CONDO,Pass,0,0,0,0,0
BERCZY CONDO,Spa Indoor,2025-09-08,BERCZY CONDO,Pass,0,0,0,0,0
BERCZY CONDO,Spa Indoor,2025-11-14,BERCZY CONDO,Pass,0,0,0,0,0
BERCZY CONDO,Spa Indoor,2026-02-12,BERCZY CONDO,Conditional Pass,1,0,0,1,1
BERCZY CONDO,Spa Indoor,2026-02-13,BERCZY CONDO,Pass,0,0,0,0,0
BERCZY CONDO,Spa Indoor,2026-04-27,BERCZY CONDO,Pass,1,1,0,0,1
BERCZY CONDO,Spa Indoor,2026-07-31,BERCZY CONDO,Pass,0,0,0,0,0
BERKSHIRE HOUSE - INDOOR POOL,Indoor Pool,2024-09-19,BERKSHIRE HOUSE,Conditional Pass,2,1,1,0,1
BERKSHIRE HOUSE - INDOOR POOL,Indoor Pool,2025-04-02,BERKSHIRE HOUSE,Pass,0,0,0,0,0
BERKSHIRE HOUSE - INDOOR POOL,Indoor Pool,2025-07-24,BERKSHIRE HOUSE,Pass,0,0,0,0,0
BERKSHIRE HOUSE - INDOOR POOL,Indoor Pool,2025-11-04,BERKSHIRE HOUSE,Pass,2,2,0,0,1
BERKSHIRE HOUSE - INDOOR POOL,Indoor Pool,2026-04-23,BERKSHIRE HOUSE,Pass,1,1,0,0,1
BEST WESTERN,Indoor Pool,2024-09-09,TRAVELODGE,Conditional Pass,2,1,1,0,2
BEST WESTERN,Indoor Pool,2024-09-10,TRAVELODGE,Pass,0,0,0,0,0
BEST WESTERN,Indoor Pool,2024-11-07,TRAVELODGE,Pass,0,0,0,0,0
BEST WESTERN,Indoor Pool,2025-04-08,TRAVELODGE,Pass,1,1,0,0,1
BEST WESTERN,Indoor Pool,2025-09-23,TRAVELODGE,Pass,2,2,0,0,2
BEST WESTERN,Indoor Pool,2025-10-09,TRAVELODGE,Pass,1,0,1,0,1
BEST WESTERN,Indoor Pool,2026-02-04,TRAVELODGE,Pass,2,1,1,0,2
BEST WESTERN,Indoor Pool,2026-04-14,TRAVELODGE,Conditional Pass,5,2,2,1,3
BEST WESTERN,Indoor Pool,2026-05-04,TRAVELODGE,Pass,0,0,0,0,0
BEST WESTERN,Indoor Pool,2026-08-19,TRAVELODGE,Pass,0,0,0,0,0
BEST WESTERN PLUS,Indoor Pool,2024-07-25,BEST WESTERN EXECUTIVE INN,Pass,0,0,0,0,0
BEST WESTERN PLUS,Indoor Pool,2024-10-03,BEST WESTERN EXECUTIVE INN,Pass,3,3,0,0,3
BEST WESTERN PLUS,Indoor Pool,2025-01-06,BEST WESTERN EXECUTIVE INN,Pass,0,0,0,0,0
BEST WESTERN PLUS,Indoor Pool,2025-04-07,BEST WESTERN EXECUTIVE INN,Pass,2,2,0,0,2
BEST WESTERN PLUS,Indoor Pool,2025-07-25,BEST WESTERN EXECUTIVE INN,Pass,2,2,0,0,2
BEST WESTERN PLUS,Indoor Pool,2025-10-16,BEST WESTERN EXECUTIVE INN,Pass,0,0,0,0,0
BEST WESTERN PLUS,Indoor Pool,2026-01-08,BEST WESTERN EXECUTIVE INN,Pass,0,0,0,0,0
BEST WESTERN PLUS,Indoor Pool,2026-04-14,BEST WESTERN EXECUTIVE INN,Pass,2,2,0,0,1
BEST WESTERN PLUS,Indoor Pool,2026-07-16,BEST WESTERN EXECUTIVE INN,Pass,1,1,0,0,1
BEST WESTERN PREMIER TORONTO AIRPORT CARLINGVIEW,Indoor Pool,2024-07-10,BEST WESTERN PREMIER TORONTO AIRPORT CARLINGVIEW,Pass,0,0,0,0,0
BEST WESTERN PREMIER TORONTO AIRPORT CARLINGVIEW,Indoor Pool,2026-02-26,BEST WESTERN PREMIER TORONTO AIRPORT CARLINGVIEW,Pass,7,4,3,0,2
BEST WESTERN PREMIER TORONTO AIRPORT CARLINGVIEW,Indoor Pool,2026-04-16,BEST WESTERN PREMIER TORONTO AIRPORT CARLINGVIEW,Conditional Pass,4,2,2,0,2
BEST WESTERN PREMIER TORONTO AIRPORT CARLINGVIEW,Indoor Pool,2026-04-23,BEST WESTERN PREMIER TORONTO AIRPORT CARLINGVIEW,Pass,0,0,0,0,0
BEST WESTERN PREMIER TORONTO AIRPORT CARLINGVIEW,Indoor Pool,2026-07-27,BEST WESTERN PREMIER TORONTO AIRPORT CARLINGVIEW,Pass,1,1,0,0,1
BEST WESTERN PREMIER TORONTO AIRPORT CARLINGVIEW,Spa Indoor,2024-07-10,BEST WESTERN PREMIER TORONTO AIRPORT CARLINGVIEW,Pass,1,1,0,0,1
BEST WESTERN PREMIER TORONTO AIRPORT CARLINGVIEW,Spa Indoor,2024-11-13,BEST WESTERN PREMIER TORONTO AIRPORT CARLINGVIEW,Pass,0,0,0,0,0
BEST WESTERN PREMIER TORONTO AIRPORT CARLINGVIEW,Spa Indoor,2025-02-18,BEST WESTERN PREMIER TORONTO AIRPORT CARLINGVIEW,Pass,0,0,0,0,0
BEST WESTERN PREMIER TORONTO AIRPORT CARLINGVIEW,Spa Indoor,2025-04-07,BEST WESTERN PREMIER TORONTO AIRPORT CARLINGVIEW,Pass,0,0,0,0,0
BEST WESTERN PREMIER TORONTO AIRPORT CARLINGVIEW,Spa Indoor,2025-09-12,BEST WESTERN PREMIER TORONTO AIRPORT CARLINGVIEW,Pass,0,0,0,0,0
BEST WESTERN PREMIER TORONTO AIRPORT CARLINGVIEW,Spa Indoor,2025-11-17,BEST WESTERN PREMIER TORONTO AIRPORT CARLINGVIEW,Pass,0,0,0,0,0
BEST WESTERN PREMIER TORONTO AIRPORT CARLINGVIEW,Spa Indoor,2026-02-26,BEST WESTERN PREMIER TORONTO AIRPORT CARLINGVIEW,Pass,8,4,4,0,3
BEST WESTERN PREMIER TORONTO AIRPORT CARLINGVIEW,Spa Indoor,2026-04-16,BEST WESTERN PREMIER TORONTO AIRPORT CARLINGVIEW,Conditional Pass,9,4,4,1,4
BEST WESTERN PREMIER TORONTO AIRPORT CARLINGVIEW,Spa Indoor,2026-04-23,BEST WESTERN PREMIER TORONTO AIRPORT CARLINGVIEW,Pass,2,2,0,0,2
BEST WESTERN PREMIER TORONTO AIRPORT CARLINGVIEW,Spa Indoor,2026-07-27,BEST WESTERN PREMIER TORONTO AIRPORT CARLINGVIEW,Pass,0,0,0,0,0
BEST WESTERN TORONTO SPA,Spa Indoor,2024-09-09,TRAVELODGE,Conditional Pass,2,0,0,2,2
BEST WESTERN TORONTO SPA,Spa Indoor,2024-09-10,TRAVELODGE,Pass,0,0,0,0,0
BEST WESTERN TORONTO SPA,Spa Indoor,2024-11-07,TRAVELODGE,Pass,0,0,0,0,0
BEST WESTERN TORONTO SPA,Spa Indoor,2025-04-08,TRAVELODGE,Pass,0,0,0,0,0
BEST WESTERN TORONTO SPA,Spa Indoor,2025-10-09,TRAVELODGE,Pass,2,1,1,0,2
BEST WESTERN TORONTO SPA,Spa Indoor,2026-02-04,TRAVELODGE,Pass,2,1,1,0,2
BEST WESTERN TORONTO SPA,Spa Indoor,2026-04-14,TRAVELODGE,Conditional Pass,5,1,2,2,4
BEST WESTERN TORONTO SPA,Spa Indoor,2026-05-04,TRAVELODGE,Pass,0,0,0,0,0
BEST WESTERN TORONTO SPA,Spa Indoor,2026-08-19,TRAVELODGE,Pass,0,0,0,0,0
BEVERLEY ST. SCHOOL,Indoor Pool,2024-07-24,BEVERLEY ST. SCHOOL,Pass,0,0,0,0,0
BEVERLEY ST. SCHOOL,Indoor Pool,2024-10-10,BEVERLEY ST. SCHOOL,Pass,0,0,0,0,0
BEVERLEY ST. SCHOOL,Indoor Pool,2025-01-10,BEVERLEY ST. SCHOOL,Pass,0,0,0,0,0
BEVERLEY ST. SCHOOL,Indoor Pool,2025-04-10,BEVERLEY ST. SCHOOL,Pass,0,0,0,0,0
BEVERLEY ST. SCHOOL,Indoor Pool,2025-07-28,BEVERLEY ST. SCHOOL,Pass,0,0,0,0,0
BEVERLEY ST. SCHOOL,Indoor Pool,2025-10-28,BEVERLEY ST. SCHOOL,Pass,0,0,0,0,0
BEVERLEY ST. SCHOOL,Indoor Pool,2026-01-28,BEVERLEY ST. SCHOOL,Pass,0,0,0,0,0
BEVERLEY ST. SCHOOL,Indoor Pool,2026-05-22,BEVERLEY ST. SCHOOL,Pass,0,0,0,0,0
BEYOND THE SEA,Spa Indoor,2024-08-02,BEYOND THE SEA,Conditional Pass,1,0,0,1,1
BEYOND THE SEA,Spa Indoor,2024-08-03,BEYOND THE SEA,Pass,0,0,0,0,0
BEYOND THE SEA,Spa Indoor,2024-11-05,BEYOND THE SEA,Pass,0,0,0,0,0
BEYOND THE SEA,Spa Indoor,2025-02-05,BEYOND THE SEA,Pass,0,0,0,0,0
BEYOND THE SEA,Spa Indoor,2025-06-13,BEYOND THE SEA,Pass,0,0,0,0,0
BEYOND THE SEA,Spa Indoor,2025-09-16,BEYOND THE SEA,Pass,0,0,0,0,0
BEYOND THE SEA,Spa Indoor,2025-12-12,BEYOND THE SEA,Pass,0,0,0,0,0
BEYOND THE SEA,Spa Indoor,2026-02-12,BEYOND THE SEA,Pass,0,0,0,0,0
BEYOND THE SEA,Spa Indoor,2026-06-10,BEYOND THE SEA,Pass,0,0,0,0,0
BEYOND THE SEA,Spa Indoor,2026-08-07,BEYOND THE SEA,Pass,0,0,0,0,0
BEYOND THE SEAS,Indoor Pool,2024-08-02,BEYOND THE SEA,Pass,0,0,0,0,0
BEYOND THE SEAS,Indoor Pool,2024-11-05,BEYOND THE SEA,Pass,0,0,0,0,0
BEYOND THE SEAS,Indoor Pool,2025-02-05,BEYOND THE SEA,Pass,0,0,0,0,0
BEYOND THE SEAS,Indoor Pool,2025-06-13,BEYOND THE SEA,Pass,0,0,0,0,0
BEYOND THE SEAS,Indoor Pool,2025-09-16,BEYOND THE SEA,Pass,0,0,0,0,0
BEYOND THE SEAS,Indoor Pool,2025-12-12,BEYOND THE SEA,Pass,0,0,0,0,0
BEYOND THE SEAS,Indoor Pool,2026-02-12,BEYOND THE SEA,Pass,0,0,0,0,0
BEYOND THE SEAS,Indoor Pool,2026-06-10,BEYOND THE SEA,Pass,0,0,0,0,0
BEYOND THE SEAS,Indoor Pool,2026-08-07,BEYOND THE SEA,Pass,0,0,0,0,0
BIRCH HOUSE,Outdoor Pool,2025-05-30,BIRCH HOUSE,Pass,0,0,0,0,0
BIRCH HOUSE,Outdoor Pool,2026-07-22,BIRCH HOUSE,Pass,0,0,0,0,0
BIRCHMOUNT LEISURE POOL,Indoor Pool,2024-09-25,BIRCHMOUNT COMMUNITY CENTRE,Pass,1,1,0,0,1
BIRCHMOUNT LEISURE POOL,Indoor Pool,2024-12-18,BIRCHMOUNT COMMUNITY CENTRE,Pass,0,0,0,0,0
BIRCHMOUNT LEISURE POOL,Indoor Pool,2025-03-27,BIRCHMOUNT COMMUNITY CENTRE,Pass,1,0,1,0,1
BIRCHMOUNT LEISURE POOL,Indoor Pool,2025-09-30,BIRCHMOUNT COMMUNITY CENTRE,Conditional Pass,2,0,1,1,2
BIRCHMOUNT LEISURE POOL,Indoor Pool,2025-10-10,BIRCHMOUNT COMMUNITY CENTRE,Pass,0,0,0,0,0
BIRCHMOUNT LEISURE POOL,Indoor Pool,2025-12-17,BIRCHMOUNT COMMUNITY CENTRE,Pass,1,1,0,0,1
BIRCHMOUNT LEISURE POOL,Indoor Pool,2026-03-23,BIRCHMOUNT COMMUNITY CENTRE,Pass,4,4,0,0,3
BIRCHMOUNT LEISURE POOL,Indoor Pool,2026-08-17,BIRCHMOUNT COMMUNITY CENTRE,Pass,1,1,0,0,1
BIRCHMOUNT LEISURE POOL,Spa Indoor,2024-09-25,BIRCHMOUNT COMMUNITY CENTRE,Pass,0,0,0,0,0
BIRCHMOUNT LEISURE POOL,Spa Indoor,2025-09-30,BIRCHMOUNT COMMUNITY CENTRE,Pass,1,1,0,0,1
BIRCHMOUNT LEISURE POOL,Spa Indoor,2025-12-17,BIRCHMOUNT COMMUNITY CENTRE,Pass,1,1,0,0,1
BIRCHMOUNT LEISURE POOL,Spa Indoor,2026-09-02,BIRCHMOUNT COMMUNITY CENTRE,Pass,2,1,1,0,1
BISHA HOTEL TORONTO,Outdoor Pool,2024-09-09,BISHA HOTEL TORONTO,Pass,0,0,0,0,0
BISHA HOTEL TORONTO,Outdoor Pool,2026-07-23,BISHA HOTEL TORONTO,Pass,0,0,0,0,0
BISHOP MARROCCO THOMAS MERTON SECONDARY SCHOOL,Indoor Pool,2024-09-25,BISHOP MAROCCO THOMAS MERTON,Pass,1,1,0,0,1
BISHOP MARROCCO THOMAS MERTON SECONDARY SCHOOL,Indoor Pool,2024-12-05,BISHOP MAROCCO THOMAS MERTON,Pass,0,0,0,0,0
BISHOP MARROCCO THOMAS MERTON SECONDARY SCHOOL,Indoor Pool,2025-02-10,BISHOP MAROCCO THOMAS MERTON,Pass,2,2,0,0,2
BISHOP MARROCCO THOMAS MERTON SECONDARY SCHOOL,Indoor Pool,2025-06-23,BISHOP MAROCCO THOMAS MERTON,Pass,0,0,0,0,0
BISHOP MARROCCO THOMAS MERTON SECONDARY SCHOOL,Indoor Pool,2025-09-25,BISHOP MAROCCO THOMAS MERTON,Closed,6,2,0,4,4
BISHOP MARROCCO THOMAS MERTON SECONDARY SCHOOL,Indoor Pool,2025-11-20,BISHOP MAROCCO THOMAS MERTON,Pass,3,3,0,0,3
BISHOP MARROCCO THOMAS MERTON SECONDARY SCHOOL,Indoor Pool,2026-02-05,BISHOP MAROCCO THOMAS MERTON,Pass,2,2,0,0,2
BISHOP MARROCCO THOMAS MERTON SECONDARY SCHOOL,Indoor Pool,2026-06-22,BISHOP MAROCCO THOMAS MERTON,Conditional Pass,4,3,1,0,1
BISHOP MARROCCO THOMAS MERTON SECONDARY SCHOOL,Indoor Pool,2026-06-24,BISHOP MAROCCO THOMAS MERTON,Pass,0,0,0,0,0
BISHOP STRACHAN SCHOOL - INDOOR POOL,Indoor Pool,2024-09-23,BISHOP STRACHAN SCHOOL,Pass,1,1,0,0,1
BISHOP STRACHAN SCHOOL - INDOOR POOL,Indoor Pool,2024-12-20,BISHOP STRACHAN SCHOOL,Pass,1,1,0,0,1
BISHOP STRACHAN SCHOOL - INDOOR POOL,Indoor Pool,2025-03-19,BISHOP STRACHAN SCHOOL,Pass,0,0,0,0,0
BISHOP STRACHAN SCHOOL - INDOOR POOL,Indoor Pool,2025-05-23,BISHOP STRACHAN SCHOOL,Pass,0,0,0,0,0
BISHOP STRACHAN SCHOOL - INDOOR POOL,Indoor Pool,2025-10-28,BISHOP STRACHAN SCHOOL,Pass,1,1,0,0,1
BISHOP STRACHAN SCHOOL - INDOOR POOL,Indoor Pool,2026-02-26,BISHOP STRACHAN SCHOOL,Pass,1,1,0,0,1
BISHOP STRACHAN SCHOOL - INDOOR POOL,Indoor Pool,2026-05-08,BISHOP STRACHAN SCHOOL,Pass,0,0,0,0,0
BLACKTHORN MANOR,Outdoor Pool,2026-08-06,BLACKTHORN MANOR,Closed,17,6,5,6,7
BLACKTHORN MANOR,Outdoor Pool,2026-09-04,BLACKTHORN MANOR,Conditional Pass,4,1,3,0,3
BLANTYRE WALK TO POOL,Outdoor Pool,2024-07-09,BLANTYRE PARK,Pass,4,4,0,0,3
BLANTYRE WALK TO POOL,Outdoor Pool,2025-07-21,BLANTYRE PARK,Pass,1,1,0,0,1
BLISS,Indoor Pool,2024-07-10,BLISS CONDOS,Pass,0,0,0,0,0
BLISS,Indoor Pool,2024-10-30,BLISS CONDOS,Pass,1,1,0,0,1
BLISS,Indoor Pool,2025-01-28,BLISS CONDOS,Pass,0,0,0,0,0
BLISS,Indoor Pool,2025-05-01,BLISS CONDOS,Pass,0,0,0,0,0
BLISS,Indoor Pool,2025-08-28,BLISS CONDOS,Conditional Pass,1,0,0,1,1
BLISS,Indoor Pool,2025-09-04,BLISS CONDOS,Pass,0,0,0,0,0
BLISS,Indoor Pool,2025-11-03,BLISS CONDOS,Pass,0,0,0,0,0
BLISS,Indoor Pool,2026-01-05,BLISS CONDOS,Pass,0,0,0,0,0
BLISS,Indoor Pool,2026-04-16,BLISS CONDOS,Pass,1,1,0,0,1
BLISS,Indoor Pool,2026-07-17,BLISS CONDOS,Pass,0,0,0,0,0
BLISS,Spa Indoor,2024-10-30,BLISS CONDOS,Pass,1,1,0,0,1
BLISS,Spa Indoor,2025-03-04,BLISS CONDOS,Pass,0,0,0,0,0
BLISS,Spa Indoor,2025-05-01,BLISS CONDOS,Closed,2,0,0,2,2
BLISS,Spa Indoor,2025-05-15,BLISS CONDOS,Pass,0,0,0,0,0
BLISS,Spa Indoor,2026-04-16,BLISS CONDOS,Pass,0,0,0,0,0
BLOCK 12 - SEASONS CONDOMINIUM POOL,Indoor Pool,2024-08-22,BLOCK 12 - SEASONS CONDOMINIUM,Pass,0,0,0,0,0
BLOCK 12 - SEASONS CONDOMINIUM POOL,Indoor Pool,2024-11-21,BLOCK 12 - SEASONS CONDOMINIUM,Pass,0,0,0,0,0
BLOCK 12 - SEASONS CONDOMINIUM POOL,Indoor Pool,2025-03-28,BLOCK 12 - SEASONS CONDOMINIUM,Pass,0,0,0,0,0
BLOCK 12 - SEASONS CONDOMINIUM POOL,Indoor Pool,2025-06-16,BLOCK 12 - SEASONS CONDOMINIUM,Pass,0,0,0,0,0
BLOCK 12 - SEASONS CONDOMINIUM POOL,Indoor Pool,2025-09-22,BLOCK 12 - SEASONS CONDOMINIUM,Closed,3,1,1,1,3
BLOCK 12 - SEASONS CONDOMINIUM POOL,Indoor Pool,2025-09-29,BLOCK 12 - SEASONS CONDOMINIUM,Pass,1,1,0,0,1
BLOCK 12 - SEASONS CONDOMINIUM POOL,Indoor Pool,2025-11-05,BLOCK 12 - SEASONS CONDOMINIUM,Pass,2,2,0,0,1
BLOCK 12 - SEASONS CONDOMINIUM POOL,Indoor Pool,2026-01-16,BLOCK 12 - SEASONS CONDOMINIUM,Pass,1,0,1,0,1
BLOCK 12 - SEASONS CONDOMINIUM POOL,Indoor Pool,2026-07-14,BLOCK 12 - SEASONS CONDOMINIUM,Pass,2,1,1,0,2
BLOCK 12 - SEASONS CONDOMINIUM SPA,Spa Indoor,2024-08-22,BLOCK 12 - SEASONS CONDOMINIUM,Pass,1,1,0,0,1
BLOCK 12 - SEASONS CONDOMINIUM SPA,Spa Indoor,2024-11-21,BLOCK 12 - SEASONS CONDOMINIUM,Pass,0,0,0,0,0
BLOCK 12 - SEASONS CONDOMINIUM SPA,Spa Indoor,2025-03-28,BLOCK 12 - SEASONS CONDOMINIUM,Pass,0,0,0,0,0
BLOCK 12 - SEASONS CONDOMINIUM SPA,Spa Indoor,2025-06-16,BLOCK 12 - SEASONS CONDOMINIUM,Pass,0,0,0,0,0
BLOCK 12 - SEASONS CONDOMINIUM SPA,Spa Indoor,2025-09-22,BLOCK 12 - SEASONS CONDOMINIUM,Closed,2,0,1,1,2
BLOCK 12 - SEASONS CONDOMINIUM SPA,Spa Indoor,2025-09-29,BLOCK 12 - SEASONS CONDOMINIUM,Pass,0,0,0,0,0
BLOCK 12 - SEASONS CONDOMINIUM SPA,Spa Indoor,2025-11-25,BLOCK 12 - SEASONS CONDOMINIUM,Pass,0,0,0,0,0
BLOCK 12 - SEASONS CONDOMINIUM SPA,Spa Indoor,2026-01-16,BLOCK 12 - SEASONS CONDOMINIUM,Pass,0,0,0,0,0
BLOCK 12 - SEASONS CONDOMINIUM SPA,Spa Indoor,2026-07-14,BLOCK 12 - SEASONS CONDOMINIUM,Pass,1,0,1,0,1
BLOOM PARK TOWNS POOL,Outdoor Pool,2025-05-30,BLOOM PARK TOWNS POOL,Conditional Pass,5,1,2,2,4
BLOOM PARK TOWNS POOL,Outdoor Pool,2025-06-11,BLOOM PARK TOWNS POOL,Pass,0,0,0,0,0
BLOOR OUTDOOR POOL,Outdoor Pool,2024-08-07,BLOOR OUTDOOR POOL,Pass,0,0,0,0,0
BLOOR OUTDOOR POOL,Outdoor Pool,2025-07-04,BLOOR OUTDOOR POOL,Conditional Pass,9,4,1,4,4
BLOOR OUTDOOR POOL,Outdoor Pool,2025-07-22,BLOOR OUTDOOR POOL,Pass,1,1,0,0,1
BLOOR OUTDOOR POOL,Outdoor Pool,2026-07-20,BLOOR OUTDOOR POOL,Pass,5,5,0,0,3
BLOOR STREET NEIGHBORHOOD- CLASS B INDOOR POOL,Indoor Pool,2024-09-30,35 HAYDEN ST,Pass,0,0,0,0,0
BLOOR STREET NEIGHBORHOOD- CLASS B INDOOR POOL,Indoor Pool,2024-12-23,35 HAYDEN ST,Pass,2,2,0,0,2
BLOOR STREET NEIGHBORHOOD- CLASS B INDOOR POOL,Indoor Pool,2025-03-27,35 HAYDEN ST,Pass,1,1,0,0,1
BLOOR STREET NEIGHBORHOOD- CLASS B INDOOR POOL,Indoor Pool,2025-06-11,35 HAYDEN ST,Pass,3,3,0,0,3
BLOOR STREET NEIGHBORHOOD- CLASS B INDOOR POOL,Indoor Pool,2025-12-01,35 HAYDEN ST,Pass,0,0,0,0,0
BLOOR STREET NEIGHBORHOOD- CLASS B INDOOR POOL,Indoor Pool,2026-02-05,35 HAYDEN ST,Pass,1,1,0,0,1
BLOOR STREET NEIGHBORHOOD- CLASS B INDOOR POOL,Indoor Pool,2026-05-14,35 HAYDEN ST,Pass,1,1,0,0,1
BLOOR VISTA,Indoor Pool,2024-07-12,BLOOR VISTA,Pass,0,0,0,0,0
BLOOR VISTA,Indoor Pool,2024-11-13,BLOOR VISTA,Pass,0,0,0,0,0
BLOOR VISTA,Indoor Pool,2025-02-25,BLOOR VISTA,Conditional Pass,2,0,0,2,2
BLOOR VISTA,Indoor Pool,2025-04-25,BLOOR VISTA,Pass,0,0,0,0,0
BLOOR VISTA,Indoor Pool,2025-07-24,BLOOR VISTA,Pass,0,0,0,0,0
BLOOR VISTA,Indoor Pool,2025-11-05,BLOOR VISTA,Conditional Pass,1,0,0,1,1
BLOOR VISTA,Indoor Pool,2025-11-13,BLOOR VISTA,Pass,0,0,0,0,0
BLOOR VISTA,Indoor Pool,2026-03-03,BLOOR VISTA,Pass,0,0,0,0,0
BLOOR VISTA,Indoor Pool,2026-06-29,BLOOR VISTA,Conditional Pass,6,5,1,0,4
BLOOR VISTA,Indoor Pool,2026-08-31,BLOOR VISTA,Pass,2,2,0,0,1
BODY BLITZ (EAST) - COLD POOL,Indoor Pool,2024-10-24,BODY BLITZ (EAST),Pass,3,3,0,0,3
BODY BLITZ (EAST) - COLD POOL,Indoor Pool,2025-03-25,BODY BLITZ (EAST),Pass,0,0,0,0,0
BODY BLITZ (EAST) - COLD POOL,Indoor Pool,2025-06-27,BODY BLITZ (EAST),Pass,0,0,0,0,0
BODY BLITZ (EAST) - COLD POOL,Indoor Pool,2026-02-10,BODY BLITZ (EAST),Pass,0,0,0,0,0
BODY BLITZ (EAST) - COLD POOL,Indoor Pool,2026-06-24,BODY BLITZ (EAST),Pass,0,0,0,0,0
BODY BLITZ (EAST) - EPSOM POOL,Indoor Pool,2024-10-24,BODY BLITZ (EAST),Pass,3,3,0,0,3
BODY BLITZ (EAST) - EPSOM POOL,Indoor Pool,2025-03-25,BODY BLITZ (EAST),Pass,1,0,1,0,1
BODY BLITZ (EAST) - EPSOM POOL,Indoor Pool,2025-06-27,BODY BLITZ (EAST),Pass,0,0,0,0,0
BODY BLITZ (EAST) - EPSOM POOL,Indoor Pool,2026-02-11,BODY BLITZ (EAST),Pass,1,0,1,0,1
BODY BLITZ (EAST) - EPSOM POOL,Indoor Pool,2026-06-24,BODY BLITZ (EAST),Pass,1,1,0,0,1
BODY BLITZ (EAST) - SEA SALT SPA,Spa Indoor,2024-10-24,BODY BLITZ (EAST),Pass,3,3,0,0,3
BODY BLITZ (EAST) - SEA SALT SPA,Spa Indoor,2025-03-25,BODY BLITZ (EAST),Pass,1,0,1,0,1
BODY BLITZ (EAST) - SEA SALT SPA,Spa Indoor,2025-06-27,BODY BLITZ (EAST),Pass,0,0,0,0,0
BODY BLITZ (EAST) - SEA SALT SPA,Spa Indoor,2026-02-10,BODY BLITZ (EAST),Pass,0,0,0,0,0
BODY BLITZ (EAST) - SEA SALT SPA,Spa Indoor,2026-06-24,BODY BLITZ (EAST),Conditional Pass,2,1,1,0,1
BODY BLITZ (EAST) - SEA SALT SPA,Spa Indoor,2026-06-30,BODY BLITZ (EAST),Pass,0,0,0,0,0
BOUTIQUE,Spa Indoor,2024-08-26,BOUTIQUE,Pass,0,0,0,0,0
BOUTIQUE,Spa Indoor,2024-12-24,BOUTIQUE,Closed,3,0,0,3,3
BOUTIQUE,Spa Indoor,2025-01-08,BOUTIQUE,Pass,0,0,0,0,0
BOUTIQUE,Spa Indoor,2025-04-15,BOUTIQUE,Conditional Pass,1,0,0,1,1
BOUTIQUE,Spa Indoor,2025-04-17,BOUTIQUE,Pass,0,0,0,0,0
BOUTIQUE,Spa Indoor,2025-06-17,BOUTIQUE,Conditional Pass,3,1,0,2,3
BOUTIQUE,Spa Indoor,2025-06-18,BOUTIQUE,Pass,0,0,0,0,0
BOUTIQUE,Spa Indoor,2025-07-11,BOUTIQUE,Pass,0,0,0,0,0
BOUTIQUE,Spa Indoor,2025-10-31,BOUTIQUE,Pass,0,0,0,0,0
BOUTIQUE,Spa Indoor,2026-04-13,BOUTIQUE,Pass,0,0,0,0,0
BOUTIQUE,Spa Indoor,2026-07-28,BOUTIQUE,Closed,3,0,0,3,3
BOUTIQUE,Spa Indoor,2026-08-10,BOUTIQUE,Pass,0,0,0,0,0
BOUTIQUE - TSCC 2061,Spa Outdoor,2024-08-26,BOUTIQUE,Conditional Pass,2,1,0,1,1
BOUTIQUE - TSCC 2061,Spa Outdoor,2024-08-29,BOUTIQUE,Pass,0,0,0,0,0
BOUTIQUE - TSCC 2061,Spa Outdoor,2025-07-11,BOUTIQUE,Pass,0,0,0,0,0
BOUTIQUE - TSCC 2061,Spa Outdoor,2026-07-08,BOUTIQUE,Pass,0,0,0,0,0
BOUTIQUE - TSCC 2061,Spa Outdoor,2026-08-10,BOUTIQUE,Pass,0,0,0,0,0
BOWMORE PUBLIC SCHOOL,Indoor Pool,2024-09-13,BOWMORE PUBLIC SCHOOL,Pass,1,1,0,0,1
BOWMORE PUBLIC SCHOOL,Indoor Pool,2024-12-16,BOWMORE PUBLIC SCHOOL,Pass,1,0,1,0,1
BOWMORE PUBLIC SCHOOL,Indoor Pool,2025-03-03,BOWMORE PUBLIC SCHOOL,Pass,2,2,0,0,1
BOWMORE PUBLIC SCHOOL,Indoor Pool,2025-06-12,BOWMORE PUBLIC SCHOOL,Pass,1,1,0,0,1
BOWMORE PUBLIC SCHOOL,Indoor Pool,2025-09-16,BOWMORE PUBLIC SCHOOL,Conditional Pass,1,0,1,0,1
BOWMORE PUBLIC SCHOOL,Indoor Pool,2025-09-18,BOWMORE PUBLIC SCHOOL,Pass,1,1,0,0,1
BOWMORE PUBLIC SCHOOL,Indoor Pool,2025-12-08,BOWMORE PUBLIC SCHOOL,Pass,4,4,0,0,3
BOWMORE PUBLIC SCHOOL,Indoor Pool,2026-03-06,BOWMORE PUBLIC SCHOOL,Closed,5,2,1,2,4
BOWMORE PUBLIC SCHOOL,Indoor Pool,2026-06-05,BOWMORE PUBLIC SCHOOL,Pass,3,3,0,0,2
BOWMORE PUBLIC SCHOOL,Indoor Pool,2026-09-17,BOWMORE PUBLIC SCHOOL,Conditional Pass,1,0,1,0,1
BOWMORE PUBLIC SCHOOL,Indoor Pool,2026-09-25,BOWMORE PUBLIC SCHOOL,Pass,3,3,0,0,2
BRANKSOME HALL - LAP POOL,Indoor Pool,2024-08-19,BRANKSOME HALL,Pass,0,0,0,0,0
BRANKSOME HALL - LAP POOL,Indoor Pool,2024-11-12,BRANKSOME HALL,Pass,1,1,0,0,1
BRANKSOME HALL - LAP POOL,Indoor Pool,2025-01-30,BRANKSOME HALL,Pass,0,0,0,0,0
BRANKSOME HALL - LAP POOL,Indoor Pool,2025-05-29,BRANKSOME HALL,Pass,0,0,0,0,0
BRANKSOME HALL - LAP POOL,Indoor Pool,2025-09-23,BRANKSOME HALL,Pass,0,0,0,0,0
BRANKSOME HALL - LAP POOL,Indoor Pool,2025-11-27,BRANKSOME HALL,Pass,0,0,0,0,0
BRANKSOME HALL - LAP POOL,Indoor Pool,2026-03-05,BRANKSOME HALL,Pass,0,0,0,0,0
BRANKSOME HALL - LAP POOL,Indoor Pool,2026-05-28,BRANKSOME HALL,Pass,0,0,0,0,0
BRANKSOME HALL - LAP POOL,Indoor Pool,2026-09-22,BRANKSOME HALL,Pass,0,0,0,0,0
BRANKSOME HALL - LEISURE POOL,Indoor Pool,2024-08-19,BRANKSOME HALL,Pass,0,0,0,0,0
BRANKSOME HALL - LEISURE POOL,Indoor Pool,2024-11-12,BRANKSOME HALL,Pass,2,2,0,0,2
BRANKSOME HALL - LEISURE POOL,Indoor Pool,2025-01-30,BRANKSOME HALL,Pass,0,0,0,0,0
BRANKSOME HALL - LEISURE POOL,Indoor Pool,2025-05-29,BRANKSOME HALL,Pass,0,0,0,0,0
BRANKSOME HALL - LEISURE POOL,Indoor Pool,2025-09-23,BRANKSOME HALL,Pass,0,0,0,0,0
BRANKSOME HALL - LEISURE POOL,Indoor Pool,2025-11-27,BRANKSOME HALL,Pass,0,0,0,0,0
BRANKSOME HALL - LEISURE POOL,Indoor Pool,2026-03-05,BRANKSOME HALL,Pass,0,0,0,0,0
BRANKSOME HALL - LEISURE POOL,Indoor Pool,2026-05-28,BRANKSOME HALL,Pass,0,0,0,0,0
BRANKSOME HALL - LEISURE POOL,Indoor Pool,2026-09-22,BRANKSOME HALL,Pass,0,0,0,0,0
BRETTON PLACE - MAIN POOL,Indoor Pool,2024-09-25,BRETTON PLACE - MAIN POOL,Pass,1,1,0,0,1
BRETTON PLACE - MAIN POOL,Indoor Pool,2024-12-30,BRETTON PLACE - MAIN POOL,Pass,2,2,0,0,1
BRETTON PLACE - MAIN POOL,Indoor Pool,2025-03-21,BRETTON PLACE - MAIN POOL,Pass,0,0,0,0,0
BRETTON PLACE - MAIN POOL,Indoor Pool,2025-06-30,BRETTON PLACE - MAIN POOL,Pass,5,5,0,0,3
BRETTON PLACE - MAIN POOL,Indoor Pool,2025-10-23,BRETTON PLACE - MAIN POOL,Pass,0,0,0,0,0
BRETTON PLACE - MAIN POOL,Indoor Pool,2026-03-27,BRETTON PLACE - MAIN POOL,Pass,0,0,0,0,0
BRETTON PLACE - MAIN POOL,Indoor Pool,2026-05-20,BRETTON PLACE - MAIN POOL,Pass,2,2,0,0,1
BRETTON PLACE - PLUNGE POOL,Indoor Pool,2024-09-25,BRETTON PLACE - MAIN POOL,Pass,0,0,0,0,0
BRETTON PLACE - PLUNGE POOL,Indoor Pool,2024-12-30,BRETTON PLACE - MAIN POOL,Pass,2,2,0,0,1
BRETTON PLACE - PLUNGE POOL,Indoor Pool,2025-03-21,BRETTON PLACE - MAIN POOL,Pass,0,0,0,0,0
BRETTON PLACE - PLUNGE POOL,Indoor Pool,2025-06-30,BRETTON PLACE - MAIN POOL,Pass,6,5,1,0,4
BRETTON PLACE - PLUNGE POOL,Indoor Pool,2025-10-23,BRETTON PLACE - MAIN POOL,Pass,0,0,0,0,0
BRETTON PLACE - PLUNGE POOL,Indoor Pool,2026-03-27,BRETTON PLACE - MAIN POOL,Pass,0,0,0,0,0
BRETTON PLACE - PLUNGE POOL,Indoor Pool,2026-05-20,BRETTON PLACE - MAIN POOL,Pass,3,3,0,0,2
BRIAR HILL TOWERS,Indoor Pool,2025-02-03,BRIAR HILL TOWERS,Pass,1,1,0,0,1
BRIAR HILL TOWERS,Indoor Pool,2025-05-08,BRIAR HILL TOWERS,Pass,0,0,0,0,0
BRIAR HILL TOWERS,Indoor Pool,2025-09-22,BRIAR HILL TOWERS,Pass,0,0,0,0,0
BRIAR HILL TOWERS,Indoor Pool,2025-12-18,BRIAR HILL TOWERS,Pass,1,0,1,0,1
BRIAR HILL TOWERS,Indoor Pool,2026-03-06,BRIAR HILL TOWERS,Pass,0,0,0,0,0
BRIAR HILL TOWERS,Indoor Pool,2026-05-21,BRIAR HILL TOWERS,Pass,1,0,1,0,1
BRIAR HILL TOWERS,Indoor Pool,2026-09-17,BRIAR HILL TOWERS,Pass,2,2,0,0,2
BRIARCREST MANOR,Outdoor Pool,2024-08-07,BRIARCREST MANOR,Conditional Pass,2,1,0,1,2
BRIARCREST MANOR,Outdoor Pool,2025-08-01,BRIARCREST MANOR,Pass,0,0,0,0,0
BRIARCREST MANOR,Outdoor Pool,2026-07-22,BRIARCREST MANOR,Closed,7,2,1,4,6
BRIARCREST MANOR,Outdoor Pool,2026-07-23,BRIARCREST MANOR,Pass,0,0,0,0,0
BRIDGE CONDOMINIUMS POOL,Indoor Pool,2024-09-19,BRIDGE CONDOMINIUMS,Pass,0,0,0,0,0
BRIDGE CONDOMINIUMS POOL,Indoor Pool,2024-11-19,BRIDGE CONDOMINIUMS,Pass,0,0,0,0,0
BRIDGE CONDOMINIUMS POOL,Indoor Pool,2025-02-19,BRIDGE CONDOMINIUMS,Pass,0,0,0,0,0
BRIDGE CONDOMINIUMS POOL,Indoor Pool,2025-06-05,BRIDGE CONDOMINIUMS,Pass,0,0,0,0,0
BRIDGE CONDOMINIUMS POOL,Indoor Pool,2025-07-09,BRIDGE CONDOMINIUMS,Pass,0,0,0,0,0
BRIDGE CONDOMINIUMS POOL,Indoor Pool,2026-01-13,BRIDGE CONDOMINIUMS,Pass,0,0,0,0,0
BRIDGE CONDOMINIUMS POOL,Indoor Pool,2026-06-29,BRIDGE CONDOMINIUMS,Pass,1,1,0,0,1
BRIDGE CONDOMINIUMS POOL,Indoor Pool,2026-08-25,BRIDGE CONDOMINIUMS,Pass,0,0,0,0,0
BRIDGE CONDOMINIUMS SPA,Spa Indoor,2024-09-19,BRIDGE CONDOMINIUMS,Pass,0,0,0,0,0
BRIDGE CONDOMINIUMS SPA,Spa Indoor,2024-11-19,BRIDGE CONDOMINIUMS,Pass,0,0,0,0,0
BRIDGE CONDOMINIUMS SPA,Spa Indoor,2025-02-19,BRIDGE CONDOMINIUMS,Pass,0,0,0,0,0
BRIDGE CONDOMINIUMS SPA,Spa Indoor,2025-07-09,BRIDGE CONDOMINIUMS,Pass,0,0,0,0,0
BRIDGE CONDOMINIUMS SPA,Spa Indoor,2026-01-13,BRIDGE CONDOMINIUMS,Pass,0,0,0,0,0
BRIDGE CONDOMINIUMS SPA,Spa Indoor,2026-06-29,BRIDGE CONDOMINIUMS,Pass,0,0,0,0,0
BRIDGE CONDOMINIUMS SPA,Spa Indoor,2026-08-25,BRIDGE CONDOMINIUMS,Pass,0,0,0,0,0
BRIDGEPOINT ACTIVE HEALTHCARE,Indoor Pool,2024-08-12,BRIDGE POINT HOSPITAL,Pass,1,1,0,0,1
BRIDGEPOINT ACTIVE HEALTHCARE,Indoor Pool,2024-11-05,BRIDGE POINT HOSPITAL,Pass,0,0,0,0,0
BRIDGEPOINT ACTIVE HEALTHCARE,Indoor Pool,2025-02-05,BRIDGE POINT HOSPITAL,Pass,1,1,0,0,1
BRIDGEPOINT ACTIVE HEALTHCARE,Indoor Pool,2025-05-21,BRIDGE POINT HOSPITAL,Pass,2,2,0,0,2
BRIDGEPOINT ACTIVE HEALTHCARE,Indoor Pool,2025-09-02,BRIDGE POINT HOSPITAL,Pass,0,0,0,0,0
BRIDGEPOINT ACTIVE HEALTHCARE,Indoor Pool,2025-11-10,BRIDGE POINT HOSPITAL,Pass,1,1,0,0,1
BRIDGEPOINT ACTIVE HEALTHCARE,Indoor Pool,2026-02-11,BRIDGE POINT HOSPITAL,Conditional Pass,1,0,1,0,1
BRIDGEPOINT ACTIVE HEALTHCARE,Indoor Pool,2026-02-19,BRIDGE POINT HOSPITAL,Pass,0,0,0,0,0
BRIDGEPOINT ACTIVE HEALTHCARE,Indoor Pool,2026-05-20,BRIDGE POINT HOSPITAL,Pass,0,0,0,0,0
BRIDGEPOINT ACTIVE HEALTHCARE,Indoor Pool,2026-08-25,BRIDGE POINT HOSPITAL,Pass,0,0,0,0,0
BRIDLEWOOD PLACE RECREATION CENTRE - SPA INDOOR,Spa Indoor,2024-09-17,BRIDLEWOOD RECREATION CENTRE,Conditional Pass,1,0,0,1,1
BRIDLEWOOD PLACE RECREATION CENTRE - SPA INDOOR,Spa Indoor,2024-10-11,BRIDLEWOOD RECREATION CENTRE,Pass,0,0,0,0,0
BRIDLEWOOD PLACE RECREATION CENTRE - SPA INDOOR,Spa Indoor,2025-01-14,BRIDLEWOOD RECREATION CENTRE,Pass,0,0,0,0,0
BRIDLEWOOD PLACE RECREATION CENTRE - SPA INDOOR,Spa Indoor,2025-05-12,BRIDLEWOOD RECREATION CENTRE,Pass,2,1,1,0,2
BRIDLEWOOD PLACE RECREATION CENTRE - SPA INDOOR,Spa Indoor,2025-07-25,BRIDLEWOOD RECREATION CENTRE,Pass,1,1,0,0,1
BRIDLEWOOD PLACE RECREATION CENTRE - SPA INDOOR,Spa Indoor,2025-10-09,BRIDLEWOOD RECREATION CENTRE,Pass,0,0,0,0,0
BRIDLEWOOD PLACE RECREATION CENTRE - SPA INDOOR,Spa Indoor,2026-03-03,BRIDLEWOOD RECREATION CENTRE,Conditional Pass,2,0,1,1,2
BRIDLEWOOD PLACE RECREATION CENTRE - SPA INDOOR,Spa Indoor,2026-03-11,BRIDLEWOOD RECREATION CENTRE,Pass,0,0,0,0,0
BRIDLEWOOD PLACE RECREATION CENTRE - SPA INDOOR,Spa Indoor,2026-06-23,BRIDLEWOOD RECREATION CENTRE,Conditional Pass,1,0,0,1,1
BRIDLEWOOD PLACE RECREATION CENTRE - SPA INDOOR,Spa Indoor,2026-07-09,BRIDLEWOOD RECREATION CENTRE,Pass,0,0,0,0,0
BRIDLEWOOD RECREATION CENTRE,Indoor Pool,2024-09-17,BRIDLEWOOD RECREATION CENTRE,Pass,0,0,0,0,0
BRIDLEWOOD RECREATION CENTRE,Indoor Pool,2024-10-11,BRIDLEWOOD RECREATION CENTRE,Pass,0,0,0,0,0
BRIDLEWOOD RECREATION CENTRE,Indoor Pool,2025-01-14,BRIDLEWOOD RECREATION CENTRE,Pass,1,1,0,0,1
BRIDLEWOOD RECREATION CENTRE,Indoor Pool,2025-05-12,BRIDLEWOOD RECREATION CENTRE,Pass,2,2,0,0,1
BRIDLEWOOD RECREATION CENTRE,Indoor Pool,2025-07-25,BRIDLEWOOD RECREATION CENTRE,Pass,1,1,0,0,1
BRIDLEWOOD RECREATION CENTRE,Indoor Pool,2025-10-09,BRIDLEWOOD RECREATION CENTRE,Pass,0,0,0,0,0
BRIDLEWOOD RECREATION CENTRE,Indoor Pool,2026-03-03,BRIDLEWOOD RECREATION CENTRE,Conditional Pass,2,0,2,0,2
BRIDLEWOOD RECREATION CENTRE,Indoor Pool,2026-03-11,BRIDLEWOOD RECREATION CENTRE,Pass,0,0,0,0,0
BRIDLEWOOD RECREATION CENTRE,Indoor Pool,2026-06-23,BRIDLEWOOD RECREATION CENTRE,Conditional Pass,1,0,0,1,1
BRIDLEWOOD RECREATION CENTRE,Indoor Pool,2026-07-09,BRIDLEWOOD RECREATION CENTRE,Pass,1,1,0,0,1
BRIDLEWOOD RECREATION CENTRE - POOL B OUTDOOR,Outdoor Pool,2024-09-17,BRIDLEWOOD RECREATION CENTRE,Pass,0,0,0,0,0
BRIDLEWOOD RECREATION CENTRE - POOL B OUTDOOR,Outdoor Pool,2025-07-25,BRIDLEWOOD RECREATION CENTRE,Pass,2,2,0,0,1
BRIDLEWOOD RECREATION CENTRE - POOL B OUTDOOR,Outdoor Pool,2025-10-09,BRIDLEWOOD RECREATION CENTRE,Pass,2,2,0,0,1
BRIDLEWOOD RECREATION CENTRE - POOL B OUTDOOR,Outdoor Pool,2026-06-23,BRIDLEWOOD RECREATION CENTRE,Conditional Pass,1,0,0,1,1
BRIDLEWOOD RECREATION CENTRE - POOL B OUTDOOR,Outdoor Pool,2026-08-26,BRIDLEWOOD RECREATION CENTRE,Pass,0,0,0,0,0
BROADLANDS POOL,Outdoor Pool,2025-08-22,BROADLANDS COMMUNITY CENTRE,Closed,6,1,3,2,4
BROADLANDS POOL,Outdoor Pool,2026-06-22,BROADLANDS COMMUNITY CENTRE,Conditional Pass,4,2,1,1,3
BROADLANDS POOL,Outdoor Pool,2026-07-09,BROADLANDS COMMUNITY CENTRE,Pass,2,1,1,0,2
BROADWAY 1 & 2,Indoor Pool,2024-08-13,BROADWAY 1 & 2,Pass,3,3,0,0,3
BROADWAY 1 & 2,Indoor Pool,2024-12-20,BROADWAY 1 & 2,Conditional Pass,5,0,1,4,4
BROADWAY 1 & 2,Indoor Pool,2025-03-28,BROADWAY 1 & 2,Pass,1,1,0,0,1
BROADWAY 1 & 2,Indoor Pool,2025-06-04,BROADWAY 1 & 2,Pass,5,4,1,0,4
BROADWAY 1 & 2,Indoor Pool,2025-10-22,BROADWAY 1 & 2,Pass,5,4,1,0,3
BROADWAY 1 & 2,Indoor Pool,2026-01-12,BROADWAY 1 & 2,Pass,3,3,0,0,3
BROADWAY 1 & 2,Indoor Pool,2026-03-17,BROADWAY 1 & 2,Pass,1,1,0,0,1
BROADWAY 1 & 2,Indoor Pool,2026-05-28,BROADWAY 1 & 2,Pass,2,2,0,0,2
BROADWAY 1 & 2 SPA,Spa Indoor,2024-12-20,BROADWAY 1 & 2,Conditional Pass,2,1,1,0,1
BROADWAY 1 & 2 SPA,Spa Indoor,2025-03-28,BROADWAY 1 & 2,Pass,0,0,0,0,0
BROADWAY 1 & 2 SPA,Spa Indoor,2025-10-22,BROADWAY 1 & 2,Closed,3,0,0,3,3
BROADWAY 1 & 2 SPA,Spa Indoor,2025-10-23,BROADWAY 1 & 2,Pass,0,0,0,0,0
BROADWAY 1 & 2 SPA,Spa Indoor,2026-01-12,BROADWAY 1 & 2,Conditional Pass,3,2,0,1,3
BROADWAY 1 & 2 SPA,Spa Indoor,2026-01-13,BROADWAY 1 & 2,Pass,0,0,0,0,0
BROADWAY 1 & 2 SPA,Spa Indoor,2026-05-28,BROADWAY 1 & 2,Conditional Pass,6,4,1,1,3
BROADWAY 1 & 2 SPA,Spa Indoor,2026-06-19,BROADWAY 1 & 2,Pass,1,0,1,0,1
BROWN JUNIOR PUBLIC SCHOOL,Indoor Pool,2024-09-20,BROWN PUBLIC SCHOOL,Pass,1,1,0,0,1
BROWN JUNIOR PUBLIC SCHOOL,Indoor Pool,2024-12-12,BROWN PUBLIC SCHOOL,Pass,2,2,0,0,2
BROWN JUNIOR PUBLIC SCHOOL,Indoor Pool,2025-03-13,BROWN PUBLIC SCHOOL,Pass,1,1,0,0,1
BROWN JUNIOR PUBLIC SCHOOL,Indoor Pool,2025-05-28,BROWN PUBLIC SCHOOL,Pass,0,0,0,0,0
BROWN JUNIOR PUBLIC SCHOOL,Indoor Pool,2025-10-06,BROWN PUBLIC SCHOOL,Pass,1,1,0,0,1
BROWN JUNIOR PUBLIC SCHOOL,Indoor Pool,2026-02-06,BROWN PUBLIC SCHOOL,Pass,1,1,0,0,1
BROWN JUNIOR PUBLIC SCHOOL,Indoor Pool,2026-04-28,BROWN PUBLIC SCHOOL,Pass,1,0,1,0,1
BUCKINGHAM RECREATION CENTRE,Indoor Pool,2024-12-11,BUCKINGHAM RECREATION CLUB,Pass,0,0,0,0,0
BUCKINGHAM RECREATION CENTRE,Indoor Pool,2025-03-14,BUCKINGHAM RECREATION CLUB,Pass,0,0,0,0,0
BUCKINGHAM RECREATION CENTRE,Indoor Pool,2025-05-05,BUCKINGHAM RECREATION CLUB,Pass,0,0,0,0,0
BUCKINGHAM RECREATION CENTRE,Indoor Pool,2025-09-15,BUCKINGHAM RECREATION CLUB,Pass,0,0,0,0,0
BUCKINGHAM RECREATION CENTRE,Indoor Pool,2025-12-01,BUCKINGHAM RECREATION CLUB,Conditional Pass,2,0,1,1,1
BUCKINGHAM RECREATION CENTRE,Indoor Pool,2026-02-03,BUCKINGHAM RECREATION CLUB,Pass,1,1,0,0,1
BUCKINGHAM RECREATION CENTRE,Indoor Pool,2026-03-26,BUCKINGHAM RECREATION CLUB,Pass,0,0,0,0,0
BUCKINGHAM RECREATION CENTRE,Indoor Pool,2026-06-01,BUCKINGHAM RECREATION CLUB,Pass,0,0,0,0,0
BUCKINGHAM RECREATION CENTRE,Indoor Pool,2026-09-17,BUCKINGHAM RECREATION CLUB,Conditional Pass,1,0,1,0,1
BUCKINGHAM RECREATION CENTRE,Indoor Pool,2026-09-18,BUCKINGHAM RECREATION CLUB,Pass,0,0,0,0,0
BUCKLER AQUATICS LTD,Indoor Pool,2024-09-12,BUCKLER AQUATICS LTD,Pass,0,0,0,0,0
BUCKLER AQUATICS LTD,Indoor Pool,2024-12-06,BUCKLER AQUATICS LTD,Pass,1,1,0,0,1
BUCKLER AQUATICS LTD,Indoor Pool,2025-03-06,BUCKLER AQUATICS LTD,Pass,0,0,0,0,0
BUCKLER AQUATICS LTD,Indoor Pool,2025-06-30,BUCKLER AQUATICS LTD,Pass,2,2,0,0,1
BUCKLER AQUATICS LTD,Indoor Pool,2025-08-11,BUCKLER AQUATICS LTD,Pass,2,2,0,0,2
BUCKLER AQUATICS LTD,Indoor Pool,2025-10-30,BUCKLER AQUATICS LTD,Conditional Pass,4,1,0,3,2
BUCKLER AQUATICS LTD,Indoor Pool,2025-11-13,BUCKLER AQUATICS LTD,Pass,2,2,0,0,1
BUCKLER AQUATICS LTD,Indoor Pool,2026-02-24,BUCKLER AQUATICS LTD,Pass,2,2,0,0,2
BUCKLER AQUATICS LTD,Indoor Pool,2026-05-08,BUCKLER AQUATICS LTD,Pass,4,4,0,0,2
BUCKLER AQUATICS LTD,Indoor Pool,2026-08-07,BUCKLER AQUATICS LTD,Pass,0,0,0,0,0
BUCKLER AQUATICS LTD.,Indoor Pool,2024-09-10,BUCKLER AQUATICS LTD.,Pass,0,0,0,0,0
BUCKLER AQUATICS LTD.,Indoor Pool,2024-12-05,BUCKLER AQUATICS LTD.,Pass,0,0,0,0,0
BUCKLER AQUATICS LTD.,Indoor Pool,2025-03-04,BUCKLER AQUATICS LTD.,Pass,0,0,0,0,0
BUCKLER AQUATICS LTD.,Indoor Pool,2025-05-20,BUCKLER AQUATICS LTD.,Pass,0,0,0,0,0
BUCKLER AQUATICS LTD.,Indoor Pool,2025-08-27,BUCKLER AQUATICS LTD.,Pass,0,0,0,0,0
BUCKLER AQUATICS LTD.,Indoor Pool,2025-12-23,BUCKLER AQUATICS LTD.,Pass,0,0,0,0,0
BUCKLER AQUATICS LTD.,Indoor Pool,2026-02-25,BUCKLER AQUATICS LTD.,Pass,0,0,0,0,0
BUCKLER AQUATICS LTD.,Indoor Pool,2026-04-15,BUCKLER AQUATICS LTD.,Pass,2,1,1,0,2
BUCKLER AQUATICS LTD.,Indoor Pool,2026-08-07,BUCKLER AQUATICS LTD.,Pass,0,0,0,0,0
BURANO CONDOMINIUMS,Outdoor Pool,2024-09-17,BURANO CONDOMINIUMS,Closed,1,0,1,0,1
BURANO CONDOMINIUMS,Outdoor Pool,2025-06-10,BURANO CONDOMINIUMS,Conditional Pass,1,0,0,1,1
BURANO CONDOMINIUMS,Outdoor Pool,2025-07-02,BURANO CONDOMINIUMS,Closed,1,0,0,1,1
BURANO CONDOMINIUMS,Outdoor Pool,2025-07-10,BURANO CONDOMINIUMS,Conditional Pass,2,0,0,2,1
BURANO CONDOMINIUMS,Outdoor Pool,2025-07-22,BURANO CONDOMINIUMS,Conditional Pass,3,0,1,2,3
BURANO CONDOMINIUMS,Outdoor Pool,2025-08-27,BURANO CONDOMINIUMS,Conditional Pass,1,0,0,1,1
BURANO CONDOMINIUMS,Outdoor Pool,2026-06-09,BURANO CONDOMINIUMS,Conditional Pass,2,0,0,2,1
BURANO CONDOMINIUMS,Spa Outdoor,2024-07-09,BURANO CONDOMINIUMS,Pass,0,0,0,0,0
BURANO CONDOMINIUMS,Spa Outdoor,2024-09-17,BURANO CONDOMINIUMS,Closed,4,1,1,2,4
BURANO CONDOMINIUMS,Spa Outdoor,2025-06-10,BURANO CONDOMINIUMS,Conditional Pass,2,0,0,2,2
BURANO CONDOMINIUMS,Spa Outdoor,2025-07-02,BURANO CONDOMINIUMS,Closed,2,0,0,2,2
BURANO CONDOMINIUMS,Spa Outdoor,2025-07-22,BURANO CONDOMINIUMS,Pass,0,0,0,0,0
BURANO CONDOMINIUMS,Spa Outdoor,2025-08-27,BURANO CONDOMINIUMS,Conditional Pass,2,0,0,2,2
BURANO CONDOMINIUMS,Spa Outdoor,2026-06-09,BURANO CONDOMINIUMS,Closed,2,0,0,2,2
BURANO CONDOMINIUMS,Spa Outdoor,2026-06-11,BURANO CONDOMINIUMS,Conditional Pass,1,0,0,1,1
BURANO CONDOMINIUMS,Spa Outdoor,2026-07-29,BURANO CONDOMINIUMS,Pass,0,0,0,0,0
BURNHAM GLEN,Outdoor Pool,2024-08-07,BURNHAM GLEN,Pass,1,1,0,0,1
BURNHAM GLEN,Outdoor Pool,2025-06-17,BURNHAM GLEN,Conditional Pass,1,0,0,1,1
BURNHAM GLEN,Outdoor Pool,2025-07-07,BURNHAM GLEN,Pass,0,0,0,0,0
BURNHAM GLEN,Outdoor Pool,2025-08-18,BURNHAM GLEN,Closed,3,0,0,3,3
BURNHAM GLEN,Outdoor Pool,2025-08-29,BURNHAM GLEN,Pass,0,0,0,0,0
BURNHAM GLEN,Outdoor Pool,2026-08-07,BURNHAM GLEN,Pass,1,1,0,0,1
BURROWS HALL POOL,Outdoor Pool,2024-08-01,BURROWS HALL,Pass,0,0,0,0,0
BURROWS HALL POOL,Outdoor Pool,2025-07-22,BURROWS HALL,Pass,0,0,0,0,0
BURROWS HALL POOL,Outdoor Pool,2025-08-29,BURROWS HALL,Pass,1,1,0,0,1
BURROWS HALL POOL,Outdoor Pool,2026-07-14,BURROWS HALL,Pass,1,0,1,0,1
C.W JEFFERYS COLLEGIATE INSTITUTE,Indoor Pool,2024-09-13,C.W JEFFERYS COLLEGIATE INSTITUTE,Pass,1,1,0,0,1
C.W JEFFERYS COLLEGIATE INSTITUTE,Indoor Pool,2024-10-23,C.W JEFFERYS COLLEGIATE INSTITUTE,Pass,0,0,0,0,0
C.W JEFFERYS COLLEGIATE INSTITUTE,Indoor Pool,2025-03-12,C.W JEFFERYS COLLEGIATE INSTITUTE,Pass,0,0,0,0,0
C.W JEFFERYS COLLEGIATE INSTITUTE,Indoor Pool,2025-05-20,C.W JEFFERYS COLLEGIATE INSTITUTE,Pass,1,1,0,0,1
C.W JEFFERYS COLLEGIATE INSTITUTE,Indoor Pool,2026-02-18,C.W JEFFERYS COLLEGIATE INSTITUTE,Pass,0,0,0,0,0
C.W JEFFERYS COLLEGIATE INSTITUTE,Indoor Pool,2026-04-23,C.W JEFFERYS COLLEGIATE INSTITUTE,Pass,0,0,0,0,0
C.W JEFFERYS COLLEGIATE INSTITUTE,Indoor Pool,2026-07-22,C.W JEFFERYS COLLEGIATE INSTITUTE,Pass,1,1,0,0,1
CABANA POOL BAR,Outdoor Pool,2024-08-07,POLSON PIER,Conditional Pass,5,3,2,0,2
CABANA POOL BAR,Outdoor Pool,2024-08-20,POLSON PIER,Pass,1,1,0,0,1
CABANA POOL BAR,Outdoor Pool,2025-07-22,POLSON PIER,Pass,2,2,0,0,2
CABANA POOL BAR,Outdoor Pool,2026-07-09,POLSON PIER,Pass,3,3,0,0,1
CAMARGUE II,Indoor Pool,2024-08-02,CAMARGUE II,Pass,1,1,0,0,1
CAMARGUE II,Indoor Pool,2024-10-23,CAMARGUE II,Pass,1,1,0,0,1
CAMARGUE II,Indoor Pool,2025-01-27,CAMARGUE II,Pass,2,2,0,0,2
CAMARGUE II,Indoor Pool,2025-04-03,CAMARGUE II,Pass,0,0,0,0,0
CAMARGUE II,Indoor Pool,2025-07-21,CAMARGUE II,Pass,0,0,0,0,0
CAMARGUE II,Indoor Pool,2025-10-23,CAMARGUE II,Pass,2,2,0,0,2
CAMARGUE II,Indoor Pool,2026-01-14,CAMARGUE II,Pass,0,0,0,0,0
CAMARGUE II,Indoor Pool,2026-04-30,CAMARGUE II,Pass,0,0,0,0,0
CAMARGUE II,Indoor Pool,2026-07-09,CAMARGUE II,Pass,0,0,0,0,0
CAMARGUE II,Spa Indoor,2024-10-23,CAMARGUE II,Pass,0,0,0,0,0
CAMARGUE II,Spa Indoor,2025-10-23,CAMARGUE II,Pass,1,1,0,0,1
CAMARGUE II,Spa Indoor,2026-01-14,CAMARGUE II,Pass,2,2,0,0,1
CAMARGUE II,Spa Indoor,2026-07-10,CAMARGUE II,Pass,0,0,0,0,0
CAMBRIDGE CLUB,Spa Indoor,2024-09-09,CAMBRIDGE CLUB,Pass,0,0,0,0,0
CAMBRIDGE CLUB,Spa Indoor,2024-12-04,CAMBRIDGE CLUB,Pass,0,0,0,0,0
CAMBRIDGE CLUB,Spa Indoor,2025-02-21,CAMBRIDGE CLUB,Pass,0,0,0,0,0
CAMBRIDGE CLUB,Spa Indoor,2025-05-29,CAMBRIDGE CLUB,Pass,0,0,0,0,0
CAMBRIDGE CLUB,Spa Indoor,2025-09-15,CAMBRIDGE CLUB,Pass,0,0,0,0,0
CAMBRIDGE CLUB,Spa Indoor,2025-11-21,CAMBRIDGE CLUB,Pass,0,0,0,0,0
CAMBRIDGE CLUB,Spa Indoor,2026-03-12,CAMBRIDGE CLUB,Pass,0,0,0,0,0
CAMBRIDGE CLUB,Spa Indoor,2026-06-05,CAMBRIDGE CLUB,Pass,0,0,0,0,0
CANARY PARK CONDOMINIUM,Outdoor Pool,2024-08-26,CANARY PARK CONDOMINIUMS,Pass,2,2,0,0,1
CANARY PARK CONDOMINIUM,Outdoor Pool,2025-08-07,CANARY PARK CONDOMINIUMS,Pass,0,0,0,0,0
CANARY PARK CONDOMINIUM,Outdoor Pool,2026-08-20,CANARY PARK CONDOMINIUMS,Pass,0,0,0,0,0
CANOPY HOTEL,Indoor Pool,2024-11-04,CANOPY HOTEL,Pass,1,1,0,0,1
CANOPY HOTEL,Indoor Pool,2025-03-31,CANOPY HOTEL,Pass,1,1,0,0,1
CANOPY HOTEL,Indoor Pool,2025-09-29,CANOPY HOTEL,Pass,2,2,0,0,2
CANOPY HOTEL,Indoor Pool,2025-12-30,CANOPY HOTEL,Pass,0,0,0,0,0
CANOPY HOTEL,Indoor Pool,2026-03-19,CANOPY HOTEL,Pass,0,0,0,0,0
CANOPY HOTEL,Indoor Pool,2026-06-04,CANOPY HOTEL,Pass,0,0,0,0,0
CANYON APARTMENTS OUTDOOR POOL (15 & 25 CANYON AVE),Outdoor Pool,2026-07-23,CANYON APARTMENTS OUTDOOR POOL (15 & 25 CANYON AVE),Closed,13,8,2,3,6
CANYON APARTMENTS OUTDOOR POOL (15 & 25 CANYON AVE),Outdoor Pool,2026-07-29,CANYON APARTMENTS OUTDOOR POOL (15 & 25 CANYON AVE),Pass,2,2,0,0,2
CANYON TOWERS COND POOL,Indoor Pool,2024-09-03,CANYON TOWERS COND,Pass,2,2,0,0,2
CANYON TOWERS COND POOL,Indoor Pool,2024-10-23,CANYON TOWERS COND,Conditional Pass,1,0,0,1,1
CANYON TOWERS COND POOL,Indoor Pool,2024-11-19,CANYON TOWERS COND,Pass,0,0,0,0,0
CANYON TOWERS COND POOL,Indoor Pool,2025-03-11,CANYON TOWERS COND,Pass,2,2,0,0,2
CANYON TOWERS COND POOL,Indoor Pool,2025-05-29,CANYON TOWERS COND,Pass,1,1,0,0,1
CANYON TOWERS COND POOL,Indoor Pool,2025-09-30,CANYON TOWERS COND,Pass,2,2,0,0,1
CANYON TOWERS COND POOL,Indoor Pool,2025-12-16,CANYON TOWERS COND,Pass,5,4,1,0,3
CANYON TOWERS COND POOL,Indoor Pool,2026-03-24,CANYON TOWERS COND,Conditional Pass,5,3,2,0,3
CANYON TOWERS COND POOL,Indoor Pool,2026-04-13,CANYON TOWERS COND,Pass,1,1,0,0,1
CARABOB COURT RECREATION CENTRE,Indoor Pool,2024-09-25,CARABOB COURT RECREATION CENTRE,Conditional Pass,5,2,3,0,4
CARABOB COURT RECREATION CENTRE,Indoor Pool,2024-10-04,CARABOB COURT RECREATION CENTRE,Pass,1,1,0,0,1
CARABOB COURT RECREATION CENTRE,Indoor Pool,2025-01-16,CARABOB COURT RECREATION CENTRE,Pass,1,1,0,0,1
CARABOB COURT RECREATION CENTRE,Indoor Pool,2025-05-06,CARABOB COURT RECREATION CENTRE,Closed,10,1,2,7,5
CARABOB COURT RECREATION CENTRE,Indoor Pool,2025-05-17,CARABOB COURT RECREATION CENTRE,Pass,1,1,0,0,1
CARABOB COURT RECREATION CENTRE,Indoor Pool,2025-09-11,CARABOB COURT RECREATION CENTRE,Conditional Pass,4,1,0,3,2
CARABOB COURT RECREATION CENTRE,Indoor Pool,2025-10-08,CARABOB COURT RECREATION CENTRE,Pass,1,1,0,0,1
CARABOB COURT RECREATION CENTRE,Indoor Pool,2025-12-17,CARABOB COURT RECREATION CENTRE,Pass,1,1,0,0,1
CARABOB COURT RECREATION CENTRE,Indoor Pool,2026-03-24,CARABOB COURT RECREATION CENTRE,Conditional Pass,2,0,1,1,1
CARABOB COURT RECREATION CENTRE,Indoor Pool,2026-05-29,CARABOB COURT RECREATION CENTRE,Conditional Pass,2,1,1,0,2
CARABOB COURT RECREATION CENTRE,Indoor Pool,2026-06-12,CARABOB COURT RECREATION CENTRE,Pass,0,0,0,0,0
CARABOB COURT RECREATION CENTRE,Indoor Pool,2026-09-25,CARABOB COURT RECREATION CENTRE,Pass,0,0,0,0,0
CARAVELLE APARTMENTS,Indoor Pool,2024-12-23,CARAVELLE APARTMENTS,Pass,6,4,2,0,4
CARAVELLE APARTMENTS,Indoor Pool,2025-03-27,CARAVELLE APARTMENTS,Conditional Pass,2,0,0,2,2
CARAVELLE APARTMENTS,Indoor Pool,2025-10-17,CARAVELLE APARTMENTS,Pass,1,1,0,0,1
CARAVELLE APARTMENTS,Indoor Pool,2026-01-12,CARAVELLE APARTMENTS,Pass,3,3,0,0,3
CARAVELLE APARTMENTS,Indoor Pool,2026-05-22,CARAVELLE APARTMENTS,Conditional Pass,18,10,2,6,5
CARLTON ON THE PARK,Indoor Pool,2024-09-23,CARLTON ON THE PARK,Pass,2,2,0,0,2
CARLTON ON THE PARK,Indoor Pool,2024-12-02,CARLTON ON THE PARK,Pass,1,1,0,0,1
CARLTON ON THE PARK,Indoor Pool,2025-03-31,CARLTON ON THE PARK,Pass,1,1,0,0,1
CARLTON ON THE PARK,Indoor Pool,2025-06-25,CARLTON ON THE PARK,Pass,3,3,0,0,2
CARLTON ON THE PARK,Indoor Pool,2025-09-16,CARLTON ON THE PARK,Pass,3,3,0,0,2
CARLTON ON THE PARK,Indoor Pool,2025-12-18,CARLTON ON THE PARK,Pass,2,2,0,0,2
CARLTON ON THE PARK,Indoor Pool,2026-03-24,CARLTON ON THE PARK,Pass,0,0,0,0,0
CARLTON ON THE PARK,Indoor Pool,2026-06-29,CARLTON ON THE PARK,Pass,0,0,0,0,0
CARLTON ON THE PARK,Spa Indoor,2024-09-23,CARLTON ON THE PARK,Pass,2,2,0,0,2
CARLTON ON THE PARK,Spa Indoor,2024-12-02,CARLTON ON THE PARK,Pass,3,3,0,0,2
CARLTON ON THE PARK,Spa Indoor,2025-03-31,CARLTON ON THE PARK,Pass,2,1,1,0,1
CARLTON ON THE PARK,Spa Indoor,2025-06-25,CARLTON ON THE PARK,Pass,3,3,0,0,2
CARLTON ON THE PARK,Spa Indoor,2025-09-16,CARLTON ON THE PARK,Pass,2,2,0,0,1
CARLTON ON THE PARK,Spa Indoor,2025-12-18,CARLTON ON THE PARK,Pass,2,2,0,0,2
CARLTON ON THE PARK,Spa Indoor,2026-03-24,CARLTON ON THE PARK,Pass,1,1,0,0,1
CARLTON PLAZA,Indoor Pool,2024-09-23,CARLTON PLAZA,Pass,4,3,1,0,2
CARLTON PLAZA,Indoor Pool,2024-12-02,CARLTON PLAZA,Pass,2,2,0,0,2
CARLTON PLAZA,Indoor Pool,2025-03-31,CARLTON PLAZA,Pass,4,3,1,0,3
CARLTON PLAZA,Indoor Pool,2025-07-15,CARLTON PLAZA,Pass,3,3,0,0,3
CARLTON PLAZA,Indoor Pool,2026-03-24,CARLTON PLAZA,Pass,4,4,0,0,2
CARLTON PLAZA,Indoor Pool,2026-06-29,CARLTON PLAZA,Pass,1,0,1,0,1
CARSCADDEN DR OUTDOOR POOL - YCC 419,Outdoor Pool,2024-07-25,CARSCADDEN DR OUTDOOR POOL,Pass,2,2,0,0,2
CARSCADDEN DR OUTDOOR POOL - YCC 419,Outdoor Pool,2025-07-03,CARSCADDEN DR OUTDOOR POOL,Pass,3,3,0,0,3
CARSCADDEN DR OUTDOOR POOL - YCC 419,Outdoor Pool,2026-08-10,CARSCADDEN DR OUTDOOR POOL,Conditional Pass,5,2,2,1,3
CARTIER HOUSE,Outdoor Pool,2025-07-02,CARTIER HOUSE,Pass,2,2,0,0,1
CARTIER HOUSE,Outdoor Pool,2026-07-10,CARTIER HOUSE,Pass,0,0,0,0,0
CASA II,Outdoor Pool,2024-08-19,T.S.C.C. 2550 - CASA IL CONDOMINIUM,Pass,5,5,0,0,2
CASA II,Outdoor Pool,2025-07-30,T.S.C.C. 2550 - CASA IL CONDOMINIUM,Conditional Pass,8,6,2,0,5
CASA II,Outdoor Pool,2025-08-28,T.S.C.C. 2550 - CASA IL CONDOMINIUM,Pass,2,1,1,0,2
CASA II,Outdoor Pool,2026-09-21,T.S.C.C. 2550 - CASA IL CONDOMINIUM,Pass,3,3,0,0,3
CASA III- MAIN POOL,Outdoor Pool,2024-08-15,CASA III- MAIN POOL,Conditional Pass,14,11,2,1,4
CASA III- MAIN POOL,Outdoor Pool,2025-07-28,CASA III- MAIN POOL,Conditional Pass,15,12,2,1,4
CASCADES 1 - POOL,Indoor Pool,2024-09-11,CASCADES I,Pass,0,0,0,0,0
CASCADES 1 - POOL,Indoor Pool,2024-09-30,CASCADES I,Pass,0,0,0,0,0
CASCADES 1 - POOL,Indoor Pool,2024-11-12,CASCADES I,Pass,1,1,0,0,1
CASCADES 1 - POOL,Indoor Pool,2025-03-21,CASCADES I,Pass,3,3,0,0,2
CASCADES 1 - POOL,Indoor Pool,2025-06-17,CASCADES I,Closed,7,3,2,2,6
CASCADES 1 - POOL,Indoor Pool,2025-07-23,CASCADES I,Pass,0,0,0,0,0
CASCADES 1 - POOL,Indoor Pool,2025-11-06,CASCADES I,Closed,5,1,0,4,5
CASCADES 1 - POOL,Indoor Pool,2025-11-07,CASCADES I,Conditional Pass,1,0,0,1,1
CASCADES 1 - POOL,Indoor Pool,2025-12-31,CASCADES I,Pass,0,0,0,0,0
CASCADES 1 - POOL,Indoor Pool,2026-03-05,CASCADES I,Pass,0,0,0,0,0
CASCADES 1 - POOL,Indoor Pool,2026-04-30,CASCADES I,Conditional Pass,3,1,2,0,2
CASCADES 1 - POOL,Indoor Pool,2026-05-04,CASCADES I,Pass,0,0,0,0,0
CASCADES 1 - POOL,Indoor Pool,2026-09-23,CASCADES I,Pass,2,2,0,0,1
CASCADES 1 - SPA,Spa Indoor,2024-09-11,CASCADES I,Pass,0,0,0,0,0
CASCADES 1 - SPA,Spa Indoor,2025-03-21,CASCADES I,Pass,0,0,0,0,0
CASCADES 1 - SPA,Spa Indoor,2025-07-23,CASCADES I,Pass,0,0,0,0,0
CASCADES 1 - SPA,Spa Indoor,2025-11-06,CASCADES I,Closed,5,3,0,2,3
CASCADES 1 - SPA,Spa Indoor,2025-11-07,CASCADES I,Pass,0,0,0,0,0
CASCADES 1 - SPA,Spa Indoor,2026-04-30,CASCADES I,Conditional Pass,3,1,1,1,2
CASCADES 1 - SPA,Spa Indoor,2026-06-03,CASCADES I,Pass,0,0,0,0,0
CASCADES 1 - SPA,Spa Indoor,2026-09-23,CASCADES I,Conditional Pass,4,3,0,1,2
CASTLEGATE APARTMENTS,Outdoor Pool,2024-08-15,CASTLEGATE APARTMENT BUILDING,Pass,3,2,1,0,1
CASTLEGATE APARTMENTS,Outdoor Pool,2025-07-07,CASTLEGATE APARTMENT BUILDING,Pass,2,2,0,0,2
CASTLEGATE APARTMENTS,Outdoor Pool,2026-07-28,CASTLEGATE APARTMENT BUILDING,Conditional Pass,1,0,0,1,1
CASTLEGATE APARTMENTS,Outdoor Pool,2026-09-01,CASTLEGATE APARTMENT BUILDING,Pass,0,0,0,0,0
CEDARBRAE COLLEGIATE,Indoor Pool,2024-09-30,CEDARBRAE COLLEGIATE,Pass,1,1,0,0,1
CEDARBRAE COLLEGIATE,Indoor Pool,2024-11-28,CEDARBRAE COLLEGIATE,Pass,1,1,0,0,1
CEDARBRAE COLLEGIATE,Indoor Pool,2025-01-07,CEDARBRAE COLLEGIATE,Pass,0,0,0,0,0
CEDARBRAE COLLEGIATE,Indoor Pool,2025-04-16,CEDARBRAE COLLEGIATE,Pass,0,0,0,0,0
CEDARBRAE COLLEGIATE,Indoor Pool,2025-04-25,CEDARBRAE COLLEGIATE,Conditional Pass,3,0,1,2,3
CEDARBRAE COLLEGIATE,Indoor Pool,2025-05-16,CEDARBRAE COLLEGIATE,Pass,0,0,0,0,0
CEDARBRAE COLLEGIATE,Indoor Pool,2025-09-22,CEDARBRAE COLLEGIATE,Pass,0,0,0,0,0
CEDARBRAE COLLEGIATE,Indoor Pool,2025-11-14,CEDARBRAE COLLEGIATE,Pass,0,0,0,0,0
CEDARBRAE COLLEGIATE,Indoor Pool,2026-01-23,CEDARBRAE COLLEGIATE,Pass,1,1,0,0,1
CEDARBRAE COLLEGIATE,Indoor Pool,2026-05-05,CEDARBRAE COLLEGIATE,Conditional Pass,3,2,0,1,2
CEDARBRAE COLLEGIATE,Indoor Pool,2026-07-16,CEDARBRAE COLLEGIATE,Pass,2,2,0,0,2
CELEBRITY PLACE - 77 MATILAND PLACE,Indoor Pool,2024-09-24,CELEBRITY PLACE,Pass,1,1,0,0,1
CELEBRITY PLACE - 77 MATILAND PLACE,Indoor Pool,2024-12-30,CELEBRITY PLACE,Pass,0,0,0,0,0
CELEBRITY PLACE - 77 MATILAND PLACE,Indoor Pool,2025-03-20,CELEBRITY PLACE,Pass,0,0,0,0,0
CELEBRITY PLACE - 77 MATILAND PLACE,Indoor Pool,2025-06-05,CELEBRITY PLACE,Pass,2,2,0,0,2
CELEBRITY PLACE - 77 MATILAND PLACE,Indoor Pool,2026-03-23,CELEBRITY PLACE,Pass,1,1,0,0,1
CELEBRITY PLACE - 77 MATILAND PLACE,Indoor Pool,2026-06-22,CELEBRITY PLACE,Pass,0,0,0,0,0
CENTRAL CONDO,Outdoor Pool,2024-11-29,CENTRAL CONDO,Pass,0,0,0,0,0
CENTRAL CONDO,Outdoor Pool,2025-06-27,CENTRAL CONDO,Closed,6,2,0,4,4
CENTRAL CONDO,Outdoor Pool,2025-07-25,CENTRAL CONDO,Closed,4,0,1,3,4
CENTRAL CONDO,Outdoor Pool,2025-07-29,CENTRAL CONDO,Pass,0,0,0,0,0
CENTRAL CONDO,Outdoor Pool,2026-07-08,CENTRAL CONDO,Conditional Pass,1,0,0,1,1
CENTRAL CONDO,Outdoor Pool,2026-07-14,CENTRAL CONDO,Pass,0,0,0,0,0
CENTRAL CONDO,Outdoor Pool,2026-09-10,CENTRAL CONDO,Pass,1,1,0,0,1
CENTRAL CONDO SPA,Spa Outdoor,2025-06-27,CENTRAL CONDO,Closed,5,0,1,4,5
CENTRAL CONDO SPA,Spa Outdoor,2025-07-25,CENTRAL CONDO,Pass,0,0,0,0,0
CENTRAL CONDO SPA,Spa Outdoor,2026-09-10,CENTRAL CONDO,Pass,1,1,0,0,1
CENTRAL TECHNICAL HIGH SCHOOL - BATHURST BLDG.,Indoor Pool,2024-07-22,CENTRAL TECHNICAL HIGH SCHOOL - BATHURST BLDG.,Pass,0,0,0,0,0
CENTRAL TECHNICAL HIGH SCHOOL - BATHURST BLDG.,Indoor Pool,2024-10-09,CENTRAL TECHNICAL HIGH SCHOOL - BATHURST BLDG.,Closed,2,0,0,2,2
CENTRAL TECHNICAL HIGH SCHOOL - BATHURST BLDG.,Indoor Pool,2024-10-11,CENTRAL TECHNICAL HIGH SCHOOL - BATHURST BLDG.,Pass,0,0,0,0,0
CENTRAL TECHNICAL HIGH SCHOOL - BATHURST BLDG.,Indoor Pool,2025-01-13,CENTRAL TECHNICAL HIGH SCHOOL - BATHURST BLDG.,Pass,0,0,0,0,0
CENTRAL TECHNICAL HIGH SCHOOL - BATHURST BLDG.,Indoor Pool,2025-04-02,CENTRAL TECHNICAL HIGH SCHOOL - BATHURST BLDG.,Pass,0,0,0,0,0
CENTRAL TECHNICAL HIGH SCHOOL - BATHURST BLDG.,Indoor Pool,2025-07-15,CENTRAL TECHNICAL HIGH SCHOOL - BATHURST BLDG.,Pass,0,0,0,0,0
CENTRAL TECHNICAL HIGH SCHOOL - BATHURST BLDG.,Indoor Pool,2025-10-08,CENTRAL TECHNICAL HIGH SCHOOL - BATHURST BLDG.,Pass,0,0,0,0,0
CENTRAL TECHNICAL HIGH SCHOOL - BATHURST BLDG.,Indoor Pool,2026-01-09,CENTRAL TECHNICAL HIGH SCHOOL - BATHURST BLDG.,Pass,0,0,0,0,0
CENTRAL TECHNICAL HIGH SCHOOL - BATHURST BLDG.,Indoor Pool,2026-04-22,CENTRAL TECHNICAL HIGH SCHOOL - BATHURST BLDG.,Pass,0,0,0,0,0
CENTRAL TECHNICAL HIGH SCHOOL - BATHURST BLDG.,Indoor Pool,2026-08-06,CENTRAL TECHNICAL HIGH SCHOOL - BATHURST BLDG.,Pass,0,0,0,0,0
CENTRE RESIDENTAL CONDOMINIUM,Spa Indoor,2024-09-16,CENTRE RESIDENTAL CONDOMINIUM,Pass,1,1,0,0,1
CENTRE RESIDENTAL CONDOMINIUM,Spa Indoor,2024-11-04,CENTRE RESIDENTAL CONDOMINIUM,Conditional Pass,5,2,2,1,2
CENTRE RESIDENTAL CONDOMINIUM,Spa Indoor,2024-11-06,CENTRE RESIDENTAL CONDOMINIUM,Pass,0,0,0,0,0
CENTRE RESIDENTAL CONDOMINIUM,Spa Indoor,2025-02-10,CENTRE RESIDENTAL CONDOMINIUM,Pass,1,1,0,0,1
CENTRE RESIDENTAL CONDOMINIUM,Spa Indoor,2025-09-17,CENTRE RESIDENTAL CONDOMINIUM,Pass,1,1,0,0,1
CENTRE RESIDENTAL CONDOMINIUM,Spa Indoor,2025-12-12,CENTRE RESIDENTAL CONDOMINIUM,Pass,0,0,0,0,0
CENTRE RESIDENTAL CONDOMINIUM,Spa Indoor,2026-02-24,CENTRE RESIDENTAL CONDOMINIUM,Pass,1,1,0,0,1
CENTRE RESIDENTAL CONDOMINIUM,Spa Indoor,2026-05-07,CENTRE RESIDENTAL CONDOMINIUM,Pass,1,1,0,0,1
CENTRE RESIDENTAL CONDOMINIUM,Spa Indoor,2026-08-11,CENTRE RESIDENTAL CONDOMINIUM,Pass,1,1,0,0,1
CENTRO CONDOS,Indoor Pool,2024-09-16,CENTRE RESIDENTAL CONDOMINIUM,Pass,3,3,0,0,2
CENTRO CONDOS,Indoor Pool,2024-11-04,CENTRE RESIDENTAL CONDOMINIUM,Conditional Pass,7,5,2,0,5
CENTRO CONDOS,Indoor Pool,2024-11-06,CENTRE RESIDENTAL CONDOMINIUM,Pass,0,0,0,0,0
CENTRO CONDOS,Indoor Pool,2025-02-10,CENTRE RESIDENTAL CONDOMINIUM,Pass,1,1,0,0,1
CENTRO CONDOS,Indoor Pool,2025-09-17,CENTRE RESIDENTAL CONDOMINIUM,Conditional Pass,2,1,0,1,2
CENTRO CONDOS,Indoor Pool,2025-10-27,CENTRE RESIDENTAL CONDOMINIUM,Pass,0,0,0,0,0
CENTRO CONDOS,Indoor Pool,2025-12-12,CENTRE RESIDENTAL CONDOMINIUM,Conditional Pass,1,0,1,0,1
CENTRO CONDOS,Indoor Pool,2025-12-16,CENTRE RESIDENTAL CONDOMINIUM,Pass,1,1,0,0,1
CENTRO CONDOS,Indoor Pool,2026-02-17,CENTRE RESIDENTAL CONDOMINIUM,Pass,0,0,0,0,0
CENTRO CONDOS,Indoor Pool,2026-05-07,CENTRE RESIDENTAL CONDOMINIUM,Pass,1,1,0,0,1
CENTRO CONDOS,Indoor Pool,2026-08-11,CENTRE RESIDENTAL CONDOMINIUM,Conditional Pass,2,1,1,0,2
CENTRO CONDOS,Indoor Pool,2026-08-19,CENTRE RESIDENTAL CONDOMINIUM,Pass,1,1,0,0,1
CENTURY GARDENS - WESTON ROAD POOL,Indoor Pool,2025-05-26,CENTURY GARDENS,Pass,0,0,0,0,0
CENTURY GARDENS - WESTON ROAD POOL,Indoor Pool,2025-09-16,CENTURY GARDENS,Pass,1,1,0,0,1
CENTURY GARDENS - WESTON ROAD POOL,Indoor Pool,2026-05-25,CENTURY GARDENS,Pass,4,4,0,0,3
CENTURY PLAZA OUTDOOR SPA,Spa Outdoor,2024-08-19,CENTURY PLAZA,Closed,3,0,0,3,3
CENTURY PLAZA OUTDOOR SPA,Spa Outdoor,2024-08-22,CENTURY PLAZA,Pass,0,0,0,0,0
CENTURY PLAZA OUTDOOR SPA,Spa Outdoor,2025-09-09,CENTURY PLAZA,Closed,13,8,2,3,5
CENTURY PLAZA OUTDOOR SPA,Spa Outdoor,2025-10-06,CENTURY PLAZA,Pass,3,3,0,0,1
CENTURY PLAZA OUTDOOR SPA,Spa Outdoor,2026-08-06,CENTURY PLAZA,Closed,13,7,2,4,7
CENTURY PLAZA OUTDOOR SPA,Spa Outdoor,2026-08-13,CENTURY PLAZA,Pass,4,4,0,0,1
CHACO SWIM SCHOOL,Indoor Pool,2024-09-13,CHACO SWIM SCHOOL,Pass,1,1,0,0,1
CHACO SWIM SCHOOL,Indoor Pool,2025-01-14,CHACO SWIM SCHOOL,Pass,2,2,0,0,1
CHACO SWIM SCHOOL,Indoor Pool,2025-05-22,CHACO SWIM SCHOOL,Conditional Pass,8,3,2,3,6
CHACO SWIM SCHOOL,Indoor Pool,2025-07-29,CHACO SWIM SCHOOL,Pass,1,1,0,0,1
CHACO SWIM SCHOOL,Indoor Pool,2025-12-12,CHACO SWIM SCHOOL,Pass,1,1,0,0,1
CHACO SWIM SCHOOL,Indoor Pool,2026-03-26,CHACO SWIM SCHOOL,Pass,0,0,0,0,0
CHACO SWIM SCHOOL,Indoor Pool,2026-06-09,CHACO SWIM SCHOOL,Conditional Pass,3,0,2,1,2
CHACO SWIM SCHOOL,Indoor Pool,2026-06-19,CHACO SWIM SCHOOL,Pass,0,0,0,0,0
CHAMPAGNE SWIM CENTRE,Indoor Pool,2026-03-18,CHAMPAGNE SWIM CENTRE,Pass,0,0,0,0,0
CHAMPAGNE SWIM CENTRE,Indoor Pool,2026-06-29,CHAMPAGNE SWIM CENTRE,Pass,3,3,0,0,3
CHARTWELL GUILDWOOD,Indoor Pool,2024-09-04,CHARTWELL GUILDWOOD,Pass,0,0,0,0,0
CHARTWELL GUILDWOOD,Indoor Pool,2024-11-12,CHARTWELL GUILDWOOD,Pass,0,0,0,0,0
CHARTWELL GUILDWOOD,Indoor Pool,2025-03-11,CHARTWELL GUILDWOOD,Pass,2,2,0,0,2
CHARTWELL GUILDWOOD,Indoor Pool,2025-06-10,CHARTWELL GUILDWOOD,Pass,0,0,0,0,0
CHARTWELL GUILDWOOD,Indoor Pool,2025-08-01,CHARTWELL GUILDWOOD,Conditional Pass,1,0,1,0,1
CHARTWELL GUILDWOOD,Indoor Pool,2025-08-08,CHARTWELL GUILDWOOD,Pass,1,1,0,0,1
CHARTWELL GUILDWOOD,Indoor Pool,2025-10-27,CHARTWELL GUILDWOOD,Pass,1,1,0,0,1
CHARTWELL GUILDWOOD,Indoor Pool,2026-01-08,CHARTWELL GUILDWOOD,Pass,3,3,0,0,3
CHARTWELL GUILDWOOD,Indoor Pool,2026-04-02,CHARTWELL GUILDWOOD,Pass,1,1,0,0,1
CHARTWELL PLACE (WHIRLPOOL),Spa Indoor,2024-07-22,CHARTWELL PLACE,Pass,0,0,0,0,0
CHARTWELL PLACE (WHIRLPOOL),Spa Indoor,2024-12-02,CHARTWELL PLACE,Pass,1,1,0,0,1
CHARTWELL PLACE (WHIRLPOOL),Spa Indoor,2025-02-24,CHARTWELL PLACE,Pass,3,2,1,0,3
CHARTWELL PLACE (WHIRLPOOL),Spa Indoor,2025-05-28,CHARTWELL PLACE,Conditional Pass,2,1,0,1,1
CHARTWELL PLACE (WHIRLPOOL),Spa Indoor,2025-06-19,CHARTWELL PLACE,Pass,0,0,0,0,0
CHARTWELL PLACE (WHIRLPOOL),Spa Indoor,2025-09-09,CHARTWELL PLACE,Pass,0,0,0,0,0
CHARTWELL PLACE (WHIRLPOOL),Spa Indoor,2025-12-05,CHARTWELL PLACE,Conditional Pass,2,0,1,1,1
CHARTWELL PLACE (WHIRLPOOL),Spa Indoor,2025-12-17,CHARTWELL PLACE,Pass,0,0,0,0,0
CHARTWELL PLACE (WHIRLPOOL),Spa Indoor,2026-03-10,CHARTWELL PLACE,Closed,2,0,0,2,2
CHARTWELL PLACE (WHIRLPOOL),Spa Indoor,2026-03-16,CHARTWELL PLACE,Conditional Pass,1,0,0,1,1
CHARTWELL PLACE (WHIRLPOOL),Spa Indoor,2026-03-17,CHARTWELL PLACE,Pass,0,0,0,0,0
CHARTWELL PLACE (WHIRLPOOL),Spa Indoor,2026-05-15,CHARTWELL PLACE,Conditional Pass,1,0,0,1,1
CHARTWELL PLACE (WHIRLPOOL),Spa Indoor,2026-05-19,CHARTWELL PLACE,Closed,2,0,0,2,2
CHARTWELL PLACE (WHIRLPOOL),Spa Indoor,2026-05-25,CHARTWELL PLACE,Pass,0,0,0,0,0
CHARTWELL PLACE POOL,Indoor Pool,2024-07-22,CHARTWELL PLACE,Pass,0,0,0,0,0
CHARTWELL PLACE POOL,Indoor Pool,2024-11-06,CHARTWELL PLACE,Conditional Pass,1,0,0,1,1
CHARTWELL PLACE POOL,Indoor Pool,2024-12-02,CHARTWELL PLACE,Pass,0,0,0,0,0
CHARTWELL PLACE POOL,Indoor Pool,2025-02-24,CHARTWELL PLACE,Pass,2,1,1,0,2
CHARTWELL PLACE POOL,Indoor Pool,2025-05-28,CHARTWELL PLACE,Pass,2,2,0,0,1
CHARTWELL PLACE POOL,Indoor Pool,2025-09-09,CHARTWELL PLACE,Pass,1,1,0,0,1
CHARTWELL PLACE POOL,Indoor Pool,2025-12-05,CHARTWELL PLACE,Pass,0,0,0,0,0
CHARTWELL PLACE POOL,Indoor Pool,2026-03-10,CHARTWELL PLACE,Pass,0,0,0,0,0
CHARTWELL PLACE POOL,Indoor Pool,2026-05-15,CHARTWELL PLACE,Pass,1,1,0,0,1
CHATEAU AUBERGE POOL,Indoor Pool,2024-12-13,CHATEAU AUBERGE POOL,Pass,0,0,0,0,0
CHATEAU AUBERGE POOL,Indoor Pool,2025-03-27,CHATEAU AUBERGE POOL,Conditional Pass,2,1,1,0,2
CHATEAU AUBERGE POOL,Indoor Pool,2025-04-17,CHATEAU AUBERGE POOL,Pass,1,1,0,0,1
CHATEAU AUBERGE POOL,Indoor Pool,2025-06-05,CHATEAU AUBERGE POOL,Pass,5,5,0,0,4
CHATEAU AUBERGE POOL,Indoor Pool,2026-01-13,CHATEAU AUBERGE POOL,Pass,0,0,0,0,0
CHATEAU AUBERGE POOL,Indoor Pool,2026-05-12,CHATEAU AUBERGE POOL,Conditional Pass,6,2,2,2,3
CHATEAU AUBERGE SPA,Spa Indoor,2024-12-13,CHATEAU AUBERGE POOL,Pass,0,0,0,0,0
CHATEAU AUBERGE SPA,Spa Indoor,2025-03-27,CHATEAU AUBERGE POOL,Conditional Pass,3,2,1,0,3
CHATEAU AUBERGE SPA,Spa Indoor,2025-04-17,CHATEAU AUBERGE POOL,Pass,1,1,0,0,1
CHATEAU AUBERGE SPA,Spa Indoor,2025-06-05,CHATEAU AUBERGE POOL,Pass,4,4,0,0,4
CHATEAU AUBERGE SPA,Spa Indoor,2026-01-13,CHATEAU AUBERGE POOL,Pass,0,0,0,0,0
CHATEAU AUBERGE SPA,Spa Indoor,2026-05-12,CHATEAU AUBERGE POOL,Conditional Pass,5,2,1,2,4
CHELSEA HOTEL TORONTO (FAMILY POOL),Indoor Pool,2024-09-11,DELTA CHELSEA HOTEL,Pass,0,0,0,0,0
CHELSEA HOTEL TORONTO (FAMILY POOL),Indoor Pool,2024-11-27,DELTA CHELSEA HOTEL,Pass,0,0,0,0,0
CHELSEA HOTEL TORONTO (FAMILY POOL),Indoor Pool,2025-01-20,DELTA CHELSEA HOTEL,Conditional Pass,3,0,0,3,3
CHELSEA HOTEL TORONTO (FAMILY POOL),Indoor Pool,2025-01-24,DELTA CHELSEA HOTEL,Pass,0,0,0,0,0
CHELSEA HOTEL TORONTO (FAMILY POOL),Indoor Pool,2025-02-07,DELTA CHELSEA HOTEL,Conditional Pass,1,0,0,1,1
CHELSEA HOTEL TORONTO (FAMILY POOL),Indoor Pool,2025-02-12,DELTA CHELSEA HOTEL,Pass,0,0,0,0,0
CHELSEA HOTEL TORONTO (FAMILY POOL),Indoor Pool,2025-04-08,DELTA CHELSEA HOTEL,Conditional Pass,1,0,1,0,1
CHELSEA HOTEL TORONTO (FAMILY POOL),Indoor Pool,2025-04-10,DELTA CHELSEA HOTEL,Pass,0,0,0,0,0
CHELSEA HOTEL TORONTO (FAMILY POOL),Indoor Pool,2026-02-03,DELTA CHELSEA HOTEL,Pass,0,0,0,0,0
CHELSEA HOTEL TORONTO (FAMILY POOL),Indoor Pool,2026-05-28,DELTA CHELSEA HOTEL,Conditional Pass,3,1,0,2,2
CHELSEA HOTEL TORONTO (FAMILY POOL),Indoor Pool,2026-06-12,DELTA CHELSEA HOTEL,Pass,0,0,0,0,0
CHELSEA HOTEL TORONTO (FAMILY SPA),Spa Indoor,2024-09-11,DELTA CHELSEA HOTEL,Pass,0,0,0,0,0
CHELSEA HOTEL TORONTO (FAMILY SPA),Spa Indoor,2024-11-27,DELTA CHELSEA HOTEL,Pass,0,0,0,0,0
CHELSEA HOTEL TORONTO (FAMILY SPA),Spa Indoor,2025-01-23,DELTA CHELSEA HOTEL,Conditional Pass,1,0,0,1,1
CHELSEA HOTEL TORONTO (FAMILY SPA),Spa Indoor,2025-02-07,DELTA CHELSEA HOTEL,Conditional Pass,2,0,0,2,2
CHELSEA HOTEL TORONTO (FAMILY SPA),Spa Indoor,2025-02-12,DELTA CHELSEA HOTEL,Conditional Pass,1,0,0,1,1
CHELSEA HOTEL TORONTO (FAMILY SPA),Spa Indoor,2025-04-08,DELTA CHELSEA HOTEL,Pass,0,0,0,0,0
CHELSEA HOTEL TORONTO (FAMILY SPA),Spa Indoor,2026-02-03,DELTA CHELSEA HOTEL,Pass,0,0,0,0,0
CHELSEA HOTEL TORONTO (FAMILY SPA),Spa Indoor,2026-05-28,DELTA CHELSEA HOTEL,Conditional Pass,1,0,0,1,1
CHELSEA HOTEL TORONTO (FAMILY SPA),Spa Indoor,2026-06-12,DELTA CHELSEA HOTEL,Pass,0,0,0,0,0
CHELSEA HOTEL TORONTO - DECK 27,Indoor Pool,2024-09-12,DELTA CHELSEA HOTEL,Pass,0,0,0,0,0
CHELSEA HOTEL TORONTO - DECK 27,Indoor Pool,2024-11-26,DELTA CHELSEA HOTEL,Pass,0,0,0,0,0
CHELSEA HOTEL TORONTO - DECK 27,Indoor Pool,2025-01-20,DELTA CHELSEA HOTEL,Conditional Pass,4,0,0,4,4
CHELSEA HOTEL TORONTO - DECK 27,Indoor Pool,2025-02-07,DELTA CHELSEA HOTEL,Conditional Pass,1,0,0,1,1
CHELSEA HOTEL TORONTO - DECK 27,Indoor Pool,2025-02-12,DELTA CHELSEA HOTEL,Pass,0,0,0,0,0
CHELSEA HOTEL TORONTO - DECK 27,Indoor Pool,2025-04-08,DELTA CHELSEA HOTEL,Pass,0,0,0,0,0
CHELSEA HOTEL TORONTO - DECK 27,Indoor Pool,2025-12-02,DELTA CHELSEA HOTEL,Pass,0,0,0,0,0
CHELSEA HOTEL TORONTO - DECK 27,Indoor Pool,2026-03-11,DELTA CHELSEA HOTEL,Pass,0,0,0,0,0
CHELSEA HOTEL TORONTO - DECK 27,Indoor Pool,2026-05-28,DELTA CHELSEA HOTEL,Conditional Pass,1,0,0,1,1
CHELSEA HOTEL TORONTO - DECK 27,Indoor Pool,2026-06-12,DELTA CHELSEA HOTEL,Pass,0,0,0,0,0
CHELSEA HOTEL TORONTO(FITNESS CENTRE),Spa Indoor,2024-09-12,DELTA CHELSEA HOTEL,Pass,0,0,0,0,0
CHELSEA HOTEL TORONTO(FITNESS CENTRE),Spa Indoor,2024-11-26,DELTA CHELSEA HOTEL,Pass,0,0,0,0,0
CHELSEA HOTEL TORONTO(FITNESS CENTRE),Spa Indoor,2025-01-20,DELTA CHELSEA HOTEL,Conditional Pass,4,0,0,4,4
CHELSEA HOTEL TORONTO(FITNESS CENTRE),Spa Indoor,2025-01-24,DELTA CHELSEA HOTEL,Pass,0,0,0,0,0
CHELSEA HOTEL TORONTO(FITNESS CENTRE),Spa Indoor,2025-02-07,DELTA CHELSEA HOTEL,Conditional Pass,1,0,0,1,1
CHELSEA HOTEL TORONTO(FITNESS CENTRE),Spa Indoor,2025-02-12,DELTA CHELSEA HOTEL,Pass,0,0,0,0,0
CHELSEA HOTEL TORONTO(FITNESS CENTRE),Spa Indoor,2025-04-08,DELTA CHELSEA HOTEL,Pass,0,0,0,0,0
CHELSEA HOTEL TORONTO(FITNESS CENTRE),Spa Indoor,2025-12-02,DELTA CHELSEA HOTEL,Pass,0,0,0,0,0
CHELSEA HOTEL TORONTO(FITNESS CENTRE),Spa Indoor,2026-03-11,DELTA CHELSEA HOTEL,Pass,0,0,0,0,0
CHELSEA HOTEL TORONTO(FITNESS CENTRE),Spa Indoor,2026-05-28,DELTA CHELSEA HOTEL,Conditional Pass,1,0,0,1,1
CHELSEA HOTEL TORONTO(FITNESS CENTRE),Spa Indoor,2026-06-12,DELTA CHELSEA HOTEL,Pass,0,0,0,0,0
CHEROKEE PLACE INDOOR POOL,Indoor Pool,2024-08-27,CHEROKEE PLACE,Conditional Pass,3,1,0,2,3
CHEROKEE PLACE INDOOR POOL,Indoor Pool,2026-08-14,CHEROKEE PLACE,Pass,0,0,0,0,0
CHERRY HOUSE,Outdoor Pool,2026-06-02,CHERRY HOUSE,Pass,0,0,0,0,0
CHESTNUT PLACE,Spa Indoor,2024-08-06,CHESTNUT PLACE,Pass,0,0,0,0,0
CHESTNUT PLACE,Spa Indoor,2024-10-31,CHESTNUT PLACE,Pass,1,1,0,0,1
CHESTNUT PLACE,Spa Indoor,2025-02-11,CHESTNUT PLACE,Pass,0,0,0,0,0
CHESTNUT PLACE,Spa Indoor,2025-05-21,CHESTNUT PLACE,Pass,0,0,0,0,0
CHESTNUT PLACE,Spa Indoor,2025-09-30,CHESTNUT PLACE,Pass,0,0,0,0,0
CHESTNUT PLACE,Spa Indoor,2025-12-30,CHESTNUT PLACE,Conditional Pass,2,0,0,2,1
CHESTNUT PLACE,Spa Indoor,2026-03-30,CHESTNUT PLACE,Pass,0,0,0,0,0
CHESTNUT PLACE,Spa Indoor,2026-06-25,CHESTNUT PLACE,Pass,0,0,0,0,0
CHESTNUT PLACE,Spa Indoor,2026-09-11,CHESTNUT PLACE,Conditional Pass,2,1,1,0,1
CHESTNUT PLACE,Spa Indoor,2026-09-21,CHESTNUT PLACE,Pass,1,1,0,0,1
CINEMA TOWER,Spa Indoor,2024-08-29,CINEMA TOWER,Pass,0,0,0,0,0
CINEMA TOWER,Spa Indoor,2025-03-26,CINEMA TOWER,Conditional Pass,1,0,0,1,1
CINEMA TOWER,Spa Indoor,2025-03-27,CINEMA TOWER,Pass,0,0,0,0,0
CINEMA TOWER,Spa Indoor,2025-06-30,CINEMA TOWER,Pass,0,0,0,0,0
CINEMA TOWER,Spa Indoor,2026-03-13,CINEMA TOWER,Pass,0,0,0,0,0
CINEMA TOWER,Spa Indoor,2026-06-22,CINEMA TOWER,Pass,0,0,0,0,0
CITY LIGHTS ON BROADWAY OUTDOOR POOL,Outdoor Pool,2025-06-16,CITY LIGHTS ON BROADWAY,Pass,5,4,1,0,3
CITY LIGHTS ON BROADWAY OUTDOOR POOL,Outdoor Pool,2025-09-17,CITY LIGHTS ON BROADWAY,Pass,4,3,1,0,3
CITY LIGHTS ON BROADWAY OUTDOOR POOL,Outdoor Pool,2026-05-29,CITY LIGHTS ON BROADWAY,Pass,1,1,0,0,1
CITY LIGHTS ON BROADWAY SMALL POOL,Outdoor Pool,2025-06-16,CITY LIGHTS ON BROADWAY,Pass,4,3,1,0,2
CITY LIGHTS ON BROADWAY SMALL POOL,Outdoor Pool,2025-09-17,CITY LIGHTS ON BROADWAY,Pass,4,3,1,0,3
CITY LIGHTS ON BROADWAY SMALL POOL,Outdoor Pool,2026-05-29,CITY LIGHTS ON BROADWAY,Pass,0,0,0,0,0
CLASSIC / EXCELLENCE SHARED FACILITIES OUTDOOR POOL,Outdoor Pool,2025-06-24,CLASSIC I EXCELLENCE SHARED FACILITIES,Pass,1,1,0,0,1
CLASSIC / EXCELLENCE SHARED FACILITIES OUTDOOR POOL,Outdoor Pool,2025-08-28,CLASSIC I EXCELLENCE SHARED FACILITIES,Pass,0,0,0,0,0
CLASSIC / EXCELLENCE SHARED FACILITIES OUTDOOR POOL,Outdoor Pool,2026-09-15,CLASSIC I EXCELLENCE SHARED FACILITIES,Conditional Pass,9,4,3,2,5
CLASSIC EXCELLENCE SHARED FACILITY INDOOR POOL,Indoor Pool,2024-09-12,CLASSIC I EXCELLENCE SHARED FACILITIES,Pass,0,0,0,0,0
CLASSIC EXCELLENCE SHARED FACILITY INDOOR POOL,Indoor Pool,2024-11-29,CLASSIC I EXCELLENCE SHARED FACILITIES,Pass,0,0,0,0,0
CLASSIC EXCELLENCE SHARED FACILITY INDOOR POOL,Indoor Pool,2025-02-28,CLASSIC I EXCELLENCE SHARED FACILITIES,Pass,0,0,0,0,0
CLASSIC EXCELLENCE SHARED FACILITY INDOOR POOL,Indoor Pool,2025-05-21,CLASSIC I EXCELLENCE SHARED FACILITIES,Pass,0,0,0,0,0
CLASSIC EXCELLENCE SHARED FACILITY INDOOR POOL,Indoor Pool,2025-08-28,CLASSIC I EXCELLENCE SHARED FACILITIES,Pass,0,0,0,0,0
CLASSIC EXCELLENCE SHARED FACILITY INDOOR POOL,Indoor Pool,2025-12-02,CLASSIC I EXCELLENCE SHARED FACILITIES,Pass,4,4,0,0,2
CLASSIC EXCELLENCE SHARED FACILITY INDOOR POOL,Indoor Pool,2026-03-09,CLASSIC I EXCELLENCE SHARED FACILITIES,Pass,1,1,0,0,1
CLASSIC EXCELLENCE SHARED FACILITY INDOOR POOL,Indoor Pool,2026-04-29,CLASSIC I EXCELLENCE SHARED FACILITIES,Pass,2,2,0,0,1
CLASSIC/ EXCELLENCE SHARED FACILITIES,Spa Indoor,2024-09-12,CLASSIC I EXCELLENCE SHARED FACILITIES,Pass,1,1,0,0,1
CLASSIC/ EXCELLENCE SHARED FACILITIES,Spa Indoor,2024-11-29,CLASSIC I EXCELLENCE SHARED FACILITIES,Pass,0,0,0,0,0
CLASSIC/ EXCELLENCE SHARED FACILITIES,Spa Indoor,2025-02-28,CLASSIC I EXCELLENCE SHARED FACILITIES,Pass,1,1,0,0,1
CLASSIC/ EXCELLENCE SHARED FACILITIES,Spa Indoor,2025-08-28,CLASSIC I EXCELLENCE SHARED FACILITIES,Conditional Pass,1,0,1,0,1
CLASSIC/ EXCELLENCE SHARED FACILITIES,Spa Indoor,2025-12-02,CLASSIC I EXCELLENCE SHARED FACILITIES,Conditional Pass,6,3,2,1,3
CLASSIC/ EXCELLENCE SHARED FACILITIES,Spa Indoor,2025-12-08,CLASSIC I EXCELLENCE SHARED FACILITIES,Pass,0,0,0,0,0
CLASSIC/ EXCELLENCE SHARED FACILITIES,Spa Indoor,2026-03-09,CLASSIC I EXCELLENCE SHARED FACILITIES,Pass,1,1,0,0,1
CLASSIC/ EXCELLENCE SHARED FACILITIES,Spa Indoor,2026-04-29,CLASSIC I EXCELLENCE SHARED FACILITIES,Closed,5,2,0,3,4
CLASSIC/ EXCELLENCE SHARED FACILITIES,Spa Indoor,2026-05-01,CLASSIC I EXCELLENCE SHARED FACILITIES,Conditional Pass,2,1,0,1,1
CLAXTON GATES OUTDOOR POOL,Outdoor Pool,2024-07-26,CLAXTON GATES,Conditional Pass,5,1,2,2,4
CLAXTON GATES OUTDOOR POOL,Outdoor Pool,2025-07-15,CLAXTON GATES,Pass,3,3,0,0,1
CLAXTON GATES OUTDOOR POOL,Outdoor Pool,2026-07-06,CLAXTON GATES,Conditional Pass,4,0,1,3,4
CLAXTON GATES OUTDOOR POOL,Outdoor Pool,2026-07-13,CLAXTON GATES,Pass,0,0,0,0,0
CLEAR SPIRIT CONDOMINIUM,Outdoor Pool,2024-08-20,CLEAR SPIRIT CONDOMINIUM,Conditional Pass,15,10,3,2,5
CLEAR SPIRIT CONDOMINIUM,Outdoor Pool,2024-09-13,CLEAR SPIRIT CONDOMINIUM,Conditional Pass,5,3,1,1,2
CLEAR SPIRIT CONDOMINIUM,Outdoor Pool,2025-07-31,CLEAR SPIRIT CONDOMINIUM,Conditional Pass,3,1,0,2,3
CLEAR SPIRIT CONDOMINIUM,Outdoor Pool,2026-08-27,CLEAR SPIRIT CONDOMINIUM,Conditional Pass,1,0,0,1,1
CLEAR SPIRIT CONDOMINIUM,Outdoor Pool,2026-09-03,CLEAR SPIRIT CONDOMINIUM,Pass,0,0,0,0,0
CLEAR SPIRIT CONDOMINIUM,Spa Outdoor,2024-08-20,CLEAR SPIRIT CONDOMINIUM,Conditional Pass,12,10,2,0,4
CLEAR SPIRIT CONDOMINIUM,Spa Outdoor,2024-09-13,CLEAR SPIRIT CONDOMINIUM,Conditional Pass,3,2,0,1,2
CLEAR SPIRIT CONDOMINIUM,Spa Outdoor,2025-07-31,CLEAR SPIRIT CONDOMINIUM,Conditional Pass,4,1,1,2,3
CLEAR SPIRIT CONDOMINIUM,Spa Outdoor,2025-08-26,CLEAR SPIRIT CONDOMINIUM,Pass,0,0,0,0,0
CLEAR SPIRIT CONDOMINIUM,Spa Outdoor,2026-08-27,CLEAR SPIRIT CONDOMINIUM,Conditional Pass,1,0,0,1,1
CLEAR SPIRIT CONDOMINIUM,Spa Outdoor,2026-09-03,CLEAR SPIRIT CONDOMINIUM,Conditional Pass,1,0,0,1,1
CLEAR SPIRIT CONDOMINIUM,Spa Outdoor,2026-09-14,CLEAR SPIRIT CONDOMINIUM,Pass,0,0,0,0,0
CLIPPER PLACE,Outdoor Pool,2025-08-20,CLIPPER PLACE,Conditional Pass,3,0,1,2,3
CLIPPER PLACE,Outdoor Pool,2026-07-22,CLIPPER PLACE,Pass,5,5,0,0,4
CLOISTERS OF THE DON,Outdoor Pool,2025-06-30,CLOISTERS OF THE DON,Closed,6,1,2,3,4
CLOISTERS OF THE DON,Outdoor Pool,2025-07-15,CLOISTERS OF THE DON,Pass,2,2,0,0,2
CLOISTERS OF THE DON,Outdoor Pool,2026-07-27,CLOISTERS OF THE DON,Closed,18,7,3,8,7
CLOISTERS OF THE DON,Outdoor Pool,2026-07-30,CLOISTERS OF THE DON,Pass,0,0,0,0,0
CLOUD 9 POOL,Indoor Pool,2024-08-27,CLOUD 9 POOL,Pass,0,0,0,0,0
CLOUD 9 POOL,Indoor Pool,2024-10-31,CLOUD 9 POOL,Pass,1,1,0,0,1
CLOUD 9 POOL,Indoor Pool,2025-02-20,CLOUD 9 POOL,Pass,0,0,0,0,0
CLOUD 9 POOL,Indoor Pool,2025-06-23,CLOUD 9 POOL,Pass,0,0,0,0,0
CLOUD 9 POOL,Indoor Pool,2026-03-16,CLOUD 9 POOL,Pass,0,0,0,0,0
CLOUD 9 POOL,Indoor Pool,2026-05-15,CLOUD 9 POOL,Pass,0,0,0,0,0
CLOVER ON YONGE (THE GLOUCESTER),Outdoor Pool,2025-09-08,CLOVER ON YONGE (THE GLOUCESTER),Pass,3,3,0,0,3
CLOVER ON YONGE (THE GLOUCESTER),Outdoor Pool,2026-09-11,CLOVER ON YONGE (THE GLOUCESTER),Pass,5,5,0,0,3
CLUB HAMPTON POOL,Indoor Pool,2024-08-29,CLUB HAMPTON POOL,Pass,1,1,0,0,1
CLUB HAMPTON POOL,Indoor Pool,2025-03-05,CLUB HAMPTON POOL,Pass,4,3,1,0,4
CLUB HAMPTON POOL,Indoor Pool,2025-06-03,CLUB HAMPTON POOL,Pass,0,0,0,0,0
CLUB HAMPTON POOL,Indoor Pool,2025-09-10,CLUB HAMPTON POOL,Pass,0,0,0,0,0
CLUB HAMPTON POOL,Indoor Pool,2025-12-05,CLUB HAMPTON POOL,Pass,1,1,0,0,1
CLUB HAMPTON POOL,Indoor Pool,2026-03-04,CLUB HAMPTON POOL,Pass,0,0,0,0,0
CLUB HAMPTON POOL,Indoor Pool,2026-06-01,CLUB HAMPTON POOL,Pass,2,2,0,0,2
CLUB PARADE (BLOCK 29),Indoor Pool,2024-09-13,21 ICEBOAT TER,Pass,0,0,0,0,0
CLUB PARADE (BLOCK 29),Indoor Pool,2024-12-24,21 ICEBOAT TER,Pass,0,0,0,0,0
CLUB PARADE (BLOCK 29),Indoor Pool,2025-02-26,21 ICEBOAT TER,Pass,0,0,0,0,0
CLUB PARADE (BLOCK 29),Indoor Pool,2025-06-04,21 ICEBOAT TER,Pass,0,0,0,0,0
CLUB PARADE (BLOCK 29),Indoor Pool,2025-09-24,21 ICEBOAT TER,Pass,0,0,0,0,0
CLUB PARADE (BLOCK 29),Indoor Pool,2025-12-24,21 ICEBOAT TER,Pass,0,0,0,0,0
CLUB PARADE (BLOCK 29),Indoor Pool,2026-03-30,21 ICEBOAT TER,Conditional Pass,2,0,1,1,2
CLUB PARADE (BLOCK 29),Indoor Pool,2026-04-17,21 ICEBOAT TER,Pass,0,0,0,0,0
CLUB PARADE (BLOCK 29),Spa Indoor,2025-03-14,21 ICEBOAT TER,Pass,0,0,0,0,0
COLUMBUS CENTRE POOL,Indoor Pool,2024-08-06,COLUMBUS CENTRE,Pass,0,0,0,0,0
COLUMBUS CENTRE POOL,Indoor Pool,2024-11-04,COLUMBUS CENTRE,Pass,0,0,0,0,0
COLUMBUS CENTRE POOL,Indoor Pool,2025-02-07,COLUMBUS CENTRE,Pass,0,0,0,0,0
COLUMBUS CENTRE POOL,Indoor Pool,2025-04-30,COLUMBUS CENTRE,Pass,1,1,0,0,1
COLUMBUS CENTRE POOL,Indoor Pool,2025-09-10,COLUMBUS CENTRE,Pass,2,2,0,0,2
COLUMBUS CENTRE POOL,Indoor Pool,2025-10-21,COLUMBUS CENTRE,Pass,3,3,0,0,3
COLUMBUS CENTRE POOL,Indoor Pool,2026-01-07,COLUMBUS CENTRE,Pass,0,0,0,0,0
COLUMBUS CENTRE POOL,Indoor Pool,2026-05-21,COLUMBUS CENTRE,Pass,1,1,0,0,1
COMMONWEALTH  TOWERS,Outdoor Pool,2024-08-01,COMMONWEALTH  TOWERS,Pass,0,0,0,0,0
COMMONWEALTH  TOWERS,Outdoor Pool,2025-07-08,COMMONWEALTH  TOWERS,Closed,8,3,0,5,4
COMMONWEALTH  TOWERS,Outdoor Pool,2025-07-09,COMMONWEALTH  TOWERS,Pass,1,1,0,0,1
COMMONWEALTH  TOWERS,Outdoor Pool,2026-07-27,COMMONWEALTH  TOWERS,Conditional Pass,4,3,0,1,3
COMMONWEALTH  TOWERS,Outdoor Pool,2026-08-25,COMMONWEALTH  TOWERS,Pass,0,0,0,0,0
CONCERT CONDO,Indoor Pool,2024-10-28,CONCERT CONDO,Pass,0,0,0,0,0
CONCERT CONDO,Indoor Pool,2025-01-24,CONCERT CONDO,Pass,0,0,0,0,0
CONCERT CONDO,Indoor Pool,2025-04-15,CONCERT CONDO,Pass,1,1,0,0,1
CONCERT CONDO,Indoor Pool,2025-08-26,CONCERT CONDO,Pass,0,0,0,0,0
CONCERT CONDO,Indoor Pool,2025-10-23,CONCERT CONDO,Pass,0,0,0,0,0
CONCERT CONDO,Indoor Pool,2026-01-13,CONCERT CONDO,Pass,0,0,0,0,0
CONCERT CONDO,Indoor Pool,2026-04-07,CONCERT CONDO,Conditional Pass,2,0,1,1,1
CONCERT CONDO,Indoor Pool,2026-04-13,CONCERT CONDO,Pass,0,0,0,0,0
CONCERT CONDO,Indoor Pool,2026-07-27,CONCERT CONDO,Pass,1,1,0,0,1
CONCORD ADEX,Indoor Pool,2024-07-29,CONCORD ADEX,Pass,0,0,0,0,0
CONCORD ADEX,Indoor Pool,2024-10-28,CONCORD ADEX,Pass,0,0,0,0,0
CONCORD ADEX,Indoor Pool,2025-02-28,CONCORD ADEX,Conditional Pass,2,1,0,1,2
CONCORD ADEX,Indoor Pool,2025-03-04,CONCORD ADEX,Pass,0,0,0,0,0
CONCORD ADEX,Indoor Pool,2025-06-13,CONCORD ADEX,Pass,0,0,0,0,0
CONCORD ADEX,Indoor Pool,2025-09-23,CONCORD ADEX,Pass,0,0,0,0,0
CONCORD ADEX,Indoor Pool,2025-12-30,CONCORD ADEX,Pass,0,0,0,0,0
CONCORD ADEX,Indoor Pool,2026-03-17,CONCORD ADEX,Pass,0,0,0,0,0
CONCORD ADEX,Indoor Pool,2026-06-09,CONCORD ADEX,Pass,0,0,0,0,0
CONCORD ADEX (BIG SPA),Spa Indoor,2024-07-31,CONCORD ADEX,Pass,2,2,0,0,2
CONCORD ADEX (BIG SPA),Spa Indoor,2024-10-31,CONCORD ADEX,Pass,0,0,0,0,0
CONCORD ADEX (BIG SPA),Spa Indoor,2025-06-13,CONCORD ADEX,Pass,0,0,0,0,0
CONCORD ADEX (BIG SPA),Spa Indoor,2025-09-23,CONCORD ADEX,Pass,0,0,0,0,0
CONCORD ADEX (BIG SPA),Spa Indoor,2025-12-30,CONCORD ADEX,Pass,0,0,0,0,0
CONCORD ADEX (BIG SPA),Spa Indoor,2026-03-17,CONCORD ADEX,Pass,0,0,0,0,0
CONCORD ADEX (BIG SPA),Spa Indoor,2026-06-09,CONCORD ADEX,Closed,2,0,0,2,2
CONCORD ADEX (BIG SPA),Spa Indoor,2026-06-10,CONCORD ADEX,Pass,1,1,0,0,1
CONCORD ADEX (MAIN FLOOR),Spa Indoor,2024-07-29,CONCORD ADEX,Pass,0,0,0,0,0
CONCORD ADEX (MAIN FLOOR),Spa Indoor,2024-10-28,CONCORD ADEX,Pass,0,0,0,0,0
CONCORD ADEX (MAIN FLOOR),Spa Indoor,2025-02-28,CONCORD ADEX,Pass,1,1,0,0,1
CONCORD ADEX (MAIN FLOOR),Spa Indoor,2025-06-13,CONCORD ADEX,Pass,0,0,0,0,0
CONCORD ADEX (MAIN FLOOR),Spa Indoor,2025-09-23,CONCORD ADEX,Pass,0,0,0,0,0
CONCORD ADEX (MAIN FLOOR),Spa Indoor,2025-12-30,CONCORD ADEX,Pass,0,0,0,0,0
CONCORD ADEX (MAIN FLOOR),Spa Indoor,2026-03-17,CONCORD ADEX,Pass,0,0,0,0,0
CONCORD ADEX (MAIN FLOOR),Spa Indoor,2026-06-09,CONCORD ADEX,Pass,0,0,0,0,0
CONCORD ADEX (SMALL SPA),Spa Indoor,2024-07-31,CONCORD ADEX,Pass,1,1,0,0,1
CONCORD ADEX (SMALL SPA),Spa Indoor,2024-10-31,CONCORD ADEX,Pass,0,0,0,0,0
CONCORD ADEX (SMALL SPA),Spa Indoor,2025-06-13,CONCORD ADEX,Pass,0,0,0,0,0
CONCORD ADEX (SMALL SPA),Spa Indoor,2025-09-23,CONCORD ADEX,Pass,0,0,0,0,0
CONCORD ADEX (SMALL SPA),Spa Indoor,2025-12-30,CONCORD ADEX,Pass,0,0,0,0,0
CONCORD ADEX (SMALL SPA),Spa Indoor,2026-03-17,CONCORD ADEX,Pass,0,0,0,0,0
CONCORD ADEX (SMALL SPA),Spa Indoor,2026-06-09,CONCORD ADEX,Closed,2,0,0,2,2
CONCORD ADEX (SMALL SPA),Spa Indoor,2026-06-10,CONCORD ADEX,Pass,0,0,0,0,0
CONCORD PARK PLACE - DISCOVERY II,Indoor Pool,2024-10-16,CONCORD PARK PLACE - DISCOVERY II,Pass,0,0,0,0,0
CONCORD PARK PLACE - DISCOVERY II,Indoor Pool,2025-01-09,CONCORD PARK PLACE - DISCOVERY II,Pass,1,1,0,0,1
CONCORD PARK PLACE - DISCOVERY II,Indoor Pool,2025-04-16,CONCORD PARK PLACE - DISCOVERY II,Pass,0,0,0,0,0
CONCORD PARK PLACE - DISCOVERY II,Indoor Pool,2025-07-24,CONCORD PARK PLACE - DISCOVERY II,Pass,1,1,0,0,1
CONCORD PARK PLACE - DISCOVERY II,Indoor Pool,2025-10-14,CONCORD PARK PLACE - DISCOVERY II,Pass,0,0,0,0,0
CONCORD PARK PLACE - DISCOVERY II,Indoor Pool,2026-01-05,CONCORD PARK PLACE - DISCOVERY II,Pass,0,0,0,0,0
CONCORD PARK PLACE - DISCOVERY II,Indoor Pool,2026-05-05,CONCORD PARK PLACE - DISCOVERY II,Pass,0,0,0,0,0
CONCORD PARK PLACE - DISCOVERY II,Indoor Pool,2026-09-21,CONCORD PARK PLACE - DISCOVERY II,Pass,1,1,0,0,1
CONCORD PARK PLACE - DISCOVERY II - SPA,Spa Indoor,2024-10-16,CONCORD PARK PLACE - DISCOVERY II,Pass,1,1,0,0,1
CONCORD PARK PLACE - DISCOVERY II - SPA,Spa Indoor,2025-01-09,CONCORD PARK PLACE - DISCOVERY II,Pass,1,1,0,0,1
CONCORD PARK PLACE - DISCOVERY II - SPA,Spa Indoor,2025-04-16,CONCORD PARK PLACE - DISCOVERY II,Pass,0,0,0,0,0
CONCORD PARK PLACE - DISCOVERY II - SPA,Spa Indoor,2025-07-24,CONCORD PARK PLACE - DISCOVERY II,Pass,0,0,0,0,0
CONCORD PARK PLACE - DISCOVERY II - SPA,Spa Indoor,2025-10-14,CONCORD PARK PLACE - DISCOVERY II,Pass,0,0,0,0,0
CONCORD PARK PLACE - DISCOVERY II - SPA,Spa Indoor,2026-01-05,CONCORD PARK PLACE - DISCOVERY II,Conditional Pass,1,0,0,1,1
CONCORD PARK PLACE - DISCOVERY II - SPA,Spa Indoor,2026-01-08,CONCORD PARK PLACE - DISCOVERY II,Pass,0,0,0,0,0
CONCORD PARK PLACE - DISCOVERY II - SPA,Spa Indoor,2026-05-05,CONCORD PARK PLACE - DISCOVERY II,Pass,0,0,0,0,0
CONCORD PARK PLACE - DISCOVERY II - SPA,Spa Indoor,2026-09-21,CONCORD PARK PLACE - DISCOVERY II,Conditional Pass,1,0,0,1,1
CONCORDE PARK INDOOR POOL,Indoor Pool,2024-12-20,CONCORDE PARK,Conditional Pass,3,2,0,1,2
CONCORDE PARK INDOOR POOL,Indoor Pool,2024-12-24,CONCORDE PARK,Pass,0,0,0,0,0
CONCORDE PARK INDOOR POOL,Indoor Pool,2025-03-25,CONCORDE PARK,Pass,0,0,0,0,0
CONCORDE PARK INDOOR POOL,Indoor Pool,2025-05-09,CONCORDE PARK,Pass,1,1,0,0,1
CONCORDE PARK INDOOR POOL,Indoor Pool,2026-03-13,CONCORDE PARK,Pass,3,3,0,0,1
CONCORDE PARK INDOOR POOL,Indoor Pool,2026-07-03,CONCORDE PARK,Pass,4,4,0,0,4
CONCORDE PARK SPA,Spa Indoor,2024-12-20,CONCORDE PARK,Conditional Pass,4,2,1,1,2
CONCORDE PARK SPA,Spa Indoor,2024-12-24,CONCORDE PARK,Pass,0,0,0,0,0
CONCORDE PARK SPA,Spa Indoor,2025-03-25,CONCORDE PARK,Conditional Pass,2,0,1,1,1
CONCORDE PARK SPA,Spa Indoor,2025-03-26,CONCORDE PARK,Pass,0,0,0,0,0
CONCORDE PARK SPA,Spa Indoor,2025-05-09,CONCORDE PARK,Conditional Pass,2,1,0,1,2
CONCORDE PARK SPA,Spa Indoor,2026-03-13,CONCORDE PARK,Conditional Pass,6,4,2,0,4
CONCORDE PARK SPA,Spa Indoor,2026-07-03,CONCORDE PARK,Pass,1,1,0,0,1
CONDOMINIUM BUILDING  YCC 211,Outdoor Pool,2024-08-19,101 PRUDENTIAL DR,Pass,0,0,0,0,0
CONDOMINIUM BUILDING  YCC 211,Outdoor Pool,2025-07-08,101 PRUDENTIAL DR,Conditional Pass,3,1,1,1,2
CONDOMINIUM BUILDING  YCC 211,Outdoor Pool,2025-07-17,101 PRUDENTIAL DR,Pass,1,1,0,0,1
CONDOMINIUM BUILDING  YCC 211,Outdoor Pool,2026-06-22,101 PRUDENTIAL DR,Pass,1,1,0,0,1
CONSILIUM CLUB - EAST SPA,Spa Indoor,2024-08-23,CONSILLIUM CLUB,Pass,2,1,1,0,1
CONSILIUM CLUB - EAST SPA,Spa Indoor,2024-10-31,CONSILLIUM CLUB,Pass,0,0,0,0,0
CONSILIUM CLUB - EAST SPA,Spa Indoor,2025-01-20,CONSILLIUM CLUB,Pass,0,0,0,0,0
CONSILIUM CLUB - EAST SPA,Spa Indoor,2025-04-15,CONSILLIUM CLUB,Pass,3,2,1,0,2
CONSILIUM CLUB - EAST SPA,Spa Indoor,2025-07-11,CONSILLIUM CLUB,Pass,0,0,0,0,0
CONSILIUM CLUB - EAST SPA,Spa Indoor,2025-11-18,CONSILLIUM CLUB,Pass,2,2,0,0,2
CONSILIUM CLUB - EAST SPA,Spa Indoor,2026-03-23,CONSILLIUM CLUB,Pass,1,1,0,0,1
CONSILIUM CLUB - EAST SPA,Spa Indoor,2026-06-18,CONSILLIUM CLUB,Pass,0,0,0,0,0
CONSILIUM CLUB - EAST SPA,Spa Indoor,2026-08-31,CONSILLIUM CLUB,Pass,0,0,0,0,0
CONSILIUM CLUB - OUTDOOR POOL,Outdoor Pool,2024-08-23,CONSILLIUM CLUB,Pass,2,2,0,0,2
CONSILIUM CLUB - OUTDOOR POOL,Outdoor Pool,2025-06-11,CONSILLIUM CLUB,Conditional Pass,4,1,3,0,3
CONSILIUM CLUB - OUTDOOR POOL,Outdoor Pool,2025-07-02,CONSILLIUM CLUB,Pass,0,0,0,0,0
CONSILIUM CLUB - OUTDOOR POOL,Outdoor Pool,2025-08-18,CONSILLIUM CLUB,Pass,1,1,0,0,1
CONSILIUM CLUB - OUTDOOR POOL,Outdoor Pool,2026-06-22,CONSILLIUM CLUB,Pass,0,0,0,0,0
CONSILIUM CLUB - WEST SPA,Spa Indoor,2024-08-23,CONSILLIUM CLUB,Pass,0,0,0,0,0
CONSILIUM CLUB - WEST SPA,Spa Indoor,2024-10-31,CONSILLIUM CLUB,Pass,0,0,0,0,0
CONSILIUM CLUB - WEST SPA,Spa Indoor,2025-01-20,CONSILLIUM CLUB,Conditional Pass,2,0,2,0,2
CONSILIUM CLUB - WEST SPA,Spa Indoor,2025-01-23,CONSILLIUM CLUB,Pass,0,0,0,0,0
CONSILIUM CLUB - WEST SPA,Spa Indoor,2025-04-15,CONSILLIUM CLUB,Pass,0,0,0,0,0
CONSILIUM CLUB - WEST SPA,Spa Indoor,2025-07-11,CONSILLIUM CLUB,Pass,1,1,0,0,1
CONSILIUM CLUB - WEST SPA,Spa Indoor,2025-10-16,CONSILLIUM CLUB,Pass,0,0,0,0,0
CONSILIUM CLUB - WEST SPA,Spa Indoor,2026-03-23,CONSILLIUM CLUB,Pass,1,1,0,0,1
CONSILIUM CLUB - WEST SPA,Spa Indoor,2026-06-18,CONSILLIUM CLUB,Pass,0,0,0,0,0
CONSILIUM CLUB - WEST SPA,Spa Indoor,2026-08-31,CONSILLIUM CLUB,Pass,0,0,0,0,0
CONSILIUM CLUB - INDOOR POOL,Indoor Pool,2024-08-23,CONSILLIUM CLUB,Pass,0,0,0,0,0
CONSILIUM CLUB - INDOOR POOL,Indoor Pool,2024-10-31,CONSILLIUM CLUB,Pass,1,1,0,0,1
CONSILIUM CLUB - INDOOR POOL,Indoor Pool,2025-01-20,CONSILLIUM CLUB,Pass,0,0,0,0,0
CONSILIUM CLUB - INDOOR POOL,Indoor Pool,2025-04-15,CONSILLIUM CLUB,Pass,1,1,0,0,1
CONSILIUM CLUB - INDOOR POOL,Indoor Pool,2025-07-11,CONSILLIUM CLUB,Pass,3,3,0,0,3
CONSILIUM CLUB - INDOOR POOL,Indoor Pool,2025-10-16,CONSILLIUM CLUB,Pass,1,1,0,0,1
CONSILIUM CLUB - INDOOR POOL,Indoor Pool,2025-11-18,CONSILLIUM CLUB,Pass,2,2,0,0,1
CONSILIUM CLUB - INDOOR POOL,Indoor Pool,2026-01-21,CONSILLIUM CLUB,Conditional Pass,1,0,1,0,1
CONSILIUM CLUB - INDOOR POOL,Indoor Pool,2026-03-10,CONSILLIUM CLUB,Pass,0,0,0,0,0
CONSILIUM CLUB - INDOOR POOL,Indoor Pool,2026-06-18,CONSILLIUM CLUB,Pass,0,0,0,0,0
CONSILIUM CLUB - INDOOR POOL,Indoor Pool,2026-08-31,CONSILLIUM CLUB,Pass,0,0,0,0,0
CONSULATE I,Indoor Pool,2024-09-11,CONSULATE I,Pass,0,0,0,0,0
CONSULATE I,Indoor Pool,2024-12-05,CONSULATE I,Pass,0,0,0,0,0
CONSULATE I,Indoor Pool,2025-03-31,CONSULATE I,Pass,0,0,0,0,0
CONSULATE I,Indoor Pool,2025-06-18,CONSULATE I,Conditional Pass,5,2,1,2,3
CONSULATE I,Indoor Pool,2025-11-04,CONSULATE I,Pass,0,0,0,0,0
CONSULATE I,Indoor Pool,2026-03-06,CONSULATE I,Pass,5,4,1,0,2
CONSULATE I,Indoor Pool,2026-04-17,CONSULATE I,Pass,1,1,0,0,1
CONSULATE II,Indoor Pool,2024-09-27,CONSULATE II,Pass,0,0,0,0,0
CONSULATE II,Indoor Pool,2024-12-06,CONSULATE II,Pass,0,0,0,0,0
CONSULATE II,Indoor Pool,2025-03-20,CONSULATE II,Pass,0,0,0,0,0
CONSULATE II,Indoor Pool,2025-05-21,CONSULATE II,Pass,0,0,0,0,0
CONSULATE II,Indoor Pool,2026-03-06,CONSULATE II,Pass,1,1,0,0,1
CONSULATE II,Indoor Pool,2026-04-30,CONSULATE II,Pass,1,1,0,0,1
CONSULATE II,Indoor Pool,2026-08-13,CONSULATE II,Pass,0,0,0,0,0
CONTINENTAL COURT POOL,Outdoor Pool,2024-08-08,CONTINENTAL COURT POOL,Pass,3,3,0,0,2
CONTINENTAL COURT POOL,Outdoor Pool,2025-08-18,CONTINENTAL COURT POOL,Pass,3,3,0,0,2
CONTINENTAL COURT POOL,Outdoor Pool,2026-07-09,CONTINENTAL COURT POOL,Pass,7,7,0,0,2
CONTINENTAL TOWERS INDOOR SPA,Spa Indoor,2024-07-10,CONTINENTAL TOWERS,Conditional Pass,4,1,1,2,2
CONTINENTAL TOWERS INDOOR SPA,Spa Indoor,2024-08-01,CONTINENTAL TOWERS,Pass,0,0,0,0,0
CONTINENTAL TOWERS INDOOR SPA,Spa Indoor,2024-10-31,CONTINENTAL TOWERS,Pass,2,2,0,0,2
CONTINENTAL TOWERS INDOOR SPA,Spa Indoor,2025-01-28,CONTINENTAL TOWERS,Pass,0,0,0,0,0
CONTINENTAL TOWERS INDOOR SPA,Spa Indoor,2025-05-06,CONTINENTAL TOWERS,Conditional Pass,5,3,1,1,2
CONTINENTAL TOWERS INDOOR SPA,Spa Indoor,2025-05-09,CONTINENTAL TOWERS,Pass,1,1,0,0,1
CONTINENTAL TOWERS INDOOR SPA,Spa Indoor,2025-09-29,CONTINENTAL TOWERS,Pass,0,0,0,0,0
CONTINENTAL TOWERS INDOOR SPA,Spa Indoor,2025-12-16,CONTINENTAL TOWERS,Pass,0,0,0,0,0
CONTINENTAL TOWERS INDOOR SPA,Spa Indoor,2026-06-17,CONTINENTAL TOWERS,Conditional Pass,3,0,1,2,2
CONTINENTAL TOWERS INDOOR SPA,Spa Indoor,2026-07-10,CONTINENTAL TOWERS,Closed,8,1,5,2,4
CONTINENTAL TOWERS INDOOR SPA,Spa Indoor,2026-07-17,CONTINENTAL TOWERS,Pass,0,0,0,0,0
CONTINENTAL TOWERS INDOOR SWIMMING POOL,Indoor Pool,2024-07-10,CONTINENTAL TOWERS,Pass,1,1,0,0,1
CONTINENTAL TOWERS INDOOR SWIMMING POOL,Indoor Pool,2024-10-31,CONTINENTAL TOWERS,Pass,2,2,0,0,2
CONTINENTAL TOWERS INDOOR SWIMMING POOL,Indoor Pool,2025-01-28,CONTINENTAL TOWERS,Pass,0,0,0,0,0
CONTINENTAL TOWERS INDOOR SWIMMING POOL,Indoor Pool,2025-05-06,CONTINENTAL TOWERS,Pass,0,0,0,0,0
CONTINENTAL TOWERS INDOOR SWIMMING POOL,Indoor Pool,2025-09-29,CONTINENTAL TOWERS,Pass,1,1,0,0,1
CONTINENTAL TOWERS INDOOR SWIMMING POOL,Indoor Pool,2025-12-16,CONTINENTAL TOWERS,Pass,1,0,1,0,1
CONTINENTAL TOWERS INDOOR SWIMMING POOL,Indoor Pool,2026-06-17,CONTINENTAL TOWERS,Pass,2,1,1,0,2
CONTINENTAL TOWERS INDOOR SWIMMING POOL,Indoor Pool,2026-07-17,CONTINENTAL TOWERS,Pass,0,0,0,0,0
COOPER KOO FAMILY CHERRY STREET YMCA - LAP POOL,Indoor Pool,2024-09-30,PAN-AM VILLAGE - FITNESS POOL,Pass,0,0,0,0,0
COOPER KOO FAMILY CHERRY STREET YMCA - LAP POOL,Indoor Pool,2024-11-07,PAN-AM VILLAGE - FITNESS POOL,Pass,0,0,0,0,0
COOPER KOO FAMILY CHERRY STREET YMCA - LAP POOL,Indoor Pool,2025-03-18,PAN-AM VILLAGE - FITNESS POOL,Pass,0,0,0,0,0
COOPER KOO FAMILY CHERRY STREET YMCA - LAP POOL,Indoor Pool,2025-06-17,PAN-AM VILLAGE - FITNESS POOL,Pass,0,0,0,0,0
COOPER KOO FAMILY CHERRY STREET YMCA - LAP POOL,Indoor Pool,2025-09-16,PAN-AM VILLAGE - FITNESS POOL,Pass,0,0,0,0,0
COOPER KOO FAMILY CHERRY STREET YMCA - LAP POOL,Indoor Pool,2025-12-04,PAN-AM VILLAGE - FITNESS POOL,Pass,0,0,0,0,0
COOPER KOO FAMILY CHERRY STREET YMCA - LAP POOL,Indoor Pool,2026-03-26,PAN-AM VILLAGE - FITNESS POOL,Pass,0,0,0,0,0
COOPER KOO FAMILY CHERRY STREET YMCA - LAP POOL,Indoor Pool,2026-06-17,PAN-AM VILLAGE - FITNESS POOL,Pass,0,0,0,0,0
COOPER KOO FAMILY CHERRY STREET YMCA - WOMEN'S SPA,Spa Indoor,2024-09-24,PAN-AM VILLAGE - FITNESS POOL,Conditional Pass,1,0,0,1,1
COOPER KOO FAMILY CHERRY STREET YMCA - WOMEN'S SPA,Spa Indoor,2024-09-26,PAN-AM VILLAGE - FITNESS POOL,Pass,0,0,0,0,0
COOPER KOO FAMILY CHERRY STREET YMCA - WOMEN'S SPA,Spa Indoor,2024-11-07,PAN-AM VILLAGE - FITNESS POOL,Pass,3,3,0,0,2
COOPER KOO FAMILY CHERRY STREET YMCA - WOMEN'S SPA,Spa Indoor,2025-03-19,PAN-AM VILLAGE - FITNESS POOL,Pass,0,0,0,0,0
COOPER KOO FAMILY CHERRY STREET YMCA - WOMEN'S SPA,Spa Indoor,2025-06-18,PAN-AM VILLAGE - FITNESS POOL,Pass,0,0,0,0,0
COOPER KOO FAMILY CHERRY STREET YMCA - WOMEN'S SPA,Spa Indoor,2025-09-16,PAN-AM VILLAGE - FITNESS POOL,Pass,0,0,0,0,0
COOPER KOO FAMILY CHERRY STREET YMCA - WOMEN'S SPA,Spa Indoor,2025-12-03,PAN-AM VILLAGE - FITNESS POOL,Pass,0,0,0,0,0
COOPER KOO FAMILY CHERRY STREET YMCA - WOMEN'S SPA,Spa Indoor,2026-03-26,PAN-AM VILLAGE - FITNESS POOL,Pass,0,0,0,0,0
COOPER KOO FAMILY CHERRY STREET YMCA - WOMEN'S SPA,Spa Indoor,2026-06-17,PAN-AM VILLAGE - FITNESS POOL,Pass,0,0,0,0,0
COOPER KOO FAMILY CHERRY STREET YMCA- FITNESS POOL,Indoor Pool,2024-09-30,PAN-AM VILLAGE - FITNESS POOL,Pass,0,0,0,0,0
COOPER KOO FAMILY CHERRY STREET YMCA- FITNESS POOL,Indoor Pool,2024-11-07,PAN-AM VILLAGE - FITNESS POOL,Pass,0,0,0,0,0
COOPER KOO FAMILY CHERRY STREET YMCA- FITNESS POOL,Indoor Pool,2025-03-18,PAN-AM VILLAGE - FITNESS POOL,Pass,0,0,0,0,0
COOPER KOO FAMILY CHERRY STREET YMCA- FITNESS POOL,Indoor Pool,2025-06-17,PAN-AM VILLAGE - FITNESS POOL,Pass,0,0,0,0,0
COOPER KOO FAMILY CHERRY STREET YMCA- FITNESS POOL,Indoor Pool,2025-09-16,PAN-AM VILLAGE - FITNESS POOL,Pass,0,0,0,0,0
COOPER KOO FAMILY CHERRY STREET YMCA- FITNESS POOL,Indoor Pool,2025-12-03,PAN-AM VILLAGE - FITNESS POOL,Pass,0,0,0,0,0
COOPER KOO FAMILY CHERRY STREET YMCA- FITNESS POOL,Indoor Pool,2026-03-26,PAN-AM VILLAGE - FITNESS POOL,Pass,0,0,0,0,0
COOPER KOO FAMILY CHERRY STREET YMCA- FITNESS POOL,Indoor Pool,2026-06-18,PAN-AM VILLAGE - FITNESS POOL,Pass,0,0,0,0,0
COOPER KOO FAMILY CHERRY STREET YMCA-MENS SPA,Spa Indoor,2024-09-24,PAN-AM VILLAGE - FITNESS POOL,Conditional Pass,1,0,0,1,1
COOPER KOO FAMILY CHERRY STREET YMCA-MENS SPA,Spa Indoor,2024-09-26,PAN-AM VILLAGE - FITNESS POOL,Pass,0,0,0,0,0
COOPER KOO FAMILY CHERRY STREET YMCA-MENS SPA,Spa Indoor,2024-11-07,PAN-AM VILLAGE - FITNESS POOL,Pass,3,3,0,0,2
COOPER KOO FAMILY CHERRY STREET YMCA-MENS SPA,Spa Indoor,2025-03-19,PAN-AM VILLAGE - FITNESS POOL,Pass,0,0,0,0,0
COOPER KOO FAMILY CHERRY STREET YMCA-MENS SPA,Spa Indoor,2025-06-17,PAN-AM VILLAGE - FITNESS POOL,Pass,0,0,0,0,0
COOPER KOO FAMILY CHERRY STREET YMCA-MENS SPA,Spa Indoor,2025-09-16,PAN-AM VILLAGE - FITNESS POOL,Pass,0,0,0,0,0
COOPER KOO FAMILY CHERRY STREET YMCA-MENS SPA,Spa Indoor,2025-12-03,PAN-AM VILLAGE - FITNESS POOL,Pass,0,0,0,0,0
COOPER KOO FAMILY CHERRY STREET YMCA-MENS SPA,Spa Indoor,2026-03-26,PAN-AM VILLAGE - FITNESS POOL,Pass,0,0,0,0,0
COOPER KOO FAMILY CHERRY STREET YMCA-MENS SPA,Spa Indoor,2026-06-17,PAN-AM VILLAGE - FITNESS POOL,Pass,0,0,0,0,0
CORINTIAN TOWERS (YCC #49),Outdoor Pool,2025-07-22,CORINTIAN TOWERS,Conditional Pass,3,1,1,1,3
CORINTIAN TOWERS (YCC #49),Outdoor Pool,2026-09-01,CORINTIAN TOWERS,Conditional Pass,4,2,0,2,2
CORINTIAN TOWERS (YCC #49),Outdoor Pool,2026-09-04,CORINTIAN TOWERS,Pass,1,1,0,0,1
CORNELL MANOR OUTDOOR POOL,Outdoor Pool,2026-07-30,CORNELL MANOR,Pass,0,0,0,0,0
CORONADO APARTMENT POOL,Outdoor Pool,2024-07-24,CORONADO APARTMENTS,Pass,1,1,0,0,1
CORONADO APARTMENT POOL,Outdoor Pool,2025-08-05,CORONADO APARTMENTS,Conditional Pass,6,3,2,1,5
CORONADO APARTMENT POOL,Outdoor Pool,2025-08-06,CORONADO APARTMENTS,Pass,0,0,0,0,0
COSMO CONDOMINIUM POOL,Indoor Pool,2024-07-19,COSMO CONDOMINIUM,Pass,3,2,1,0,1
COSMO CONDOMINIUM POOL,Indoor Pool,2024-10-21,COSMO CONDOMINIUM,Pass,3,2,1,0,3
COSMO CONDOMINIUM POOL,Indoor Pool,2025-01-14,COSMO CONDOMINIUM,Conditional Pass,4,2,1,1,4
COSMO CONDOMINIUM POOL,Indoor Pool,2025-03-31,COSMO CONDOMINIUM,Pass,0,0,0,0,0
COSMO CONDOMINIUM POOL,Indoor Pool,2025-06-05,COSMO CONDOMINIUM,Pass,1,1,0,0,1
COSMO CONDOMINIUM POOL,Indoor Pool,2025-09-09,COSMO CONDOMINIUM,Pass,2,1,1,0,2
COSMO CONDOMINIUM POOL,Indoor Pool,2025-11-03,COSMO CONDOMINIUM,Conditional Pass,1,0,1,0,1
COSMO CONDOMINIUM POOL,Indoor Pool,2025-11-07,COSMO CONDOMINIUM,Pass,0,0,0,0,0
COSMO CONDOMINIUM POOL,Indoor Pool,2026-01-19,COSMO CONDOMINIUM,Pass,0,0,0,0,0
COSMO CONDOMINIUM POOL,Indoor Pool,2026-05-07,COSMO CONDOMINIUM,Pass,2,2,0,0,2
COSMO CONDOMINIUM POOL,Indoor Pool,2026-07-16,COSMO CONDOMINIUM,Conditional Pass,2,0,1,1,2
COSMO CONDOMINUMS SPA,Spa Indoor,2024-07-19,COSMO CONDOMINIUM,Pass,1,1,0,0,1
COSMO CONDOMINUMS SPA,Spa Indoor,2024-10-21,COSMO CONDOMINIUM,Conditional Pass,4,2,1,1,2
COSMO CONDOMINUMS SPA,Spa Indoor,2024-12-18,COSMO CONDOMINIUM,Pass,0,0,0,0,0
COSMO CONDOMINUMS SPA,Spa Indoor,2025-01-14,COSMO CONDOMINIUM,Conditional Pass,3,1,1,1,1
COSMO CONDOMINUMS SPA,Spa Indoor,2025-06-05,COSMO CONDOMINIUM,Pass,1,1,0,0,1
COSMO CONDOMINUMS SPA,Spa Indoor,2025-09-09,COSMO CONDOMINIUM,Closed,5,1,1,3,3
COSMO CONDOMINUMS SPA,Spa Indoor,2025-09-10,COSMO CONDOMINIUM,Pass,0,0,0,0,0
COSMO CONDOMINUMS SPA,Spa Indoor,2025-11-03,COSMO CONDOMINIUM,Conditional Pass,5,2,1,2,3
COSMO CONDOMINUMS SPA,Spa Indoor,2025-11-07,COSMO CONDOMINIUM,Pass,0,0,0,0,0
COSMO CONDOMINUMS SPA,Spa Indoor,2026-01-19,COSMO CONDOMINIUM,Pass,1,1,0,0,1
COSMO CONDOMINUMS SPA,Spa Indoor,2026-05-07,COSMO CONDOMINIUM,Pass,1,1,0,0,1
COSMO CONDOMINUMS SPA,Spa Indoor,2026-07-16,COSMO CONDOMINIUM,Conditional Pass,3,1,1,1,1
COSMO CONDOMINUMS SPA,Spa Indoor,2026-08-21,COSMO CONDOMINIUM,Pass,1,1,0,0,1
COSMOPOLITAN SOLARIUM,Spa Indoor,2024-09-06,COSMOPOLITAN SOLARIUM,Pass,0,0,0,0,0
COSMOPOLITAN SOLARIUM,Spa Indoor,2024-12-06,COSMOPOLITAN SOLARIUM,Pass,0,0,0,0,0
COSMOPOLITAN SOLARIUM,Spa Indoor,2025-02-20,COSMOPOLITAN SOLARIUM,Pass,0,0,0,0,0
COSMOPOLITAN SOLARIUM,Spa Indoor,2025-05-26,COSMOPOLITAN SOLARIUM,Pass,0,0,0,0,0
COSMOPOLITAN SOLARIUM,Spa Indoor,2025-09-08,COSMOPOLITAN SOLARIUM,Pass,0,0,0,0,0
COSMOPOLITAN SOLARIUM,Spa Indoor,2026-03-09,COSMOPOLITAN SOLARIUM,Pass,0,0,0,0,0
COSMOPOLITAN SOLARIUM,Spa Indoor,2026-06-09,COSMOPOLITAN SOLARIUM,Pass,0,0,0,0,0
COURTLANDS POOL,Outdoor Pool,2024-07-17,COURTLANDS,Conditional Pass,6,2,2,2,5
COURTLANDS POOL,Outdoor Pool,2024-09-04,COURTLANDS,Pass,0,0,0,0,0
COURTLANDS POOL,Outdoor Pool,2025-07-10,COURTLANDS,Pass,4,4,0,0,3
COURTLANDS POOL,Outdoor Pool,2026-08-06,COURTLANDS,Pass,2,2,0,0,2
COURTYARD BY MARRIOTT,Indoor Pool,2024-09-04,COURTYARD BY MARRIOTT,Pass,3,2,1,0,3
COURTYARD BY MARRIOTT,Indoor Pool,2024-11-06,COURTYARD BY MARRIOTT,Pass,0,0,0,0,0
COURTYARD BY MARRIOTT,Indoor Pool,2025-01-06,COURTYARD BY MARRIOTT,Pass,1,0,1,0,1
COURTYARD BY MARRIOTT,Indoor Pool,2025-04-08,COURTYARD BY MARRIOTT,Pass,0,0,0,0,0
COURTYARD BY MARRIOTT,Indoor Pool,2025-09-02,COURTYARD BY MARRIOTT,Pass,0,0,0,0,0
COURTYARD BY MARRIOTT,Indoor Pool,2025-10-15,COURTYARD BY MARRIOTT,Pass,0,0,0,0,0
COURTYARD BY MARRIOTT,Indoor Pool,2026-03-10,COURTYARD BY MARRIOTT,Pass,0,0,0,0,0
COURTYARD BY MARRIOTT,Indoor Pool,2026-04-23,COURTYARD BY MARRIOTT,Pass,0,0,0,0,0
COURTYARD BY MARRIOTT,Indoor Pool,2026-09-14,COURTYARD BY MARRIOTT,Pass,1,1,0,0,1
COURTYARDS OF CONCORDE,Indoor Pool,2024-11-06,COURTYARDS OF CONCORDE,Pass,0,0,0,0,0
COURTYARDS OF CONCORDE,Indoor Pool,2025-03-26,COURTYARDS OF CONCORDE,Pass,0,0,0,0,0
COURTYARDS OF CONCORDE,Indoor Pool,2025-05-13,COURTYARDS OF CONCORDE,Conditional Pass,2,1,0,1,2
COURTYARDS OF CONCORDE,Indoor Pool,2025-12-10,COURTYARDS OF CONCORDE,Pass,0,0,0,0,0
COURTYARDS OF CONCORDE,Indoor Pool,2026-03-06,COURTYARDS OF CONCORDE,Pass,3,3,0,0,2
COURTYARDS OF CONCORDE,Indoor Pool,2026-06-30,COURTYARDS OF CONCORDE,Pass,3,3,0,0,3
COURTYARDS OF CONCORDE SPA,Spa Indoor,2024-11-06,COURTYARDS OF CONCORDE,Pass,2,2,0,0,2
COURTYARDS OF CONCORDE SPA,Spa Indoor,2025-03-26,COURTYARDS OF CONCORDE,Pass,0,0,0,0,0
COURTYARDS OF CONCORDE SPA,Spa Indoor,2025-05-13,COURTYARDS OF CONCORDE,Pass,2,2,0,0,2
COURTYARDS OF CONCORDE SPA,Spa Indoor,2025-12-10,COURTYARDS OF CONCORDE,Pass,0,0,0,0,0
COURTYARDS OF CONCORDE SPA,Spa Indoor,2026-03-06,COURTYARDS OF CONCORDE,Pass,2,2,0,0,2
COURTYARDS OF CONCORDE SPA,Spa Indoor,2026-06-30,COURTYARDS OF CONCORDE,Conditional Pass,4,2,1,1,2
COUTURE SPA,Spa Indoor,2025-03-13,COUTURE,Pass,2,2,0,0,1
COUTURE SPA,Spa Indoor,2025-05-28,COUTURE,Pass,3,3,0,0,3
COUTURE SPA,Spa Indoor,2025-12-05,COUTURE,Conditional Pass,2,0,1,1,1
COUTURE SPA,Spa Indoor,2026-02-26,COUTURE,Conditional Pass,4,3,0,1,3
COUTURE SPA,Spa Indoor,2026-06-18,COUTURE,Pass,3,3,0,0,2
CRESCENT TOWN CLUB INC.,Indoor Pool,2024-08-29,CRESCENT TOWN CLUB INC.,Pass,0,0,0,0,0
CRESCENT TOWN CLUB INC.,Indoor Pool,2024-11-19,CRESCENT TOWN CLUB INC.,Pass,0,0,0,0,0
CRESCENT TOWN CLUB INC.,Indoor Pool,2025-02-26,CRESCENT TOWN CLUB INC.,Pass,0,0,0,0,0
CRESCENT TOWN CLUB INC.,Indoor Pool,2025-04-23,CRESCENT TOWN CLUB INC.,Pass,0,0,0,0,0
CRESCENT TOWN CLUB INC.,Indoor Pool,2025-09-15,CRESCENT TOWN CLUB INC.,Pass,1,1,0,0,1
CRESCENT TOWN CLUB INC.,Indoor Pool,2025-11-18,CRESCENT TOWN CLUB INC.,Pass,0,0,0,0,0
CRESCENT TOWN CLUB INC.,Indoor Pool,2026-02-20,CRESCENT TOWN CLUB INC.,Pass,1,1,0,0,1
CRESCENT TOWN CLUB INC.,Indoor Pool,2026-05-19,CRESCENT TOWN CLUB INC.,Pass,1,1,0,0,1
CRESCENT TOWN CLUB INC.,Indoor Pool,2026-09-25,CRESCENT TOWN CLUB INC.,Pass,0,0,0,0,0
CRESTVIEW POOL,Indoor Pool,2024-09-05,CRESTVIEW,Pass,0,0,0,0,0
CRESTVIEW POOL,Indoor Pool,2024-12-05,CRESTVIEW,Conditional Pass,1,0,0,1,1
CRESTVIEW POOL,Indoor Pool,2025-03-17,CRESTVIEW,Pass,0,0,0,0,0
CRESTVIEW POOL,Indoor Pool,2025-06-10,CRESTVIEW,Pass,0,0,0,0,0
CRESTVIEW POOL,Indoor Pool,2025-09-12,CRESTVIEW,Pass,0,0,0,0,0
CRESTVIEW POOL,Indoor Pool,2026-01-16,CRESTVIEW,Pass,0,0,0,0,0
CRESTVIEW POOL,Indoor Pool,2026-04-01,CRESTVIEW,Closed,3,0,1,2,3
CRESTVIEW POOL,Indoor Pool,2026-04-02,CRESTVIEW,Pass,0,0,0,0,0
CRESTWOOD VALLEY DAY CAMP - BIG POOL,Outdoor Pool,2025-06-10,CRESTWOOD VALLEY DAY CAMP,Pass,0,0,0,0,0
CRESTWOOD VALLEY DAY CAMP - BIG POOL,Outdoor Pool,2026-06-17,CRESTWOOD VALLEY DAY CAMP,Pass,2,1,1,0,2
CRESTWOOD VALLEY DAY CAMP - OLYMPIC POOL,Outdoor Pool,2025-06-18,CRESTWOOD VALLEY DAY CAMP,Pass,0,0,0,0,0
CRESTWOOD VALLEY DAY CAMP - OLYMPIC POOL,Outdoor Pool,2026-06-17,CRESTWOOD VALLEY DAY CAMP,Conditional Pass,4,2,2,0,3
CRESTWOOD VALLEY DAY CAMP - OLYMPIC POOL,Outdoor Pool,2026-07-06,CRESTWOOD VALLEY DAY CAMP,Pass,1,1,0,0,1
CROWNE PLAZA,Outdoor Pool,2025-06-27,PAN PACIFIC OUTDOOR POOL,Pass,12,11,1,0,5
CROWNE PLAZA,Outdoor Pool,2026-09-04,PAN PACIFIC OUTDOOR POOL,Closed,9,2,2,5,4
CROWNE PLAZA TORONTO AIRPORT,Indoor Pool,2024-09-12,CROWNE PLAZA TORONTO AIRPORT,Pass,1,1,0,0,1
CROWNE PLAZA TORONTO AIRPORT,Indoor Pool,2024-10-30,CROWNE PLAZA TORONTO AIRPORT,Pass,0,0,0,0,0
CROWNE PLAZA TORONTO AIRPORT,Indoor Pool,2025-01-29,CROWNE PLAZA TORONTO AIRPORT,Pass,1,1,0,0,1
CROWNE PLAZA TORONTO AIRPORT,Indoor Pool,2025-04-03,CROWNE PLAZA TORONTO AIRPORT,Pass,0,0,0,0,0
CROWNE PLAZA TORONTO AIRPORT,Indoor Pool,2025-09-05,CROWNE PLAZA TORONTO AIRPORT,Pass,0,0,0,0,0
CROWNE PLAZA TORONTO AIRPORT,Indoor Pool,2025-11-05,CROWNE PLAZA TORONTO AIRPORT,Pass,0,0,0,0,0
CROWNE PLAZA TORONTO AIRPORT,Indoor Pool,2026-03-04,CROWNE PLAZA TORONTO AIRPORT,Pass,3,3,0,0,2
CROWNE PLAZA TORONTO AIRPORT,Indoor Pool,2026-04-15,CROWNE PLAZA TORONTO AIRPORT,Pass,3,3,0,0,2
CRYSTAL BLU,Outdoor Pool,2024-08-02,CRYSTAL BLU,Pass,0,0,0,0,0
CRYSTAL BLU,Outdoor Pool,2025-05-30,CRYSTAL BLU,Pass,0,0,0,0,0
CRYSTAL BLU,Outdoor Pool,2025-08-27,CRYSTAL BLU,Pass,1,1,0,0,1
CRYSTAL BLU,Outdoor Pool,2026-07-24,CRYSTAL BLU,Conditional Pass,3,1,0,2,2
CRYSTAL BLU,Outdoor Pool,2026-08-06,CRYSTAL BLU,Pass,0,0,0,0,0
CRYSTAL TOWERS OUTDOOR POOL,Outdoor Pool,2025-10-14,CRYSTAL TOWERS,Closed,10,5,3,2,5
CRYSTAL TOWERS OUTDOOR POOL,Outdoor Pool,2026-06-04,CRYSTAL TOWERS,Pass,4,4,0,0,2
CSIO SPA - COLD,Spa Indoor,2024-09-05,CSID SPA - COLD,Pass,0,0,0,0,0
CSIO SPA - COLD,Spa Indoor,2024-12-18,CSID SPA - COLD,Pass,0,0,0,0,0
CSIO SPA - COLD,Spa Indoor,2025-01-23,CSID SPA - COLD,Pass,0,0,0,0,0
CSIO SPA - COLD,Spa Indoor,2025-06-09,CSID SPA - COLD,Pass,1,1,0,0,1
CSIO SPA - COLD,Spa Indoor,2025-08-11,CSID SPA - COLD,Pass,0,0,0,0,0
CSIO SPA - COLD,Spa Indoor,2025-11-04,CSID SPA - COLD,Pass,0,0,0,0,0
CSIO SPA - COLD,Spa Indoor,2026-02-24,CSID SPA - COLD,Pass,0,0,0,0,0
CSIO SPA - COLD,Spa Indoor,2026-06-10,CSID SPA - COLD,Pass,0,0,0,0,0
CSIO SPA - COLD,Spa Indoor,2026-08-26,CSID SPA - COLD,Pass,0,0,0,0,0
CSIO SPA - HOT,Spa Indoor,2024-09-05,CSID SPA - COLD,Pass,0,0,0,0,0
CSIO SPA - HOT,Spa Indoor,2024-12-18,CSID SPA - COLD,Pass,0,0,0,0,0
CSIO SPA - HOT,Spa Indoor,2025-01-23,CSID SPA - COLD,Pass,0,0,0,0,0
CSIO SPA - HOT,Spa Indoor,2025-06-09,CSID SPA - COLD,Pass,0,0,0,0,0
CSIO SPA - HOT,Spa Indoor,2025-08-11,CSID SPA - COLD,Pass,0,0,0,0,0
CSIO SPA - HOT,Spa Indoor,2025-11-04,CSID SPA - COLD,Pass,0,0,0,0,0
CSIO SPA - HOT,Spa Indoor,2026-02-24,CSID SPA - COLD,Pass,0,0,0,0,0
CSIO SPA - HOT,Spa Indoor,2026-06-10,CSID SPA - COLD,Pass,0,0,0,0,0
CSIO SPA - HOT,Spa Indoor,2026-08-26,CSID SPA - COLD,Pass,0,0,0,0,0
CSIO SPA - THERAPY,Spa Indoor,2024-09-05,CSID SPA - COLD,Pass,0,0,0,0,0
CSIO SPA - THERAPY,Spa Indoor,2024-12-18,CSID SPA - COLD,Pass,0,0,0,0,0
CSIO SPA - THERAPY,Spa Indoor,2025-01-23,CSID SPA - COLD,Pass,0,0,0,0,0
CSIO SPA - THERAPY,Spa Indoor,2025-06-09,CSID SPA - COLD,Pass,0,0,0,0,0
CSIO SPA - THERAPY,Spa Indoor,2025-08-11,CSID SPA - COLD,Pass,0,0,0,0,0
CSIO SPA - THERAPY,Spa Indoor,2025-11-04,CSID SPA - COLD,Pass,0,0,0,0,0
CSIO SPA - THERAPY,Spa Indoor,2026-02-24,CSID SPA - COLD,Pass,0,0,0,0,0
CSIO SPA - THERAPY,Spa Indoor,2026-06-10,CSID SPA - COLD,Pass,0,0,0,0,0
CSIO SPA - THERAPY,Spa Indoor,2026-08-26,CSID SPA - COLD,Pass,0,0,0,0,0
CUMBERLAND TOWER,Indoor Pool,2024-07-16,CUMBERLAND TOWER,Pass,1,1,0,0,1
CUMBERLAND TOWER,Indoor Pool,2024-10-22,CUMBERLAND TOWER,Pass,0,0,0,0,0
CUMBERLAND TOWER,Indoor Pool,2025-01-29,CUMBERLAND TOWER,Pass,0,0,0,0,0
CUMBERLAND TOWER,Indoor Pool,2025-04-17,CUMBERLAND TOWER,Pass,0,0,0,0,0
CUMBERLAND TOWER,Indoor Pool,2025-07-23,CUMBERLAND TOWER,Pass,0,0,0,0,0
CUMBERLAND TOWER,Indoor Pool,2025-11-14,CUMBERLAND TOWER,Pass,0,0,0,0,0
CUMBERLAND TOWER,Indoor Pool,2026-02-17,CUMBERLAND TOWER,Pass,1,1,0,0,1
CUMBERLAND TOWER,Indoor Pool,2026-05-19,CUMBERLAND TOWER,Pass,1,1,0,0,1
CUMMER PARK COMMUNITY POOL,Indoor Pool,2024-09-30,CUMMER PARK COMMUNITY CENTRE,Pass,1,1,0,0,1
CUMMER PARK COMMUNITY POOL,Indoor Pool,2025-02-19,CUMMER PARK COMMUNITY CENTRE,Pass,0,0,0,0,0
CUMMER PARK COMMUNITY POOL,Indoor Pool,2025-05-22,CUMMER PARK COMMUNITY CENTRE,Pass,0,0,0,0,0
CUMMER PARK COMMUNITY POOL,Indoor Pool,2025-09-08,CUMMER PARK COMMUNITY CENTRE,Pass,0,0,0,0,0
CUMMER PARK COMMUNITY POOL,Indoor Pool,2026-03-27,CUMMER PARK COMMUNITY CENTRE,Pass,0,0,0,0,0
CUMMER PARK COMMUNITY POOL,Indoor Pool,2026-06-18,CUMMER PARK COMMUNITY CENTRE,Pass,1,1,0,0,1
CUMMER PARK COMMUNITY POOL,Indoor Pool,2026-09-21,CUMMER PARK COMMUNITY CENTRE,Pass,0,0,0,0,0
CUMMER PARK FITNESS CENTRE - MEN SPA,Spa Indoor,2024-07-18,CUMMER PARK COMMUNITY CENTRE,Conditional Pass,2,1,0,1,2
CUMMER PARK FITNESS CENTRE - MEN SPA,Spa Indoor,2024-07-22,CUMMER PARK COMMUNITY CENTRE,Pass,0,0,0,0,0
CUMMER PARK FITNESS CENTRE - MEN SPA,Spa Indoor,2024-11-05,CUMMER PARK COMMUNITY CENTRE,Pass,0,0,0,0,0
CUMMER PARK FITNESS CENTRE - MEN SPA,Spa Indoor,2025-02-19,CUMMER PARK COMMUNITY CENTRE,Pass,0,0,0,0,0
CUMMER PARK FITNESS CENTRE - MEN SPA,Spa Indoor,2025-05-22,CUMMER PARK COMMUNITY CENTRE,Conditional Pass,5,2,2,1,4
CUMMER PARK FITNESS CENTRE - MEN SPA,Spa Indoor,2025-06-09,CUMMER PARK COMMUNITY CENTRE,Pass,0,0,0,0,0
CUMMER PARK FITNESS CENTRE - MEN SPA,Spa Indoor,2025-09-08,CUMMER PARK COMMUNITY CENTRE,Conditional Pass,4,1,1,2,3
CUMMER PARK FITNESS CENTRE - MEN SPA,Spa Indoor,2026-03-27,CUMMER PARK COMMUNITY CENTRE,Conditional Pass,3,1,2,0,3
CUMMER PARK FITNESS CENTRE - MEN SPA,Spa Indoor,2026-05-12,CUMMER PARK COMMUNITY CENTRE,Pass,0,0,0,0,0
CUMMER PARK FITNESS CENTRE - MEN SPA,Spa Indoor,2026-06-18,CUMMER PARK COMMUNITY CENTRE,Pass,3,3,0,0,2
CUMMER PARK FITNESS CENTRE - MEN SPA,Spa Indoor,2026-09-21,CUMMER PARK COMMUNITY CENTRE,Pass,1,1,0,0,1
CUMMER PARK FITNESS CENTRE - WOMEN SPA,Spa Indoor,2024-07-18,CUMMER PARK COMMUNITY CENTRE,Pass,0,0,0,0,0
CUMMER PARK FITNESS CENTRE - WOMEN SPA,Spa Indoor,2024-11-05,CUMMER PARK COMMUNITY CENTRE,Pass,2,2,0,0,1
CUMMER PARK FITNESS CENTRE - WOMEN SPA,Spa Indoor,2025-02-19,CUMMER PARK COMMUNITY CENTRE,Pass,0,0,0,0,0
CUMMER PARK FITNESS CENTRE - WOMEN SPA,Spa Indoor,2025-05-22,CUMMER PARK COMMUNITY CENTRE,Conditional Pass,4,1,2,1,3
CUMMER PARK FITNESS CENTRE - WOMEN SPA,Spa Indoor,2025-06-09,CUMMER PARK COMMUNITY CENTRE,Pass,0,0,0,0,0
CUMMER PARK FITNESS CENTRE - WOMEN SPA,Spa Indoor,2025-12-29,CUMMER PARK COMMUNITY CENTRE,Pass,5,5,0,0,3
CUMMER PARK FITNESS CENTRE - WOMEN SPA,Spa Indoor,2026-03-27,CUMMER PARK COMMUNITY CENTRE,Pass,3,3,0,0,2
CUMMER PARK FITNESS CENTRE - WOMEN SPA,Spa Indoor,2026-06-18,CUMMER PARK COMMUNITY CENTRE,Pass,3,3,0,0,2
CUMMER PARK FITNESS CENTRE - WOMEN SPA,Spa Indoor,2026-09-21,CUMMER PARK COMMUNITY CENTRE,Pass,2,2,0,0,2
D.A. MORRISON MIDDLE SCHOOL,Indoor Pool,2024-09-09,D.A. MORRISON JR. HIGH,Pass,0,0,0,0,0
D.A. MORRISON MIDDLE SCHOOL,Indoor Pool,2024-12-20,D.A. MORRISON JR. HIGH,Pass,0,0,0,0,0
D.A. MORRISON MIDDLE SCHOOL,Indoor Pool,2025-03-13,D.A. MORRISON JR. HIGH,Conditional Pass,4,3,0,1,2
D.A. MORRISON MIDDLE SCHOOL,Indoor Pool,2025-04-24,D.A. MORRISON JR. HIGH,Pass,0,0,0,0,0
D.A. MORRISON MIDDLE SCHOOL,Indoor Pool,2025-06-27,D.A. MORRISON JR. HIGH,Pass,1,1,0,0,1
D.A. MORRISON MIDDLE SCHOOL,Indoor Pool,2025-09-24,D.A. MORRISON JR. HIGH,Conditional Pass,2,1,1,0,2
D.A. MORRISON MIDDLE SCHOOL,Indoor Pool,2025-09-30,D.A. MORRISON JR. HIGH,Pass,1,1,0,0,1
D.A. MORRISON MIDDLE SCHOOL,Indoor Pool,2025-12-12,D.A. MORRISON JR. HIGH,Pass,2,2,0,0,2
D.A. MORRISON MIDDLE SCHOOL,Indoor Pool,2026-03-26,D.A. MORRISON JR. HIGH,Pass,1,1,0,0,1
D.A. MORRISON MIDDLE SCHOOL,Indoor Pool,2026-06-16,D.A. MORRISON JR. HIGH,Pass,0,0,0,0,0
DAVINA'S SWIM HOUSE,Indoor Pool,2024-09-05,DAVINA'S SWIM HOUSE,Pass,2,1,1,0,1
DAVINA'S SWIM HOUSE,Indoor Pool,2024-09-24,DAVINA'S SWIM HOUSE,Pass,0,0,0,0,0
DAVINA'S SWIM HOUSE,Indoor Pool,2024-11-14,DAVINA'S SWIM HOUSE,Pass,1,1,0,0,1
DAVINA'S SWIM HOUSE,Indoor Pool,2024-11-15,DAVINA'S SWIM HOUSE,Pass,0,0,0,0,0
DAVINA'S SWIM HOUSE,Indoor Pool,2025-01-23,DAVINA'S SWIM HOUSE,Pass,0,0,0,0,0
DAVINA'S SWIM HOUSE,Indoor Pool,2025-02-11,DAVINA'S SWIM HOUSE,Pass,1,1,0,0,1
DAVINA'S SWIM HOUSE,Indoor Pool,2025-02-27,DAVINA'S SWIM HOUSE,Pass,2,2,0,0,1
DAVINA'S SWIM HOUSE,Indoor Pool,2025-03-03,DAVINA'S SWIM HOUSE,Pass,0,0,0,0,0
DAVINA'S SWIM HOUSE,Indoor Pool,2025-04-15,DAVINA'S SWIM HOUSE,Pass,0,0,0,0,0
DAVINA'S SWIM HOUSE,Indoor Pool,2025-04-17,DAVINA'S SWIM HOUSE,Pass,0,0,0,0,0
DAVINA'S SWIM HOUSE,Indoor Pool,2025-05-05,DAVINA'S SWIM HOUSE,Pass,1,1,0,0,1
DAVINA'S SWIM HOUSE,Indoor Pool,2025-06-23,DAVINA'S SWIM HOUSE,Pass,1,0,1,0,1
DAVINA'S SWIM HOUSE,Indoor Pool,2025-07-11,DAVINA'S SWIM HOUSE,Pass,3,1,2,0,2
DAVINA'S SWIM HOUSE,Indoor Pool,2025-08-26,DAVINA'S SWIM HOUSE,Pass,1,1,0,0,1
DAVINA'S SWIM HOUSE,Indoor Pool,2025-09-15,DAVINA'S SWIM HOUSE,Pass,1,1,0,0,1
DAVINA'S SWIM HOUSE,Indoor Pool,2025-09-25,DAVINA'S SWIM HOUSE,Pass,0,0,0,0,0
DAVINA'S SWIM HOUSE,Indoor Pool,2025-11-13,DAVINA'S SWIM HOUSE,Pass,1,0,1,0,1
DAVINA'S SWIM HOUSE,Indoor Pool,2025-11-24,DAVINA'S SWIM HOUSE,Pass,0,0,0,0,0
DAVINA'S SWIM HOUSE,Indoor Pool,2025-12-04,DAVINA'S SWIM HOUSE,Pass,0,0,0,0,0
DAVINA'S SWIM HOUSE,Indoor Pool,2026-01-13,DAVINA'S SWIM HOUSE,Pass,0,0,0,0,0
DAVINA'S SWIM HOUSE,Indoor Pool,2026-01-29,DAVINA'S SWIM HOUSE,Pass,0,0,0,0,0
DAVINA'S SWIM HOUSE,Indoor Pool,2026-02-05,DAVINA'S SWIM HOUSE,Pass,0,0,0,0,0
DAVINA'S SWIM HOUSE,Indoor Pool,2026-02-11,DAVINA'S SWIM HOUSE,Pass,0,0,0,0,0
DAVINA'S SWIM HOUSE,Indoor Pool,2026-04-10,DAVINA'S SWIM HOUSE,Pass,1,0,1,0,1
DAVINA'S SWIM HOUSE,Indoor Pool,2026-05-04,DAVINA'S SWIM HOUSE,Pass,0,0,0,0,0
DAVINA'S SWIM HOUSE,Indoor Pool,2026-05-26,DAVINA'S SWIM HOUSE,Pass,0,0,0,0,0
DAVINA'S SWIM HOUSE,Indoor Pool,2026-06-03,DAVINA'S SWIM HOUSE,Pass,2,1,1,0,2
DAVINA'S SWIM HOUSE (PORT UNION),Indoor Pool,2025-12-12,DAVINA'S SWIM HOUSE (PORT UNION),Pass,1,1,0,0,1
DAVINA'S SWIM HOUSE (PORT UNION),Indoor Pool,2026-02-03,DAVINA'S SWIM HOUSE (PORT UNION),Pass,0,0,0,0,0
DAVINA'S SWIM HOUSE (PORT UNION),Indoor Pool,2026-05-25,DAVINA'S SWIM HOUSE (PORT UNION),Conditional Pass,2,1,0,1,2
DAVINA'S SWIM HOUSE (PORT UNION),Indoor Pool,2026-06-08,DAVINA'S SWIM HOUSE (PORT UNION),Pass,0,0,0,0,0
DAVINA'S SWIM HOUSE (PORT UNION),Indoor Pool,2026-09-18,DAVINA'S SWIM HOUSE (PORT UNION),Pass,0,0,0,0,0
DAVISVILLE VILLAGE,Indoor Pool,2025-10-15,DAVISVILLE VILLAGE,Closed,5,3,0,2,3
DAVISVILLE VILLAGE,Indoor Pool,2025-10-16,DAVISVILLE VILLAGE,Pass,0,0,0,0,0
DAVISVILLE VILLAGE,Indoor Pool,2026-01-19,DAVISVILLE VILLAGE,Pass,1,0,1,0,1
DAVISVILLE VILLAGE,Indoor Pool,2026-05-05,DAVISVILLE VILLAGE,Pass,3,2,1,0,2
DAVISVILLE VILLAGE - GREENWIN PROPERTY,Indoor Pool,2024-09-24,DAVISVILLE VILLAGE - GREENWIN PROPERTY,Pass,0,0,0,0,0
DAVISVILLE VILLAGE - GREENWIN PROPERTY,Indoor Pool,2024-12-05,DAVISVILLE VILLAGE - GREENWIN PROPERTY,Pass,0,0,0,0,0
DAVISVILLE VILLAGE - GREENWIN PROPERTY,Indoor Pool,2025-03-17,DAVISVILLE VILLAGE - GREENWIN PROPERTY,Pass,3,3,0,0,3
DAVISVILLE VILLAGE - GREENWIN PROPERTY,Indoor Pool,2025-06-05,DAVISVILLE VILLAGE - GREENWIN PROPERTY,Pass,1,1,0,0,1
DAVISVILLE VILLAGE - GREENWIN PROPERTY,Indoor Pool,2025-10-09,DAVISVILLE VILLAGE - GREENWIN PROPERTY,Pass,2,2,0,0,2
DAVISVILLE VILLAGE - GREENWIN PROPERTY,Indoor Pool,2026-01-09,DAVISVILLE VILLAGE - GREENWIN PROPERTY,Conditional Pass,5,4,0,1,2
DAVISVILLE VILLAGE - GREENWIN PROPERTY,Indoor Pool,2026-01-27,DAVISVILLE VILLAGE - GREENWIN PROPERTY,Pass,1,1,0,0,1
DAVISVILLE VILLAGE - GREENWIN PROPERTY,Indoor Pool,2026-05-12,DAVISVILLE VILLAGE - GREENWIN PROPERTY,Pass,5,5,0,0,4
DEER PARK PUBLIC SCHOOL - INDOOR POOL,Indoor Pool,2024-09-19,DEER PARK PUBLIC SCHOOL,Pass,0,0,0,0,0
DEER PARK PUBLIC SCHOOL - INDOOR POOL,Indoor Pool,2024-12-11,DEER PARK PUBLIC SCHOOL,Pass,1,1,0,0,1
DEER PARK PUBLIC SCHOOL - INDOOR POOL,Indoor Pool,2025-03-31,DEER PARK PUBLIC SCHOOL,Pass,0,0,0,0,0
DEER PARK PUBLIC SCHOOL - INDOOR POOL,Indoor Pool,2026-07-09,DEER PARK PUBLIC SCHOOL,Pass,5,5,0,0,2
DELTA HOTELS BY MARRIOTT,Indoor Pool,2024-09-28,INTERNATIONAL PLAZA HOTEL,Conditional Pass,3,1,1,1,2
DELTA HOTELS BY MARRIOTT,Indoor Pool,2024-10-21,INTERNATIONAL PLAZA HOTEL,Pass,0,0,0,0,0
DELTA HOTELS BY MARRIOTT,Indoor Pool,2025-01-14,INTERNATIONAL PLAZA HOTEL,Pass,0,0,0,0,0
DELTA HOTELS BY MARRIOTT,Indoor Pool,2025-05-01,INTERNATIONAL PLAZA HOTEL,Pass,0,0,0,0,0
DELTA HOTELS BY MARRIOTT,Indoor Pool,2025-09-11,INTERNATIONAL PLAZA HOTEL,Pass,0,0,0,0,0
DELTA HOTELS BY MARRIOTT,Indoor Pool,2025-11-18,INTERNATIONAL PLAZA HOTEL,Pass,0,0,0,0,0
DELTA HOTELS BY MARRIOTT,Indoor Pool,2026-03-02,INTERNATIONAL PLAZA HOTEL,Pass,1,1,0,0,1
DELTA HOTELS BY MARRIOTT,Indoor Pool,2026-04-24,INTERNATIONAL PLAZA HOTEL,Pass,1,1,0,0,1
DELTA HOTELS BY MARRIOTT,Indoor Pool,2026-09-01,INTERNATIONAL PLAZA HOTEL,Pass,3,2,1,0,2
DELTA HOTELS BY MARRIOTT,Spa Indoor,2024-09-28,INTERNATIONAL PLAZA HOTEL,Conditional Pass,1,0,0,1,1
DELTA HOTELS BY MARRIOTT,Spa Indoor,2026-03-02,INTERNATIONAL PLAZA HOTEL,Conditional Pass,6,3,2,1,3
DELTA HOTELS BY MARRIOTT,Spa Indoor,2026-03-05,INTERNATIONAL PLAZA HOTEL,Pass,0,0,0,0,0
DELTA HOTELS BY MARRIOTT,Spa Indoor,2026-04-24,INTERNATIONAL PLAZA HOTEL,Conditional Pass,4,1,2,1,3
DELTA HOTELS BY MARRIOTT,Spa Indoor,2026-05-21,INTERNATIONAL PLAZA HOTEL,Pass,0,0,0,0,0
DELTA TORONTO,Indoor Pool,2024-08-09,DELTA TORONTO,Closed,2,0,0,2,2
DELTA TORONTO,Indoor Pool,2024-08-12,DELTA TORONTO,Pass,0,0,0,0,0
DELTA TORONTO,Indoor Pool,2024-11-18,DELTA TORONTO,Pass,2,2,0,0,2
DELTA TORONTO,Indoor Pool,2025-02-13,DELTA TORONTO,Conditional Pass,1,0,0,1,1
DELTA TORONTO,Indoor Pool,2025-02-20,DELTA TORONTO,Pass,0,0,0,0,0
DELTA TORONTO,Indoor Pool,2025-05-23,DELTA TORONTO,Pass,1,1,0,0,1
DELTA TORONTO,Indoor Pool,2026-01-19,DELTA TORONTO,Pass,2,2,0,0,1
DELTA TORONTO,Indoor Pool,2026-04-14,DELTA TORONTO,Pass,0,0,0,0,0
DELTA TORONTO,Indoor Pool,2026-09-14,DELTA TORONTO,Pass,1,1,0,0,1
DELTA TORONTO,Spa Indoor,2024-08-09,DELTA TORONTO,Pass,0,0,0,0,0
DELTA TORONTO,Spa Indoor,2024-11-18,DELTA TORONTO,Conditional Pass,2,0,1,1,1
DELTA TORONTO,Spa Indoor,2025-01-13,DELTA TORONTO,Pass,1,0,1,0,1
DELTA TORONTO,Spa Indoor,2025-02-13,DELTA TORONTO,Conditional Pass,2,1,0,1,2
DELTA TORONTO,Spa Indoor,2025-05-23,DELTA TORONTO,Pass,0,0,0,0,0
DELTA TORONTO,Spa Indoor,2026-01-19,DELTA TORONTO,Pass,0,0,0,0,0
DELTA TORONTO,Spa Indoor,2026-09-14,DELTA TORONTO,Pass,0,0,0,0,0
DENNIS R. TIMBRELL RESOURCE CENTRE,Indoor Pool,2024-11-13,FLEMINGDON PARK RESOURCES CENTRE,Conditional Pass,3,1,2,0,2
DENNIS R. TIMBRELL RESOURCE CENTRE,Indoor Pool,2024-11-29,FLEMINGDON PARK RESOURCES CENTRE,Pass,0,0,0,0,0
DENNIS R. TIMBRELL RESOURCE CENTRE,Indoor Pool,2025-03-31,FLEMINGDON PARK RESOURCES CENTRE,Conditional Pass,3,1,2,0,2
DENNIS R. TIMBRELL RESOURCE CENTRE,Indoor Pool,2025-04-02,FLEMINGDON PARK RESOURCES CENTRE,Pass,0,0,0,0,0
DENNIS R. TIMBRELL RESOURCE CENTRE,Indoor Pool,2025-06-02,FLEMINGDON PARK RESOURCES CENTRE,Pass,2,2,0,0,2
DENNIS R. TIMBRELL RESOURCE CENTRE,Indoor Pool,2025-12-30,FLEMINGDON PARK RESOURCES CENTRE,Conditional Pass,6,3,2,1,4
DENNIS R. TIMBRELL RESOURCE CENTRE,Indoor Pool,2026-01-09,FLEMINGDON PARK RESOURCES CENTRE,Pass,0,0,0,0,0
DENNIS R. TIMBRELL RESOURCE CENTRE,Indoor Pool,2026-06-30,FLEMINGDON PARK RESOURCES CENTRE,Pass,2,2,0,0,2
DIA CONDO SPA,Spa Indoor,2024-11-21,DIA CONDO,Pass,1,1,0,0,1
DIA CONDO SPA,Spa Indoor,2025-02-10,DIA CONDO,Pass,2,2,0,0,2
DIA CONDO SPA,Spa Indoor,2025-05-20,DIA CONDO,Closed,7,4,1,2,4
DIA CONDO SPA,Spa Indoor,2025-05-21,DIA CONDO,Pass,0,0,0,0,0
DIA CONDO SPA,Spa Indoor,2025-10-30,DIA CONDO,Pass,3,3,0,0,3
DIA CONDO SPA,Spa Indoor,2026-01-19,DIA CONDO,Closed,5,1,1,3,5
DIA CONDO SPA,Spa Indoor,2026-01-23,DIA CONDO,Pass,0,0,0,0,0
DIA CONDO SPA,Spa Indoor,2026-05-12,DIA CONDO,Pass,6,5,1,0,4
DIA CONDO SPA,Spa Indoor,2026-07-13,DIA CONDO,Conditional Pass,7,4,3,0,4
DIA CONDO SPA,Spa Indoor,2026-08-18,DIA CONDO,Pass,0,0,0,0,0
DOMAIN CONDOMINIUMS (TSCC# 1860),Indoor Pool,2024-09-19,DOMAIN CONDOMINIUMS,Pass,1,1,0,0,1
DOMAIN CONDOMINIUMS (TSCC# 1860),Indoor Pool,2025-02-14,DOMAIN CONDOMINIUMS,Pass,1,0,1,0,1
DOMAIN CONDOMINIUMS (TSCC# 1860),Indoor Pool,2025-10-10,DOMAIN CONDOMINIUMS,Conditional Pass,5,3,0,2,3
DOMAIN CONDOMINIUMS (TSCC# 1860),Indoor Pool,2025-10-14,DOMAIN CONDOMINIUMS,Pass,0,0,0,0,0
DOMAIN CONDOMINIUMS (TSCC# 1860),Indoor Pool,2026-01-07,DOMAIN CONDOMINIUMS,Pass,1,1,0,0,1
DOMAIN CONDOMINIUMS (TSCC# 1860),Indoor Pool,2026-04-30,DOMAIN CONDOMINIUMS,Pass,0,0,0,0,0
DOMAIN CONDOMINIUMS (TSCC# 1860),Spa Indoor,2024-09-19,DOMAIN CONDOMINIUMS,Pass,0,0,0,0,0
DOMAIN CONDOMINIUMS (TSCC# 1860),Spa Indoor,2025-02-14,DOMAIN CONDOMINIUMS,Conditional Pass,4,3,0,1,3
DOMAIN CONDOMINIUMS (TSCC# 1860),Spa Indoor,2025-02-20,DOMAIN CONDOMINIUMS,Pass,0,0,0,0,0
DOMAIN CONDOMINIUMS (TSCC# 1860),Spa Indoor,2025-10-10,DOMAIN CONDOMINIUMS,Closed,5,1,1,3,4
DOMAIN CONDOMINIUMS (TSCC# 1860),Spa Indoor,2026-01-07,DOMAIN CONDOMINIUMS,Pass,2,2,0,0,2
DOMINICO DI LUCA OUTDOOR POOL,Outdoor Pool,2024-07-29,DOMINICO DILUCA COMMUNITY CENTRE,Pass,1,0,1,0,1
DOMINICO DI LUCA OUTDOOR POOL,Outdoor Pool,2025-07-17,DOMINICO DILUCA COMMUNITY CENTRE,Pass,2,2,0,0,2
DONALD D. SUMMERVILLE ODP - DIVING,Outdoor Pool,2024-08-27,DONALD D SUMMERVILLE OUTDOOR POOL,Pass,0,0,0,0,0
DONALD D. SUMMERVILLE ODP - DIVING,Outdoor Pool,2025-07-16,DONALD D SUMMERVILLE OUTDOOR POOL,Pass,2,2,0,0,2
DONALD D. SUMMERVILLE ODP - DIVING,Outdoor Pool,2026-06-15,DONALD D SUMMERVILLE OUTDOOR POOL,Pass,1,1,0,0,1
DONALD D. SUMMERVILLE ODP - OLYMPIC,Outdoor Pool,2024-08-27,DONALD D SUMMERVILLE OUTDOOR POOL,Pass,0,0,0,0,0
DONALD D. SUMMERVILLE ODP - OLYMPIC,Outdoor Pool,2025-07-16,DONALD D SUMMERVILLE OUTDOOR POOL,Pass,1,1,0,0,1
DONALD D. SUMMERVILLE ODP - OLYMPIC,Outdoor Pool,2026-06-15,DONALD D SUMMERVILLE OUTDOOR POOL,Conditional Pass,2,1,1,0,2
DONALD D. SUMMERVILLE ODP- TRAINING,Outdoor Pool,2024-08-27,DONALD D SUMMERVILLE OUTDOOR POOL,Pass,0,0,0,0,0
DONALD D. SUMMERVILLE ODP- TRAINING,Outdoor Pool,2025-07-16,DONALD D SUMMERVILLE OUTDOOR POOL,Pass,1,1,0,0,1
DONALD D. SUMMERVILLE ODP- TRAINING,Outdoor Pool,2026-06-15,DONALD D SUMMERVILLE OUTDOOR POOL,Pass,0,0,0,0,0
DONALDA CLUB POOL,Outdoor Pool,2024-08-21,DONALDA CLUB,Conditional Pass,2,1,0,1,2
DONALDA CLUB POOL,Outdoor Pool,2024-08-30,DONALDA CLUB,Pass,0,0,0,0,0
DONALDA CLUB POOL,Outdoor Pool,2025-08-01,DONALDA CLUB,Closed,10,5,3,2,7
DONALDA CLUB POOL,Outdoor Pool,2025-08-05,DONALDA CLUB,Pass,1,0,1,0,1
DONALDA CLUB POOL,Outdoor Pool,2026-06-11,DONALDA CLUB,Conditional Pass,4,3,1,0,3
DOUBLETREE BY HILTON,Indoor Pool,2024-09-24,METROPOLITAN HOTEL REC CENTRE,Pass,0,0,0,0,0
DOUBLETREE BY HILTON,Indoor Pool,2024-12-10,METROPOLITAN HOTEL REC CENTRE,Pass,0,0,0,0,0
DOUBLETREE BY HILTON,Indoor Pool,2025-02-04,METROPOLITAN HOTEL REC CENTRE,Closed,4,0,0,4,3
DOUBLETREE BY HILTON,Indoor Pool,2025-02-05,METROPOLITAN HOTEL REC CENTRE,Pass,0,0,0,0,0
DOUBLETREE BY HILTON,Indoor Pool,2025-04-17,METROPOLITAN HOTEL REC CENTRE,Conditional Pass,1,0,0,1,1
DOUBLETREE BY HILTON,Indoor Pool,2025-05-05,METROPOLITAN HOTEL REC CENTRE,Closed,3,0,1,2,3
DOUBLETREE BY HILTON,Indoor Pool,2025-05-08,METROPOLITAN HOTEL REC CENTRE,Pass,0,0,0,0,0
DOUBLETREE BY HILTON,Indoor Pool,2025-09-22,METROPOLITAN HOTEL REC CENTRE,Pass,0,0,0,0,0
DOUBLETREE BY HILTON,Indoor Pool,2025-12-01,METROPOLITAN HOTEL REC CENTRE,Pass,1,1,0,0,1
DOUBLETREE BY HILTON,Indoor Pool,2026-02-18,METROPOLITAN HOTEL REC CENTRE,Pass,0,0,0,0,0
DOUBLETREE BY HILTON,Indoor Pool,2026-04-20,METROPOLITAN HOTEL REC CENTRE,Pass,0,0,0,0,0
DOUBLETREE BY HILTON,Indoor Pool,2026-07-24,METROPOLITAN HOTEL REC CENTRE,Pass,0,0,0,0,0
DOUBLETREE BY HILTON TORONTO AIRPORT,Indoor Pool,2024-09-19,DOUBLETREE BY HILTON TORONTO AIRPORT,Pass,3,0,3,0,1
DOUBLETREE BY HILTON TORONTO AIRPORT,Indoor Pool,2024-11-27,DOUBLETREE BY HILTON TORONTO AIRPORT,Pass,0,0,0,0,0
DOUBLETREE BY HILTON TORONTO AIRPORT,Indoor Pool,2025-03-05,DOUBLETREE BY HILTON TORONTO AIRPORT,Pass,0,0,0,0,0
DOUBLETREE BY HILTON TORONTO AIRPORT,Indoor Pool,2025-05-23,DOUBLETREE BY HILTON TORONTO AIRPORT,Pass,3,0,3,0,1
DOUBLETREE BY HILTON TORONTO AIRPORT,Indoor Pool,2025-09-23,DOUBLETREE BY HILTON TORONTO AIRPORT,Pass,0,0,0,0,0
DOUBLETREE BY HILTON TORONTO AIRPORT,Indoor Pool,2025-12-19,DOUBLETREE BY HILTON TORONTO AIRPORT,Pass,1,0,1,0,1
DOUBLETREE BY HILTON TORONTO AIRPORT,Indoor Pool,2026-03-27,DOUBLETREE BY HILTON TORONTO AIRPORT,Pass,2,2,0,0,2
DOUBLETREE BY HILTON TORONTO AIRPORT,Indoor Pool,2026-04-28,DOUBLETREE BY HILTON TORONTO AIRPORT,Pass,4,2,2,0,2
DOUBLETREE BY HILTON TORONTO AIRPORT,Indoor Pool,2026-07-20,DOUBLETREE BY HILTON TORONTO AIRPORT,Pass,2,2,0,0,2
DOUBLETREE BY HILTON TORONTO AIRPORT - SPA,Spa Indoor,2024-11-27,DOUBLETREE BY HILTON TORONTO AIRPORT,Pass,1,1,0,0,1
DOUBLETREE BY HILTON TORONTO AIRPORT - SPA,Spa Indoor,2025-03-05,DOUBLETREE BY HILTON TORONTO AIRPORT,Pass,0,0,0,0,0
DOUBLETREE BY HILTON TORONTO AIRPORT - SPA,Spa Indoor,2025-05-23,DOUBLETREE BY HILTON TORONTO AIRPORT,Pass,3,0,3,0,1
DOUBLETREE BY HILTON TORONTO AIRPORT - SPA,Spa Indoor,2025-09-23,DOUBLETREE BY HILTON TORONTO AIRPORT,Pass,1,1,0,0,1
DOUBLETREE BY HILTON TORONTO AIRPORT - SPA,Spa Indoor,2025-12-19,DOUBLETREE BY HILTON TORONTO AIRPORT,Pass,3,0,3,0,1
DOUBLETREE BY HILTON TORONTO AIRPORT - SPA,Spa Indoor,2026-03-27,DOUBLETREE BY HILTON TORONTO AIRPORT,Pass,2,2,0,0,1
DOUBLETREE BY HILTON TORONTO AIRPORT - SPA,Spa Indoor,2026-04-28,DOUBLETREE BY HILTON TORONTO AIRPORT,Pass,5,2,3,0,2
DOUBLETREE BY HILTON TORONTO AIRPORT - SPA,Spa Indoor,2026-07-20,DOUBLETREE BY HILTON TORONTO AIRPORT,Pass,2,2,0,0,2
DOUGLAS SNOW AQUATIC CENTRE,Indoor Pool,2024-09-12,DOUGLAS SNOW AQUATIC CENTRE,Pass,0,0,0,0,0
DOUGLAS SNOW AQUATIC CENTRE,Indoor Pool,2024-12-11,DOUGLAS SNOW AQUATIC CENTRE,Pass,0,0,0,0,0
DOUGLAS SNOW AQUATIC CENTRE,Indoor Pool,2025-03-25,DOUGLAS SNOW AQUATIC CENTRE,Pass,1,1,0,0,1
DOUGLAS SNOW AQUATIC CENTRE,Indoor Pool,2025-09-25,DOUGLAS SNOW AQUATIC CENTRE,Pass,0,0,0,0,0
DOUGLAS SNOW AQUATIC CENTRE,Indoor Pool,2025-12-23,DOUGLAS SNOW AQUATIC CENTRE,Pass,0,0,0,0,0
DOUGLAS SNOW AQUATIC CENTRE,Indoor Pool,2026-03-25,DOUGLAS SNOW AQUATIC CENTRE,Pass,0,0,0,0,0
DOUGLAS SNOW AQUATIC CENTRE,Indoor Pool,2026-06-25,DOUGLAS SNOW AQUATIC CENTRE,Pass,2,2,0,0,2
DOUGLAS SNOW AQUATIC CENTRE SPA,Spa Indoor,2024-09-12,DOUGLAS SNOW AQUATIC CENTRE,Pass,0,0,0,0,0
DOUGLAS SNOW AQUATIC CENTRE SPA,Spa Indoor,2024-12-11,DOUGLAS SNOW AQUATIC CENTRE,Pass,0,0,0,0,0
DOUGLAS SNOW AQUATIC CENTRE SPA,Spa Indoor,2025-03-25,DOUGLAS SNOW AQUATIC CENTRE,Pass,0,0,0,0,0
DOUGLAS SNOW AQUATIC CENTRE SPA,Spa Indoor,2025-09-25,DOUGLAS SNOW AQUATIC CENTRE,Pass,0,0,0,0,0
DOUGLAS SNOW AQUATIC CENTRE SPA,Spa Indoor,2025-12-23,DOUGLAS SNOW AQUATIC CENTRE,Pass,0,0,0,0,0
DOUGLAS SNOW AQUATIC CENTRE SPA,Spa Indoor,2026-03-25,DOUGLAS SNOW AQUATIC CENTRE,Pass,0,0,0,0,0
DOUGLAS SNOW AQUATIC CENTRE SPA,Spa Indoor,2026-06-25,DOUGLAS SNOW AQUATIC CENTRE,Conditional Pass,3,1,1,1,3
DOUGLAS SNOW AQUATIC CENTRE SPA,Spa Indoor,2026-07-21,DOUGLAS SNOW AQUATIC CENTRE,Pass,0,0,0,0,0
DOVERCOURT BOYS & GIRLS CLUB,Indoor Pool,2024-09-27,DOVERCOURT BOYS & GIRLS CLUB,Pass,0,0,0,0,0
DOVERCOURT BOYS & GIRLS CLUB,Indoor Pool,2024-12-10,DOVERCOURT BOYS & GIRLS CLUB,Pass,0,0,0,0,0
DOVERCOURT BOYS & GIRLS CLUB,Indoor Pool,2025-01-31,DOVERCOURT BOYS & GIRLS CLUB,Pass,2,2,0,0,1
DOVERCOURT BOYS & GIRLS CLUB,Indoor Pool,2025-05-02,DOVERCOURT BOYS & GIRLS CLUB,Pass,0,0,0,0,0
DOVERCOURT BOYS & GIRLS CLUB,Indoor Pool,2025-10-29,DOVERCOURT BOYS & GIRLS CLUB,Conditional Pass,2,1,1,0,2
DOVERCOURT BOYS & GIRLS CLUB,Indoor Pool,2025-10-31,DOVERCOURT BOYS & GIRLS CLUB,Pass,0,0,0,0,0
DOVERCOURT BOYS & GIRLS CLUB,Indoor Pool,2026-02-26,DOVERCOURT BOYS & GIRLS CLUB,Pass,4,4,0,0,4
DOVERCOURT BOYS & GIRLS CLUB,Indoor Pool,2026-06-17,DOVERCOURT BOYS & GIRLS CLUB,Pass,0,0,0,0,0
DRIFTWOOD COMMUNITY POOL,Outdoor Pool,2024-07-12,DRIFTWOOD COMMUNITY CENTRE,Pass,0,0,0,0,0
DRIFTWOOD COMMUNITY POOL,Outdoor Pool,2025-08-22,DRIFTWOOD COMMUNITY CENTRE,Conditional Pass,2,0,1,1,1
DUKE OF CONNAUGHT P.S.,Indoor Pool,2024-09-17,DUKE OF CONNAUGHT PUBLIC SCHOOL,Pass,0,0,0,0,0
DUKE OF CONNAUGHT P.S.,Indoor Pool,2024-12-16,DUKE OF CONNAUGHT PUBLIC SCHOOL,Pass,0,0,0,0,0
DUKE OF CONNAUGHT P.S.,Indoor Pool,2025-03-21,DUKE OF CONNAUGHT PUBLIC SCHOOL,Conditional Pass,1,0,1,0,1
DUKE OF CONNAUGHT P.S.,Indoor Pool,2025-11-17,DUKE OF CONNAUGHT PUBLIC SCHOOL,Pass,1,1,0,0,1
DUKE OF CONNAUGHT P.S.,Indoor Pool,2026-02-23,DUKE OF CONNAUGHT PUBLIC SCHOOL,Pass,0,0,0,0,0
DUKE OF CONNAUGHT P.S.,Indoor Pool,2026-06-11,DUKE OF CONNAUGHT PUBLIC SCHOOL,Pass,1,1,0,0,1
DUNDAS MABELLE - MET CAP LIVING,Outdoor Pool,2025-07-10,5005 DUNDAS ST W,Conditional Pass,1,0,0,1,1
DUNDAS MABELLE - MET CAP LIVING,Outdoor Pool,2025-08-18,5005 DUNDAS ST W,Pass,0,0,0,0,0
DUNDAS MABELLE - MET CAP LIVING,Outdoor Pool,2026-08-17,5005 DUNDAS ST W,Pass,0,0,0,0,0
DUNDAS SQUARE GARDENS,Outdoor Pool,2024-09-04,DUNDAS SQUARE GARDENS POOL,Pass,0,0,0,0,0
DUNDAS SQUARE GARDENS,Outdoor Pool,2025-07-09,DUNDAS SQUARE GARDENS POOL,Conditional Pass,1,0,0,1,1
DUNDAS SQUARE GARDENS,Outdoor Pool,2025-08-13,DUNDAS SQUARE GARDENS POOL,Pass,0,0,0,0,0
DUNDAS SQUARE GARDENS,Outdoor Pool,2026-05-25,DUNDAS SQUARE GARDENS POOL,Pass,1,0,1,0,1
DUNDAS SQUARE GARDENS,Outdoor Pool,2026-08-27,DUNDAS SQUARE GARDENS POOL,Pass,1,1,0,0,1
DUNDAS SQUARE GARDENS SPA,Spa Outdoor,2024-09-04,DUNDAS SQUARE GARDENS POOL,Pass,1,0,1,0,1
DUNDAS SQUARE GARDENS SPA,Spa Outdoor,2025-07-09,DUNDAS SQUARE GARDENS POOL,Conditional Pass,2,0,0,2,2
DUNDAS SQUARE GARDENS SPA,Spa Outdoor,2025-08-13,DUNDAS SQUARE GARDENS POOL,Pass,0,0,0,0,0
DUNDAS SQUARE GARDENS SPA,Spa Outdoor,2026-05-25,DUNDAS SQUARE GARDENS POOL,Pass,1,0,1,0,1
DUNDAS SQUARE GARDENS SPA,Spa Outdoor,2026-08-27,DUNDAS SQUARE GARDENS POOL,Pass,1,1,0,0,1
DYNASTY TOWERS CONDOMINIUM INDOOR POOL,Indoor Pool,2024-09-10,DYNASTY TOWERS CONDOMINIUM,Pass,1,1,0,0,1
DYNASTY TOWERS CONDOMINIUM INDOOR POOL,Indoor Pool,2024-11-29,DYNASTY TOWERS CONDOMINIUM,Pass,3,3,0,0,3
DYNASTY TOWERS CONDOMINIUM INDOOR POOL,Indoor Pool,2025-02-24,DYNASTY TOWERS CONDOMINIUM,Pass,3,3,0,0,1
DYNASTY TOWERS CONDOMINIUM INDOOR POOL,Indoor Pool,2025-06-10,DYNASTY TOWERS CONDOMINIUM,Pass,0,0,0,0,0
DYNASTY TOWERS CONDOMINIUM INDOOR POOL,Indoor Pool,2025-12-05,DYNASTY TOWERS CONDOMINIUM,Pass,2,2,0,0,2
DYNASTY TOWERS CONDOMINIUM INDOOR POOL,Indoor Pool,2026-03-16,DYNASTY TOWERS CONDOMINIUM,Pass,0,0,0,0,0
DYNASTY TOWERS CONDOMINIUM INDOOR POOL,Indoor Pool,2026-06-18,DYNASTY TOWERS CONDOMINIUM,Pass,0,0,0,0,0
DYNASTY TOWERS CONDOMINIUM INDOOR POOL,Indoor Pool,2026-09-24,DYNASTY TOWERS CONDOMINIUM,Pass,1,1,0,0,1
DYNASTY TOWERS CONDOMINIUM SPA,Spa Indoor,2024-09-10,DYNASTY TOWERS CONDOMINIUM,Pass,1,1,0,0,1
DYNASTY TOWERS CONDOMINIUM SPA,Spa Indoor,2024-11-29,DYNASTY TOWERS CONDOMINIUM,Pass,0,0,0,0,0
DYNASTY TOWERS CONDOMINIUM SPA,Spa Indoor,2025-02-24,DYNASTY TOWERS CONDOMINIUM,Pass,0,0,0,0,0
DYNASTY TOWERS CONDOMINIUM SPA,Spa Indoor,2025-06-10,DYNASTY TOWERS CONDOMINIUM,Pass,1,1,0,0,1
DYNASTY TOWERS CONDOMINIUM SPA,Spa Indoor,2026-03-16,DYNASTY TOWERS CONDOMINIUM,Pass,1,1,0,0,1
DYNASTY TOWERS CONDOMINIUM SPA,Spa Indoor,2026-06-18,DYNASTY TOWERS CONDOMINIUM,Pass,1,1,0,0,1
DYNASTY TOWERS CONDOMINIUM SPA,Spa Indoor,2026-09-24,DYNASTY TOWERS CONDOMINIUM,Conditional Pass,3,1,1,1,2
E-CONDOS INDOOR POOL,Indoor Pool,2024-09-19,E-CONDOS INDOOR POOL,Pass,2,2,0,0,2
E-CONDOS INDOOR POOL,Indoor Pool,2024-12-11,E-CONDOS INDOOR POOL,Conditional Pass,2,1,1,0,1
E-CONDOS INDOOR POOL,Indoor Pool,2024-12-12,E-CONDOS INDOOR POOL,Pass,0,0,0,0,0
E-CONDOS INDOOR POOL,Indoor Pool,2025-03-03,E-CONDOS INDOOR POOL,Pass,6,5,1,0,4
E-CONDOS INDOOR POOL,Indoor Pool,2025-06-04,E-CONDOS INDOOR POOL,Pass,0,0,0,0,0
E-CONDOS INDOOR POOL,Indoor Pool,2025-10-08,E-CONDOS INDOOR POOL,Pass,0,0,0,0,0
E-CONDOS INDOOR POOL,Indoor Pool,2026-01-08,E-CONDOS INDOOR POOL,Pass,0,0,0,0,0
E-CONDOS INDOOR POOL,Indoor Pool,2026-04-08,E-CONDOS INDOOR POOL,Pass,0,0,0,0,0
EARL BEATTY PUBLIC SCHOOL,Indoor Pool,2024-09-17,EARL BEATTY PUBLIC SCHOOL,Pass,1,1,0,0,1
EARL BEATTY PUBLIC SCHOOL,Indoor Pool,2025-01-21,EARL BEATTY PUBLIC SCHOOL,Pass,1,1,0,0,1
EARL BEATTY PUBLIC SCHOOL,Indoor Pool,2025-05-20,EARL BEATTY PUBLIC SCHOOL,Pass,2,2,0,0,1
EARL BEATTY PUBLIC SCHOOL,Indoor Pool,2025-09-10,EARL BEATTY PUBLIC SCHOOL,Conditional Pass,3,2,1,0,3
EARL BEATTY PUBLIC SCHOOL,Indoor Pool,2025-09-11,EARL BEATTY PUBLIC SCHOOL,Pass,1,1,0,0,1
EARL BEATTY PUBLIC SCHOOL,Indoor Pool,2025-12-02,EARL BEATTY PUBLIC SCHOOL,Pass,1,1,0,0,1
EARL BEATTY PUBLIC SCHOOL,Indoor Pool,2026-03-11,EARL BEATTY PUBLIC SCHOOL,Pass,2,2,0,0,2
EARL BEATTY PUBLIC SCHOOL,Indoor Pool,2026-06-08,EARL BEATTY PUBLIC SCHOOL,Conditional Pass,3,1,2,0,3
EARL BEATTY PUBLIC SCHOOL,Indoor Pool,2026-09-09,EARL BEATTY PUBLIC SCHOOL,Conditional Pass,2,1,1,0,2
EARL BEATTY PUBLIC SCHOOL,Indoor Pool,2026-09-25,EARL BEATTY PUBLIC SCHOOL,Pass,1,1,0,0,1
EARL GREY PUBLIC SCHOOL,Indoor Pool,2024-09-17,EARL GREY PUBLIC SCHOOL,Pass,1,1,0,0,1
EARL GREY PUBLIC SCHOOL,Indoor Pool,2024-12-09,EARL GREY PUBLIC SCHOOL,Pass,1,1,0,0,1
EARL GREY PUBLIC SCHOOL,Indoor Pool,2025-02-24,EARL GREY PUBLIC SCHOOL,Pass,1,1,0,0,1
EARL GREY PUBLIC SCHOOL,Indoor Pool,2025-05-26,EARL GREY PUBLIC SCHOOL,Pass,1,1,0,0,1
EARL GREY PUBLIC SCHOOL,Indoor Pool,2025-09-18,EARL GREY PUBLIC SCHOOL,Pass,0,0,0,0,0
EARL GREY PUBLIC SCHOOL,Indoor Pool,2025-12-04,EARL GREY PUBLIC SCHOOL,Pass,2,2,0,0,2
EARL GREY PUBLIC SCHOOL,Indoor Pool,2026-03-26,EARL GREY PUBLIC SCHOOL,Pass,0,0,0,0,0
EARL GREY PUBLIC SCHOOL,Indoor Pool,2026-06-18,EARL GREY PUBLIC SCHOOL,Conditional Pass,2,1,1,0,2
EAST 55,Outdoor Pool,2024-07-25,EAST 55,Pass,1,1,0,0,1
EAST 55,Outdoor Pool,2025-07-30,EAST 55,Pass,0,0,0,0,0
EAST 55,Outdoor Pool,2026-07-07,EAST 55,Pass,0,0,0,0,0
EAST YORK COMMUNITY CENTRE,Indoor Pool,2024-07-15,EAST YORK COMMUNITY CENTRE,Pass,0,0,0,0,0
EAST YORK COMMUNITY CENTRE,Indoor Pool,2024-10-24,EAST YORK COMMUNITY CENTRE,Pass,1,1,0,0,1
EAST YORK COMMUNITY CENTRE,Indoor Pool,2025-01-07,EAST YORK COMMUNITY CENTRE,Pass,1,1,0,0,1
EAST YORK COMMUNITY CENTRE,Indoor Pool,2025-04-04,EAST YORK COMMUNITY CENTRE,Pass,2,2,0,0,2
EAST YORK COMMUNITY CENTRE,Indoor Pool,2025-07-11,EAST YORK COMMUNITY CENTRE,Pass,1,1,0,0,1
EAST YORK COMMUNITY CENTRE,Indoor Pool,2025-10-15,EAST YORK COMMUNITY CENTRE,Pass,1,1,0,0,1
EAST YORK COMMUNITY CENTRE,Indoor Pool,2026-01-20,EAST YORK COMMUNITY CENTRE,Conditional Pass,2,1,1,0,1
EAST YORK COMMUNITY CENTRE,Indoor Pool,2026-01-22,EAST YORK COMMUNITY CENTRE,Pass,0,0,0,0,0
EAST YORK COMMUNITY CENTRE,Indoor Pool,2026-04-30,EAST YORK COMMUNITY CENTRE,Conditional Pass,2,0,2,0,2
EAST YORK COMMUNITY CENTRE,Indoor Pool,2026-05-04,EAST YORK COMMUNITY CENTRE,Pass,0,0,0,0,0
EAST YORK COMMUNITY CENTRE,Indoor Pool,2026-09-02,EAST YORK COMMUNITY CENTRE,Pass,1,1,0,0,1
EAU DU SOLEIL,Indoor Pool,2024-09-25,EAU DU SOLEIL,Pass,0,0,0,0,0
EAU DU SOLEIL,Indoor Pool,2024-12-16,EAU DU SOLEIL,Pass,0,0,0,0,0
EAU DU SOLEIL,Indoor Pool,2025-07-07,EAU DU SOLEIL,Pass,0,0,0,0,0
EAU DU SOLEIL,Indoor Pool,2025-10-09,EAU DU SOLEIL,Pass,0,0,0,0,0
EAU DU SOLEIL,Indoor Pool,2026-03-25,EAU DU SOLEIL,Pass,1,1,0,0,1
EAU DU SOLEIL,Indoor Pool,2026-04-14,EAU DU SOLEIL,Pass,0,0,0,0,0
EAU DU SOLEIL,Indoor Pool,2026-08-27,EAU DU SOLEIL,Pass,0,0,0,0,0
EAU DU SOLIEL,Spa Indoor,2024-09-25,EAU DU SOLEIL,Pass,0,0,0,0,0
EAU DU SOLIEL,Spa Indoor,2024-12-16,EAU DU SOLEIL,Pass,0,0,0,0,0
EAU DU SOLIEL,Spa Indoor,2025-10-09,EAU DU SOLEIL,Pass,0,0,0,0,0
EAU DU SOLIEL,Spa Indoor,2026-03-25,EAU DU SOLEIL,Pass,0,0,0,0,0
EAU DU SOLIEL,Spa Indoor,2026-04-14,EAU DU SOLEIL,Pass,0,0,0,0,0
EAU DU SOLIEL,Spa Indoor,2026-08-27,EAU DU SOLEIL,Pass,0,0,0,0,0
EESTI KODU,Indoor Pool,2024-09-05,EESTI KODU,Pass,1,1,0,0,1
EESTI KODU,Indoor Pool,2024-12-09,EESTI KODU,Pass,3,2,1,0,3
EESTI KODU,Indoor Pool,2025-01-29,EESTI KODU,Conditional Pass,3,0,1,2,2
EESTI KODU,Indoor Pool,2025-02-25,EESTI KODU,Pass,0,0,0,0,0
EESTI KODU,Indoor Pool,2025-04-10,EESTI KODU,Pass,0,0,0,0,0
EESTI KODU,Indoor Pool,2025-07-25,EESTI KODU,Pass,1,1,0,0,1
EESTI KODU,Indoor Pool,2025-10-23,EESTI KODU,Pass,0,0,0,0,0
EESTI KODU,Indoor Pool,2026-01-16,EESTI KODU,Pass,0,0,0,0,0
EESTI KODU,Indoor Pool,2026-04-07,EESTI KODU,Pass,0,0,0,0,0
EESTI KODU,Indoor Pool,2026-07-07,EESTI KODU,Pass,0,0,0,0,0
EGLINTON PARK PLACE,Outdoor Pool,2024-08-07,ALL ONTARIO RECREATION,Conditional Pass,9,6,2,1,5
EGLINTON PARK PLACE,Outdoor Pool,2024-08-21,ALL ONTARIO RECREATION,Pass,2,2,0,0,2
EGLINTON PARK PLACE,Outdoor Pool,2025-07-04,ALL ONTARIO RECREATION,Pass,0,0,0,0,0
EGLINTON PARK PLACE,Outdoor Pool,2026-08-04,ALL ONTARIO RECREATION,Conditional Pass,10,4,3,3,4
EGLINTON PARK PLACE,Outdoor Pool,2026-08-12,ALL ONTARIO RECREATION,Closed,5,3,0,2,4
EGLINTON PARK PLACE,Outdoor Pool,2026-09-08,ALL ONTARIO RECREATION,Pass,2,2,0,0,2
EGLINTON PLACE,Spa Indoor,2024-08-28,123 EGLINTON AVE EAST,Pass,1,0,1,0,1
EGLINTON PLACE,Spa Indoor,2024-10-29,123 EGLINTON AVE EAST,Pass,3,0,3,0,1
EGLINTON PLACE,Spa Indoor,2025-01-07,123 EGLINTON AVE EAST,Conditional Pass,3,1,1,1,2
EGLINTON PLACE,Spa Indoor,2025-01-20,123 EGLINTON AVE EAST,Pass,0,0,0,0,0
EGLINTON PLACE,Spa Indoor,2025-04-16,123 EGLINTON AVE EAST,Pass,1,1,0,0,1
EGLINTON PLACE,Spa Indoor,2025-07-25,123 EGLINTON AVE EAST,Closed,3,0,0,3,3
EGLINTON PLACE,Spa Indoor,2025-08-01,123 EGLINTON AVE EAST,Pass,0,0,0,0,0
EGLINTON PLACE,Spa Indoor,2025-10-28,123 EGLINTON AVE EAST,Pass,2,2,0,0,1
EGLINTON PLACE,Spa Indoor,2026-01-14,123 EGLINTON AVE EAST,Pass,0,0,0,0,0
EGLINTON PLACE,Spa Indoor,2026-05-13,123 EGLINTON AVE EAST,Pass,2,1,1,0,1
ELEMENT,Spa Indoor,2024-09-09,ELEMENT,Pass,0,0,0,0,0
ELEMENT,Spa Indoor,2025-03-10,ELEMENT,Pass,1,1,0,0,1
ELEMENT,Spa Indoor,2025-05-27,ELEMENT,Pass,3,3,0,0,2
ELEMENT,Spa Indoor,2025-10-23,ELEMENT,Pass,0,0,0,0,0
ELEMENT,Spa Indoor,2026-03-09,ELEMENT,Pass,0,0,0,0,0
ELEMENT,Spa Indoor,2026-06-11,ELEMENT,Conditional Pass,2,1,0,1,2
ELEMENT,Spa Indoor,2026-06-23,ELEMENT,Pass,0,0,0,0,0
ELLIPSE TOWERS,Indoor Pool,2024-09-09,ELLIPSE TOWERS,Pass,2,2,0,0,2
ELLIPSE TOWERS,Indoor Pool,2024-11-05,ELLIPSE TOWERS,Pass,0,0,0,0,0
ELLIPSE TOWERS,Indoor Pool,2025-01-07,ELLIPSE TOWERS,Pass,0,0,0,0,0
ELLIPSE TOWERS,Indoor Pool,2025-05-13,ELLIPSE TOWERS,Conditional Pass,2,0,2,0,2
ELLIPSE TOWERS,Indoor Pool,2025-05-22,ELLIPSE TOWERS,Conditional Pass,1,0,1,0,1
ELLIPSE TOWERS,Indoor Pool,2025-05-27,ELLIPSE TOWERS,Conditional Pass,2,0,1,1,1
ELLIPSE TOWERS,Indoor Pool,2025-11-05,ELLIPSE TOWERS,Pass,1,1,0,0,1
ELLIPSE TOWERS,Indoor Pool,2026-01-27,ELLIPSE TOWERS,Pass,1,1,0,0,1
ELLIPSE TOWERS,Indoor Pool,2026-07-30,ELLIPSE TOWERS,Conditional Pass,2,1,0,1,2
ELLIPSE TOWERS,Spa Indoor,2025-03-06,ELLIPSE TOWERS,Closed,4,2,0,2,3
ELLIPSE TOWERS,Spa Indoor,2025-05-13,ELLIPSE TOWERS,Closed,6,2,1,3,5
ELLIPSE TOWERS,Spa Indoor,2025-05-27,ELLIPSE TOWERS,Conditional Pass,3,1,1,1,2
ELLIPSE TOWERS,Spa Indoor,2025-06-02,ELLIPSE TOWERS,Pass,0,0,0,0,0
ELLIPSE TOWERS,Spa Indoor,2025-08-26,ELLIPSE TOWERS,Closed,5,1,1,3,5
ELLIPSE TOWERS,Spa Indoor,2025-09-05,ELLIPSE TOWERS,Pass,1,1,0,0,1
ELLIPSE TOWERS,Spa Indoor,2025-11-05,ELLIPSE TOWERS,Pass,0,0,0,0,0
ELLIPSE TOWERS,Spa Indoor,2026-01-27,ELLIPSE TOWERS,Pass,2,2,0,0,2
ELLIPSE TOWERS,Spa Indoor,2026-05-12,ELLIPSE TOWERS,Pass,1,1,0,0,1
ELLIPSE TOWERS,Spa Indoor,2026-08-12,ELLIPSE TOWERS,Pass,0,0,0,0,0
ELMWOOD SPA,Indoor Pool,2024-09-25,ELMWOOD SPA,Pass,0,0,0,0,0
ELMWOOD SPA,Indoor Pool,2024-12-05,ELMWOOD SPA,Pass,0,0,0,0,0
ELMWOOD SPA,Indoor Pool,2025-03-26,ELMWOOD SPA,Pass,0,0,0,0,0
ELMWOOD SPA,Indoor Pool,2025-06-24,ELMWOOD SPA,Pass,1,1,0,0,1
ELMWOOD SPA,Indoor Pool,2026-04-17,ELMWOOD SPA,Conditional Pass,4,2,0,2,3
ELMWOOD SPA,Indoor Pool,2026-08-12,ELMWOOD SPA,Pass,0,0,0,0,0
ELMWOOD SPA (WOMEN'S),Spa Indoor,2024-09-25,ELMWOOD SPA,Pass,0,0,0,0,0
ELMWOOD SPA (WOMEN'S),Spa Indoor,2024-12-05,ELMWOOD SPA,Pass,0,0,0,0,0
ELMWOOD SPA (WOMEN'S),Spa Indoor,2025-03-26,ELMWOOD SPA,Pass,0,0,0,0,0
ELMWOOD SPA (WOMEN'S),Spa Indoor,2025-06-24,ELMWOOD SPA,Pass,0,0,0,0,0
ELMWOOD SPA (WOMEN'S),Spa Indoor,2026-04-17,ELMWOOD SPA,Conditional Pass,3,1,0,2,3
ELMWOOD SPA (WOMEN'S),Spa Indoor,2026-08-12,ELMWOOD SPA,Pass,0,0,0,0,0
EMERALD CITY 1 POOL,Indoor Pool,2024-11-18,EMERALD CITY 1,Pass,0,0,0,0,0
EMERALD CITY 1 POOL,Indoor Pool,2025-03-27,EMERALD CITY 1,Conditional Pass,3,0,3,0,3
EMERALD CITY 1 POOL,Indoor Pool,2025-04-15,EMERALD CITY 1,Conditional Pass,1,0,0,1,1
EMERALD CITY 1 POOL,Indoor Pool,2025-08-20,EMERALD CITY 1,Pass,0,0,0,0,0
EMERALD CITY 1 POOL,Indoor Pool,2025-12-22,EMERALD CITY 1,Pass,0,0,0,0,0
EMERALD CITY 1 POOL,Indoor Pool,2026-02-23,EMERALD CITY 1,Pass,1,1,0,0,1
EMERALD CITY 1 POOL,Indoor Pool,2026-04-28,EMERALD CITY 1,Pass,3,3,0,0,3
EMERALD CITY 1 POOL,Indoor Pool,2026-09-18,EMERALD CITY 1,Pass,2,2,0,0,2
EMERALD CITY 1 SPA,Spa Indoor,2024-11-18,EMERALD CITY 1,Pass,1,1,0,0,1
EMERALD CITY 1 SPA,Spa Indoor,2025-03-27,EMERALD CITY 1,Conditional Pass,2,0,1,1,2
EMERALD CITY 1 SPA,Spa Indoor,2025-04-15,EMERALD CITY 1,Conditional Pass,2,1,0,1,2
EMERALD CITY 1 SPA,Spa Indoor,2025-04-16,EMERALD CITY 1,Pass,1,1,0,0,1
EMERALD CITY 1 SPA,Spa Indoor,2025-08-20,EMERALD CITY 1,Pass,0,0,0,0,0
EMERALD CITY 1 SPA,Spa Indoor,2025-12-22,EMERALD CITY 1,Pass,0,0,0,0,0
EMERALD CITY 1 SPA,Spa Indoor,2026-02-23,EMERALD CITY 1,Pass,3,3,0,0,2
EMERALD CITY 1 SPA,Spa Indoor,2026-04-28,EMERALD CITY 1,Conditional Pass,5,3,2,0,4
EMERALD CITY 1 SPA,Spa Indoor,2026-04-30,EMERALD CITY 1,Pass,0,0,0,0,0
EMERALD CITY 1 SPA,Spa Indoor,2026-09-18,EMERALD CITY 1,Pass,0,0,0,0,0
EMERALD CITY II POOL,Indoor Pool,2024-11-08,EMERALD CITY II POOL,Pass,1,1,0,0,1
EMERALD CITY II POOL,Indoor Pool,2025-03-28,EMERALD CITY II POOL,Conditional Pass,13,9,3,1,5
EMERALD CITY II POOL,Indoor Pool,2025-04-28,EMERALD CITY II POOL,Pass,0,0,0,0,0
EMERALD CITY II POOL,Indoor Pool,2025-06-24,EMERALD CITY II POOL,Pass,3,3,0,0,3
EMERALD CITY II POOL,Indoor Pool,2025-09-24,EMERALD CITY II POOL,Pass,1,1,0,0,1
EMERALD CITY II POOL,Indoor Pool,2025-12-17,EMERALD CITY II POOL,Pass,0,0,0,0,0
EMERALD CITY II POOL,Indoor Pool,2026-02-24,EMERALD CITY II POOL,Pass,5,5,0,0,3
EMERALD CITY II POOL,Indoor Pool,2026-05-20,EMERALD CITY II POOL,Closed,3,1,0,2,3
EMERALD CITY II POOL,Indoor Pool,2026-05-27,EMERALD CITY II POOL,Pass,0,0,0,0,0
EMERALD CITY II SPA,Spa Indoor,2024-11-08,EMERALD CITY II POOL,Pass,0,0,0,0,0
EMERALD CITY II SPA,Spa Indoor,2025-03-28,EMERALD CITY II POOL,Conditional Pass,5,4,0,1,2
EMERALD CITY II SPA,Spa Indoor,2025-04-28,EMERALD CITY II POOL,Pass,1,1,0,0,1
EMERALD CITY II SPA,Spa Indoor,2025-06-24,EMERALD CITY II POOL,Pass,3,3,0,0,3
EMERALD CITY II SPA,Spa Indoor,2025-09-24,EMERALD CITY II POOL,Pass,0,0,0,0,0
EMERALD CITY II SPA,Spa Indoor,2025-12-17,EMERALD CITY II POOL,Conditional Pass,3,0,2,1,2
EMERALD CITY II SPA,Spa Indoor,2026-01-09,EMERALD CITY II POOL,Pass,0,0,0,0,0
EMERALD CITY II SPA,Spa Indoor,2026-03-11,EMERALD CITY II POOL,Pass,1,1,0,0,1
EMERALD CITY II SPA,Spa Indoor,2026-05-20,EMERALD CITY II POOL,Conditional Pass,2,0,1,1,1
EMERALD CITY II SPA,Spa Indoor,2026-05-27,EMERALD CITY II POOL,Pass,0,0,0,0,0
EMERALD PARK POOL,Indoor Pool,2024-11-29,EMERALD PARK,Pass,0,0,0,0,0
EMERALD PARK POOL,Indoor Pool,2025-03-19,EMERALD PARK,Pass,0,0,0,0,0
EMERALD PARK POOL,Indoor Pool,2025-05-13,EMERALD PARK,Pass,3,3,0,0,3
EMERALD PARK POOL,Indoor Pool,2025-07-04,EMERALD PARK,Conditional Pass,3,1,1,1,2
EMERALD PARK POOL,Indoor Pool,2025-08-06,EMERALD PARK,Pass,0,0,0,0,0
EMERALD PARK POOL,Indoor Pool,2025-10-07,EMERALD PARK,Conditional Pass,1,0,0,1,1
EMERALD PARK POOL,Indoor Pool,2025-10-30,EMERALD PARK,Pass,0,0,0,0,0
EMERALD PARK POOL,Indoor Pool,2026-01-12,EMERALD PARK,Pass,0,0,0,0,0
EMERALD PARK POOL,Indoor Pool,2026-05-01,EMERALD PARK,Pass,1,1,0,0,1
EMERALD PARK POOL,Indoor Pool,2026-09-25,EMERALD PARK,Pass,0,0,0,0,0
EMERALD PARK SPA,Spa Indoor,2024-11-29,EMERALD PARK,Pass,2,1,1,0,1
EMERALD PARK SPA,Spa Indoor,2025-03-19,EMERALD PARK,Conditional Pass,1,0,0,1,1
EMERALD PARK SPA,Spa Indoor,2025-04-22,EMERALD PARK,Pass,0,0,0,0,0
EMERALD PARK SPA,Spa Indoor,2025-05-13,EMERALD PARK,Pass,2,2,0,0,2
EMERALD PARK SPA,Spa Indoor,2025-07-04,EMERALD PARK,Conditional Pass,5,1,3,1,3
EMERALD PARK SPA,Spa Indoor,2025-08-06,EMERALD PARK,Pass,0,0,0,0,0
EMERALD PARK SPA,Spa Indoor,2025-10-07,EMERALD PARK,Pass,0,0,0,0,0
EMERALD PARK SPA,Spa Indoor,2026-01-12,EMERALD PARK,Pass,0,0,0,0,0
EMERALD PARK SPA,Spa Indoor,2026-05-01,EMERALD PARK,Pass,0,0,0,0,0
EMERALD PARK SPA,Spa Indoor,2026-09-25,EMERALD PARK,Pass,0,0,0,0,0
EMERY COLLEGIATE POOL,Indoor Pool,2024-09-12,EMERY COLLEGIATE POOL,Pass,0,0,0,0,0
EMERY COLLEGIATE POOL,Indoor Pool,2024-12-03,EMERY COLLEGIATE POOL,Pass,1,1,0,0,1
EMERY COLLEGIATE POOL,Indoor Pool,2025-02-06,EMERY COLLEGIATE POOL,Pass,1,1,0,0,1
EMERY COLLEGIATE POOL,Indoor Pool,2025-06-02,EMERY COLLEGIATE POOL,Conditional Pass,3,1,2,0,3
EMERY COLLEGIATE POOL,Indoor Pool,2025-12-16,EMERY COLLEGIATE POOL,Closed,2,0,0,2,2
EMERY COLLEGIATE POOL,Indoor Pool,2025-12-19,EMERY COLLEGIATE POOL,Pass,0,0,0,0,0
EMERY COLLEGIATE POOL,Indoor Pool,2026-02-11,EMERY COLLEGIATE POOL,Conditional Pass,1,0,0,1,1
EMERY COLLEGIATE POOL,Indoor Pool,2026-02-12,EMERY COLLEGIATE POOL,Pass,0,0,0,0,0
EMERY COLLEGIATE POOL,Indoor Pool,2026-04-16,EMERY COLLEGIATE POOL,Pass,2,2,0,0,1
EMERY COLLEGIATE POOL,Indoor Pool,2026-09-14,EMERY COLLEGIATE POOL,Pass,1,1,0,0,1
EQUINOX 1,Spa Indoor,2024-10-17,EQUINOX I,Closed,2,0,1,1,2
EQUINOX 1,Spa Indoor,2024-10-24,EQUINOX I,Pass,0,0,0,0,0
EQUINOX 1,Spa Indoor,2025-02-04,EQUINOX I,Conditional Pass,1,0,0,1,1
EQUINOX 1,Spa Indoor,2025-02-20,EQUINOX I,Pass,0,0,0,0,0
EQUINOX 1,Spa Indoor,2025-05-07,EQUINOX I,Conditional Pass,2,0,1,1,1
EQUINOX 1,Spa Indoor,2025-09-22,EQUINOX I,Conditional Pass,1,0,1,0,1
EQUINOX 1,Spa Indoor,2025-10-27,EQUINOX I,Pass,0,0,0,0,0
EQUINOX 1,Spa Indoor,2025-11-12,EQUINOX I,Pass,0,0,0,0,0
EQUINOX 1,Spa Indoor,2026-01-13,EQUINOX I,Pass,0,0,0,0,0
EQUINOX 1,Spa Indoor,2026-04-08,EQUINOX I,Pass,1,1,0,0,1
EQUINOX 1,Spa Indoor,2026-07-29,EQUINOX I,Pass,0,0,0,0,0
EQUINOX I,Indoor Pool,2024-08-01,EQUINOX I,Pass,0,0,0,0,0
EQUINOX I,Indoor Pool,2024-10-17,EQUINOX I,Closed,2,0,1,1,2
EQUINOX I,Indoor Pool,2024-10-24,EQUINOX I,Pass,0,0,0,0,0
EQUINOX I,Indoor Pool,2025-02-04,EQUINOX I,Pass,0,0,0,0,0
EQUINOX I,Indoor Pool,2025-05-07,EQUINOX I,Pass,0,0,0,0,0
EQUINOX I,Indoor Pool,2025-07-02,EQUINOX I,Pass,0,0,0,0,0
EQUINOX I,Indoor Pool,2025-11-12,EQUINOX I,Pass,0,0,0,0,0
EQUINOX I,Indoor Pool,2026-01-13,EQUINOX I,Pass,1,1,0,0,1
EQUINOX I,Indoor Pool,2026-04-08,EQUINOX I,Pass,2,2,0,0,2
EQUINOX I,Indoor Pool,2026-07-29,EQUINOX I,Pass,1,1,0,0,1
EQUINOX II - TOWER B,Indoor Pool,2024-08-02,EQUINOX II - TOWER B,Pass,0,0,0,0,0
EQUINOX II - TOWER B,Indoor Pool,2025-01-17,EQUINOX II - TOWER B,Pass,0,0,0,0,0
EQUINOX II - TOWER B,Indoor Pool,2025-07-14,EQUINOX II - TOWER B,Pass,0,0,0,0,0
EQUINOX II - TOWER B,Indoor Pool,2025-10-09,EQUINOX II - TOWER B,Pass,0,0,0,0,0
EQUINOX II - TOWER B,Indoor Pool,2026-01-13,EQUINOX II - TOWER B,Conditional Pass,3,2,0,1,2
EQUINOX II - TOWER B,Indoor Pool,2026-01-28,EQUINOX II - TOWER B,Pass,2,2,0,0,2
EQUINOX II - TOWER B,Indoor Pool,2026-07-28,EQUINOX II - TOWER B,Pass,1,1,0,0,1
EQUINOX II - TOWER B,Spa Indoor,2024-08-02,EQUINOX II - TOWER B,Pass,1,0,1,0,1
EQUINOX II - TOWER B,Spa Indoor,2024-10-30,EQUINOX II - TOWER B,Pass,0,0,0,0,0
EQUINOX II - TOWER B,Spa Indoor,2025-01-17,EQUINOX II - TOWER B,Conditional Pass,1,0,1,0,1
EQUINOX II - TOWER B,Spa Indoor,2025-01-20,EQUINOX II - TOWER B,Pass,0,0,0,0,0
EQUINOX II - TOWER B,Spa Indoor,2025-04-11,EQUINOX II - TOWER B,Pass,0,0,0,0,0
EQUINOX II - TOWER B,Spa Indoor,2025-07-14,EQUINOX II - TOWER B,Pass,1,1,0,0,1
EQUINOX II - TOWER B,Spa Indoor,2026-01-13,EQUINOX II - TOWER B,Pass,1,1,0,0,1
EQUINOX II - TOWER B,Spa Indoor,2026-04-08,EQUINOX II - TOWER B,Pass,2,2,0,0,2
EQUINOX II - TOWER B,Spa Indoor,2026-07-28,EQUINOX II - TOWER B,Conditional Pass,3,1,1,1,2
EQUINOX II - TOWER B,Spa Indoor,2026-07-30,EQUINOX II - TOWER B,Closed,6,1,3,2,3
EQUINOX II - TOWER B,Spa Indoor,2026-08-13,EQUINOX II - TOWER B,Pass,0,0,0,0,0
ERINGATE PARK POOL,Outdoor Pool,2025-07-14,ERINGATE PARK,Pass,1,1,0,0,1
ERINGATE PARK POOL,Outdoor Pool,2026-07-22,ERINGATE PARK,Pass,0,0,0,0,0
ERSKINE GREEN,Indoor Pool,2024-09-23,ERSKINE GREEN,Pass,2,2,0,0,2
ERSKINE GREEN,Indoor Pool,2024-12-10,ERSKINE GREEN,Pass,1,1,0,0,1
ERSKINE GREEN,Indoor Pool,2025-02-26,ERSKINE GREEN,Conditional Pass,15,12,2,1,4
ERSKINE GREEN,Indoor Pool,2025-05-20,ERSKINE GREEN,Conditional Pass,5,1,2,2,3
ERSKINE GREEN,Indoor Pool,2025-05-27,ERSKINE GREEN,Closed,9,3,3,3,5
ERSKINE GREEN,Indoor Pool,2025-05-28,ERSKINE GREEN,Pass,0,0,0,0,0
ERSKINE GREEN,Indoor Pool,2025-08-26,ERSKINE GREEN,Pass,2,2,0,0,2
ERSKINE GREEN,Indoor Pool,2025-11-18,ERSKINE GREEN,Pass,2,1,1,0,2
ERSKINE GREEN,Indoor Pool,2026-01-20,ERSKINE GREEN,Pass,2,2,0,0,2
ERSKINE GREEN,Indoor Pool,2026-06-05,ERSKINE GREEN,Conditional Pass,5,3,1,1,4
ERSKINE GREEN,Indoor Pool,2026-06-09,ERSKINE GREEN,Pass,0,0,0,0,0
ERSKINE GREEN SPA,Spa Indoor,2024-09-23,ERSKINE GREEN,Conditional Pass,3,2,0,1,2
ERSKINE GREEN SPA,Spa Indoor,2024-10-04,ERSKINE GREEN,Pass,0,0,0,0,0
ERSKINE GREEN SPA,Spa Indoor,2024-12-10,ERSKINE GREEN,Conditional Pass,3,1,0,2,2
ERSKINE GREEN SPA,Spa Indoor,2025-01-23,ERSKINE GREEN,Pass,0,0,0,0,0
ERSKINE GREEN SPA,Spa Indoor,2025-05-20,ERSKINE GREEN,Conditional Pass,3,1,1,1,1
ERSKINE GREEN SPA,Spa Indoor,2025-05-27,ERSKINE GREEN,Closed,3,0,0,3,3
ERSKINE GREEN SPA,Spa Indoor,2025-05-28,ERSKINE GREEN,Pass,1,1,0,0,1
ERSKINE GREEN SPA,Spa Indoor,2025-08-26,ERSKINE GREEN,Pass,1,0,1,0,1
ERSKINE GREEN SPA,Spa Indoor,2025-11-18,ERSKINE GREEN,Pass,1,0,1,0,1
ERSKINE GREEN SPA,Spa Indoor,2026-02-20,ERSKINE GREEN,Conditional Pass,4,1,1,2,2
ERSKINE GREEN SPA,Spa Indoor,2026-02-24,ERSKINE GREEN,Conditional Pass,4,2,0,2,3
ERSKINE GREEN SPA,Spa Indoor,2026-02-26,ERSKINE GREEN,Pass,0,0,0,0,0
ERSKINE GREEN SPA,Spa Indoor,2026-06-05,ERSKINE GREEN,Pass,3,3,0,0,2
ETOBICOKE HUMBER COMMUNITY POOL,Indoor Pool,2024-09-17,HUMBER COMMUNITY POOL,Pass,1,1,0,0,1
ETOBICOKE HUMBER COMMUNITY POOL,Indoor Pool,2024-12-11,HUMBER COMMUNITY POOL,Pass,0,0,0,0,0
ETOBICOKE HUMBER COMMUNITY POOL,Indoor Pool,2025-03-24,HUMBER COMMUNITY POOL,Pass,0,0,0,0,0
ETOBICOKE HUMBER COMMUNITY POOL,Indoor Pool,2025-06-17,HUMBER COMMUNITY POOL,Pass,3,3,0,0,2
ETOBICOKE HUMBER COMMUNITY POOL,Indoor Pool,2025-11-26,HUMBER COMMUNITY POOL,Pass,0,0,0,0,0
ETOBICOKE HUMBER COMMUNITY POOL,Indoor Pool,2026-01-22,HUMBER COMMUNITY POOL,Pass,0,0,0,0,0
ETOBICOKE HUMBER COMMUNITY POOL,Indoor Pool,2026-04-01,HUMBER COMMUNITY POOL,Pass,0,0,0,0,0
ETOBICOKE HUMBER COMMUNITY POOL,Indoor Pool,2026-07-15,HUMBER COMMUNITY POOL,Pass,2,2,0,0,2
ETOBICOKE HUMBER COMMUNITY SPA,Spa Indoor,2024-09-24,HUMBER COMMUNITY POOL,Pass,0,0,0,0,0
ETOBICOKE HUMBER COMMUNITY SPA,Spa Indoor,2024-12-11,HUMBER COMMUNITY POOL,Pass,0,0,0,0,0
ETOBICOKE HUMBER COMMUNITY SPA,Spa Indoor,2025-03-24,HUMBER COMMUNITY POOL,Pass,0,0,0,0,0
ETOBICOKE HUMBER COMMUNITY SPA,Spa Indoor,2025-06-17,HUMBER COMMUNITY POOL,Closed,2,0,0,2,2
ETOBICOKE HUMBER COMMUNITY SPA,Spa Indoor,2025-06-20,HUMBER COMMUNITY POOL,Pass,0,0,0,0,0
ETOBICOKE HUMBER COMMUNITY SPA,Spa Indoor,2026-01-22,HUMBER COMMUNITY POOL,Pass,0,0,0,0,0
ETOBICOKE HUMBER COMMUNITY SPA,Spa Indoor,2026-04-01,HUMBER COMMUNITY POOL,Pass,2,1,1,0,2
ETOBICOKE HUMBER COMMUNITY SPA,Spa Indoor,2026-07-15,HUMBER COMMUNITY POOL,Closed,4,2,1,1,4
ETOBICOKE HUMBER COMMUNITY SPA,Spa Indoor,2026-08-27,HUMBER COMMUNITY POOL,Pass,1,1,0,0,1
ETOBICOKE OLYMPIUM - OLYMPIC POOL,Indoor Pool,2024-11-22,ETOBICOKE OLYMPIUM,Pass,2,1,1,0,2
ETOBICOKE OLYMPIUM - OLYMPIC POOL,Indoor Pool,2025-03-06,ETOBICOKE OLYMPIUM,Pass,1,1,0,0,1
ETOBICOKE OLYMPIUM - OLYMPIC POOL,Indoor Pool,2025-05-07,ETOBICOKE OLYMPIUM,Pass,0,0,0,0,0
ETOBICOKE OLYMPIUM - OLYMPIC POOL,Indoor Pool,2025-09-25,ETOBICOKE OLYMPIUM,Pass,1,1,0,0,1
ETOBICOKE OLYMPIUM - OLYMPIC POOL,Indoor Pool,2025-10-24,ETOBICOKE OLYMPIUM,Pass,0,0,0,0,0
ETOBICOKE OLYMPIUM - OLYMPIC POOL,Indoor Pool,2026-02-12,ETOBICOKE OLYMPIUM,Closed,5,2,1,2,4
ETOBICOKE OLYMPIUM - OLYMPIC POOL,Indoor Pool,2026-02-13,ETOBICOKE OLYMPIUM,Pass,0,0,0,0,0
ETOBICOKE OLYMPIUM - OLYMPIC POOL,Indoor Pool,2026-06-12,ETOBICOKE OLYMPIUM,Pass,0,0,0,0,0
ETOBICOKE OLYMPIUM - PATIO POOL,Indoor Pool,2024-09-17,ETOBICOKE OLYMPIUM,Pass,0,0,0,0,0
ETOBICOKE OLYMPIUM - PATIO POOL,Indoor Pool,2024-11-21,ETOBICOKE OLYMPIUM,Conditional Pass,3,1,2,0,3
ETOBICOKE OLYMPIUM - PATIO POOL,Indoor Pool,2024-11-22,ETOBICOKE OLYMPIUM,Pass,0,0,0,0,0
ETOBICOKE OLYMPIUM - PATIO POOL,Indoor Pool,2025-03-06,ETOBICOKE OLYMPIUM,Pass,0,0,0,0,0
ETOBICOKE OLYMPIUM - PATIO POOL,Indoor Pool,2025-05-07,ETOBICOKE OLYMPIUM,Pass,0,0,0,0,0
ETOBICOKE OLYMPIUM - PATIO POOL,Indoor Pool,2025-09-25,ETOBICOKE OLYMPIUM,Pass,0,0,0,0,0
ETOBICOKE OLYMPIUM - PATIO POOL,Indoor Pool,2025-10-24,ETOBICOKE OLYMPIUM,Pass,0,0,0,0,0
ETOBICOKE OLYMPIUM - PATIO POOL,Indoor Pool,2026-02-12,ETOBICOKE OLYMPIUM,Pass,1,1,0,0,1
ETOBICOKE OLYMPIUM - PATIO POOL,Indoor Pool,2026-06-12,ETOBICOKE OLYMPIUM,Pass,0,0,0,0,0
EXTERIOR POOL (4TH FLOOR),Outdoor Pool,2024-08-20,1 YORKVILLE - COLD PLUNGE POOL,Pass,0,0,0,0,0
EXTERIOR POOL (4TH FLOOR),Outdoor Pool,2025-06-23,1 YORKVILLE - COLD PLUNGE POOL,Closed,5,1,1,3,4
EXTERIOR POOL (4TH FLOOR),Outdoor Pool,2025-07-11,1 YORKVILLE - COLD PLUNGE POOL,Pass,0,0,0,0,0
EXTERIOR POOL (4TH FLOOR),Outdoor Pool,2025-09-24,1 YORKVILLE - COLD PLUNGE POOL,Pass,1,1,0,0,1
EXTERIOR POOL (4TH FLOOR),Outdoor Pool,2026-06-22,1 YORKVILLE - COLD PLUNGE POOL,Pass,2,2,0,0,2
FAIRBANK OUTDOOR POOL - BABY POOL,Outdoor Pool,2025-07-07,FAIRBANK OUTDOOR POOL - BABY POOL,Conditional Pass,3,2,0,1,3
FAIRBANK OUTDOOR POOL - BABY POOL,Outdoor Pool,2025-07-14,FAIRBANK OUTDOOR POOL - BABY POOL,Pass,0,0,0,0,0
FAIRBANK OUTDOOR POOL - BABY POOL,Outdoor Pool,2026-08-31,FAIRBANK OUTDOOR POOL - BABY POOL,Pass,2,1,1,0,2
FAIRBANK POOL (OUTDOOR POOL),Outdoor Pool,2025-07-07,FAIRBANK OUTDOOR POOL - BABY POOL,Conditional Pass,3,2,1,0,3
FAIRBANK POOL (OUTDOOR POOL),Outdoor Pool,2025-07-14,FAIRBANK OUTDOOR POOL - BABY POOL,Pass,0,0,0,0,0
FAIRBANK POOL (OUTDOOR POOL),Outdoor Pool,2026-08-31,FAIRBANK OUTDOOR POOL - BABY POOL,Pass,2,1,1,0,2
FAIRHAVEN PARK - OUTDOOR POOL,Outdoor Pool,2024-07-09,FAIRHAVEN PARK,Conditional Pass,4,0,1,3,2
FAIRHAVEN PARK - OUTDOOR POOL,Outdoor Pool,2024-07-29,FAIRHAVEN PARK,Pass,0,0,0,0,0
FAIRHAVEN PARK - OUTDOOR POOL,Outdoor Pool,2025-07-10,FAIRHAVEN PARK,Pass,0,0,0,0,0
FAIRHAVEN PARK - OUTDOOR POOL,Outdoor Pool,2026-08-06,FAIRHAVEN PARK,Pass,3,3,0,0,3
FAIRMOUNT PLACE,Outdoor Pool,2024-08-13,FAIRMOUNT PLACE,Conditional Pass,2,0,0,2,2
FAIRMOUNT PLACE,Outdoor Pool,2025-07-15,FAIRMOUNT PLACE,Conditional Pass,4,0,1,3,3
FAIRMOUNT PLACE,Outdoor Pool,2025-08-14,FAIRMOUNT PLACE,Pass,1,1,0,0,1
FAIRMOUNT PLACE,Outdoor Pool,2026-06-30,FAIRMOUNT PLACE,Conditional Pass,3,1,1,1,2
FAIRMOUNT PLACE,Outdoor Pool,2026-08-25,FAIRMOUNT PLACE,Pass,1,0,1,0,1
FAIRVALE PARK,Outdoor Pool,2025-07-16,FAIRVALE PARK,Pass,1,1,0,0,1
FAIRVALE PARK,Outdoor Pool,2026-07-20,FAIRVALE PARK,Conditional Pass,4,2,0,2,3
FAIRVALE PARK,Outdoor Pool,2026-08-25,FAIRVALE PARK,Pass,1,1,0,0,1
FAIRWAY PLACE APTS  POOL,Outdoor Pool,2024-08-20,FAIRWAY PLACE APTS,Pass,0,0,0,0,0
FAIRWAY PLACE APTS  POOL,Outdoor Pool,2025-08-20,FAIRWAY PLACE APTS,Conditional Pass,4,1,2,1,3
FAIRWAY PLACE APTS  POOL,Outdoor Pool,2026-08-10,FAIRWAY PLACE APTS,Conditional Pass,6,3,1,2,3
FAIRWAY PLACE APTS  POOL,Outdoor Pool,2026-09-01,FAIRWAY PLACE APTS,Pass,3,3,0,0,2
FASHION HOUSE,Outdoor Pool,2024-09-04,FASHION HOUSE,Pass,0,0,0,0,0
FASHION HOUSE,Outdoor Pool,2025-08-22,FASHION HOUSE,Pass,0,0,0,0,0
FERN AVENUE PUBLIC SCHOOL,Indoor Pool,2024-09-24,FERN AVENUE PUBLIC SCHOOL,Pass,0,0,0,0,0
FERN AVENUE PUBLIC SCHOOL,Indoor Pool,2024-12-05,FERN AVENUE PUBLIC SCHOOL,Pass,0,0,0,0,0
FERN AVENUE PUBLIC SCHOOL,Indoor Pool,2025-01-23,FERN AVENUE PUBLIC SCHOOL,Pass,1,1,0,0,1
FERN AVENUE PUBLIC SCHOOL,Indoor Pool,2025-06-23,FERN AVENUE PUBLIC SCHOOL,Pass,1,1,0,0,1
FERN AVENUE PUBLIC SCHOOL,Indoor Pool,2025-09-29,FERN AVENUE PUBLIC SCHOOL,Conditional Pass,4,1,1,2,2
FERN AVENUE PUBLIC SCHOOL,Indoor Pool,2025-11-26,FERN AVENUE PUBLIC SCHOOL,Conditional Pass,5,3,1,1,3
FERN AVENUE PUBLIC SCHOOL,Indoor Pool,2026-03-31,FERN AVENUE PUBLIC SCHOOL,Pass,3,2,1,0,2
FERN AVENUE PUBLIC SCHOOL,Indoor Pool,2026-05-28,FERN AVENUE PUBLIC SCHOOL,Pass,2,2,0,0,1
FERN AVENUE PUBLIC SCHOOL,Indoor Pool,2026-07-07,FERN AVENUE PUBLIC SCHOOL,Pass,3,3,0,0,2
FESTIVAL TOWER,Indoor Pool,2024-07-26,80 JOHN ST,Pass,0,0,0,0,0
FESTIVAL TOWER,Indoor Pool,2024-10-25,80 JOHN ST,Pass,0,0,0,0,0
FESTIVAL TOWER,Indoor Pool,2025-01-20,80 JOHN ST,Pass,1,0,1,0,1
FESTIVAL TOWER,Indoor Pool,2025-04-03,80 JOHN ST,Pass,0,0,0,0,0
FESTIVAL TOWER,Indoor Pool,2025-09-04,80 JOHN ST,Pass,0,0,0,0,0
FESTIVAL TOWER,Indoor Pool,2026-02-12,80 JOHN ST,Pass,1,1,0,0,1
FESTIVAL TOWER,Indoor Pool,2026-04-27,80 JOHN ST,Pass,1,1,0,0,1
FESTIVAL TOWER,Indoor Pool,2026-07-21,80 JOHN ST,Pass,2,1,1,0,1
FESTIVAL TOWER,Spa Indoor,2025-01-20,80 JOHN ST,Pass,0,0,0,0,0
FESTIVAL TOWER,Spa Indoor,2025-04-08,80 JOHN ST,Pass,0,0,0,0,0
FESTIVAL TOWER,Spa Indoor,2026-02-12,80 JOHN ST,Conditional Pass,3,1,1,1,1
FESTIVAL TOWER,Spa Indoor,2026-02-13,80 JOHN ST,Pass,0,0,0,0,0
FESTIVAL TOWER,Spa Indoor,2026-04-27,80 JOHN ST,Pass,0,0,0,0,0
FESTIVAL TOWER,Spa Indoor,2026-07-21,80 JOHN ST,Pass,0,0,0,0,0
FLAGSTAFF OUTDOOR POOL,Outdoor Pool,2024-07-18,FLAGSTAFF PARK,Pass,3,3,0,0,2
FLAGSTAFF OUTDOOR POOL,Outdoor Pool,2025-07-08,FLAGSTAFF PARK,Pass,1,1,0,0,1
FLAGSTAFF OUTDOOR POOL,Outdoor Pool,2026-07-28,FLAGSTAFF PARK,Pass,4,3,1,0,3
FLOWERTOWN PLACE POOL,Outdoor Pool,2024-08-27,FLOWERTOWN PLACE POOL,Pass,3,3,0,0,3
FLOWERTOWN PLACE POOL,Outdoor Pool,2025-08-26,FLOWERTOWN PLACE POOL,Conditional Pass,2,0,2,0,2
FLOWERTOWN PLACE POOL,Outdoor Pool,2025-08-29,FLOWERTOWN PLACE POOL,Pass,0,0,0,0,0
FLOWERTOWN PLACE POOL,Outdoor Pool,2026-08-10,FLOWERTOWN PLACE POOL,Pass,2,1,1,0,2
FOLKSTONE APARTMENT,Outdoor Pool,2024-08-14,FOLKSTONE APARTMENT,Pass,0,0,0,0,0
FOLKSTONE APARTMENT,Outdoor Pool,2025-07-02,FOLKSTONE APARTMENT,Conditional Pass,4,2,0,2,3
FOLKSTONE APARTMENT,Outdoor Pool,2025-07-04,FOLKSTONE APARTMENT,Pass,1,1,0,0,1
FOLKSTONE APARTMENT,Outdoor Pool,2025-08-08,FOLKSTONE APARTMENT,Pass,2,2,0,0,2
FOLKSTONE APARTMENT,Outdoor Pool,2026-07-06,FOLKSTONE APARTMENT,Pass,2,2,0,0,1
FOREST HILL PRIVATE RESIDENCES,Indoor Pool,2026-08-06,FOREST HILL PRIVATE RESIDENCES,Pass,1,1,0,0,1
FOREST HILL SPA INDOOR,Spa Indoor,2024-09-05,500 ST CLAIR AVE W,Conditional Pass,1,0,1,0,1
FOREST HILL SPA INDOOR,Spa Indoor,2024-09-11,500 ST CLAIR AVE W,Pass,0,0,0,0,0
FOREST HILL SPA INDOOR,Spa Indoor,2025-01-17,500 ST CLAIR AVE W,Pass,1,1,0,0,1
FOREST HILL SPA INDOOR,Spa Indoor,2025-05-15,500 ST CLAIR AVE W,Pass,0,0,0,0,0
FOREST HILL SPA INDOOR,Spa Indoor,2025-10-14,500 ST CLAIR AVE W,Conditional Pass,3,1,0,2,3
FOREST HILL SPA INDOOR,Spa Indoor,2025-10-29,500 ST CLAIR AVE W,Pass,0,0,0,0,0
FOREST HILL SPA INDOOR,Spa Indoor,2026-04-01,500 ST CLAIR AVE W,Pass,3,0,3,0,1
FOREST MANOR RECREATION CENTRE,Indoor Pool,2024-09-16,FOREST MANOR RECREATION CENTRE,Conditional Pass,6,2,3,1,3
FOREST MANOR RECREATION CENTRE,Indoor Pool,2024-10-21,FOREST MANOR RECREATION CENTRE,Pass,0,0,0,0,0
FOREST MANOR RECREATION CENTRE,Indoor Pool,2025-01-08,FOREST MANOR RECREATION CENTRE,Closed,8,2,2,4,5
FOREST MANOR RECREATION CENTRE,Indoor Pool,2025-01-13,FOREST MANOR RECREATION CENTRE,Pass,0,0,0,0,0
FOREST MANOR RECREATION CENTRE,Indoor Pool,2025-05-21,FOREST MANOR RECREATION CENTRE,Conditional Pass,7,2,3,2,6
FOREST MANOR RECREATION CENTRE,Indoor Pool,2025-06-24,FOREST MANOR RECREATION CENTRE,Pass,2,2,0,0,2
FOREST MANOR RECREATION CENTRE,Indoor Pool,2025-09-29,FOREST MANOR RECREATION CENTRE,Closed,10,3,3,4,7
FOREST MANOR RECREATION CENTRE,Indoor Pool,2025-10-08,FOREST MANOR RECREATION CENTRE,Pass,1,1,0,0,1
FOREST MANOR RECREATION CENTRE,Indoor Pool,2025-12-19,FOREST MANOR RECREATION CENTRE,Pass,2,2,0,0,2
FOREST MANOR RECREATION CENTRE,Indoor Pool,2026-03-26,FOREST MANOR RECREATION CENTRE,Conditional Pass,6,2,3,1,3
FOREST MANOR RECREATION CENTRE,Indoor Pool,2026-04-10,FOREST MANOR RECREATION CENTRE,Pass,1,1,0,0,1
FOREST MANOR RECREATION CENTRE,Indoor Pool,2026-07-17,FOREST MANOR RECREATION CENTRE,Pass,0,0,0,0,0
FOREST MANSION SHARED FACILITIES,Indoor Pool,2024-09-10,FOREST MANSION SHARED FACILITIES,Pass,0,0,0,0,0
FOREST MANSION SHARED FACILITIES,Indoor Pool,2024-12-03,FOREST MANSION SHARED FACILITIES,Conditional Pass,3,1,1,1,3
FOREST MANSION SHARED FACILITIES,Indoor Pool,2024-12-13,FOREST MANSION SHARED FACILITIES,Pass,0,0,0,0,0
FOREST MANSION SHARED FACILITIES,Indoor Pool,2025-02-19,FOREST MANSION SHARED FACILITIES,Pass,1,1,0,0,1
FOREST MANSION SHARED FACILITIES,Indoor Pool,2025-09-24,FOREST MANSION SHARED FACILITIES,Pass,0,0,0,0,0
FOREST MANSION SHARED FACILITIES,Indoor Pool,2025-11-17,FOREST MANSION SHARED FACILITIES,Pass,0,0,0,0,0
FOREST MANSION SHARED FACILITIES,Indoor Pool,2026-01-20,FOREST MANSION SHARED FACILITIES,Pass,2,2,0,0,2
FOREST MANSION SHARED FACILITIES,Indoor Pool,2026-04-14,FOREST MANSION SHARED FACILITIES,Conditional Pass,1,0,1,0,1
FOREST MANSION SHARED FACILITIES,Indoor Pool,2026-05-13,FOREST MANSION SHARED FACILITIES,Pass,1,1,0,0,1
FOREST MANSION SHARED FACILITIES,Indoor Pool,2026-08-26,FOREST MANSION SHARED FACILITIES,Pass,2,2,0,0,2
FOREST MANSION SHARED FACILITIES,Spa Indoor,2024-09-10,FOREST MANSION SHARED FACILITIES,Conditional Pass,1,0,0,1,1
FOREST MANSION SHARED FACILITIES,Spa Indoor,2024-09-12,FOREST MANSION SHARED FACILITIES,Pass,0,0,0,0,0
FOREST MANSION SHARED FACILITIES,Spa Indoor,2025-09-24,FOREST MANSION SHARED FACILITIES,Conditional Pass,3,0,2,1,2
FOREST MANSION SHARED FACILITIES,Spa Indoor,2025-10-06,FOREST MANSION SHARED FACILITIES,Pass,0,0,0,0,0
FOREST MANSION SHARED FACILITIES,Spa Indoor,2026-01-20,FOREST MANSION SHARED FACILITIES,Pass,1,1,0,0,1
FOREST MANSION SHARED FACILITIES,Spa Indoor,2026-04-14,FOREST MANSION SHARED FACILITIES,Conditional Pass,1,0,1,0,1
FOREST VISTA,Indoor Pool,2024-09-06,FOREST VISTA,Pass,0,0,0,0,0
FOREST VISTA,Indoor Pool,2024-11-14,FOREST VISTA,Pass,1,1,0,0,1
FOREST VISTA,Indoor Pool,2025-02-13,FOREST VISTA,Pass,0,0,0,0,0
FOREST VISTA,Indoor Pool,2025-06-05,FOREST VISTA,Pass,0,0,0,0,0
FOREST VISTA,Indoor Pool,2025-09-24,FOREST VISTA,Pass,2,2,0,0,1
FOREST VISTA,Indoor Pool,2025-12-16,FOREST VISTA,Pass,0,0,0,0,0
FOREST VISTA,Indoor Pool,2026-02-18,FOREST VISTA,Pass,1,1,0,0,1
FOREST VISTA,Indoor Pool,2026-05-06,FOREST VISTA,Pass,0,0,0,0,0
FOREST VISTA,Indoor Pool,2026-08-12,FOREST VISTA,Pass,0,0,0,0,0
FOREST VISTA,Spa Indoor,2024-09-06,FOREST VISTA,Pass,1,1,0,0,1
FOREST VISTA,Spa Indoor,2024-11-14,FOREST VISTA,Pass,0,0,0,0,0
FOREST VISTA,Spa Indoor,2025-09-24,FOREST VISTA,Pass,0,0,0,0,0
FOREST VISTA,Spa Indoor,2025-12-16,FOREST VISTA,Pass,1,1,0,0,1
FOREST VISTA,Spa Indoor,2026-02-18,FOREST VISTA,Pass,1,1,0,0,1
FOREST HILL COLLEGIATE INSTITUTE,Indoor Pool,2024-09-06,FOREST HILL COLLEGIATE INSTITUTE,Pass,4,3,1,0,3
FOREST HILL COLLEGIATE INSTITUTE,Indoor Pool,2024-12-20,FOREST HILL COLLEGIATE INSTITUTE,Pass,2,2,0,0,1
FOREST HILL COLLEGIATE INSTITUTE,Indoor Pool,2025-03-19,FOREST HILL COLLEGIATE INSTITUTE,Pass,1,1,0,0,1
FOREST HILL COLLEGIATE INSTITUTE,Indoor Pool,2025-05-29,FOREST HILL COLLEGIATE INSTITUTE,Pass,3,3,0,0,3
FOREST HILL COLLEGIATE INSTITUTE,Indoor Pool,2025-10-02,FOREST HILL COLLEGIATE INSTITUTE,Pass,0,0,0,0,0
FOREST HILL COLLEGIATE INSTITUTE,Indoor Pool,2026-01-09,FOREST HILL COLLEGIATE INSTITUTE,Pass,0,0,0,0,0
FOREST HILL COLLEGIATE INSTITUTE,Indoor Pool,2026-04-13,FOREST HILL COLLEGIATE INSTITUTE,Pass,2,2,0,0,2
FORTUNE AT FORT YORK CONDOMINIUM,Indoor Pool,2024-11-27,FORTUNE AT FORT YORK CONDOMINIUM,Pass,0,0,0,0,0
FORTUNE AT FORT YORK CONDOMINIUM,Indoor Pool,2025-02-20,FORTUNE AT FORT YORK CONDOMINIUM,Conditional Pass,1,0,0,1,1
FORTUNE AT FORT YORK CONDOMINIUM,Indoor Pool,2025-02-21,FORTUNE AT FORT YORK CONDOMINIUM,Pass,0,0,0,0,0
FORTUNE AT FORT YORK CONDOMINIUM,Indoor Pool,2025-05-28,FORTUNE AT FORT YORK CONDOMINIUM,Pass,0,0,0,0,0
FORTUNE AT FORT YORK CONDOMINIUM,Indoor Pool,2026-03-23,FORTUNE AT FORT YORK CONDOMINIUM,Closed,1,0,0,1,1
FORTUNE AT FORT YORK CONDOMINIUM,Spa Indoor,2024-08-23,FORTUNE AT FORT YORK CONDOMINIUM,Pass,0,0,0,0,0
FORTUNE AT FORT YORK CONDOMINIUM,Spa Indoor,2024-11-27,FORTUNE AT FORT YORK CONDOMINIUM,Pass,1,1,0,0,1
FORTUNE AT FORT YORK CONDOMINIUM,Spa Indoor,2025-02-20,FORTUNE AT FORT YORK CONDOMINIUM,Pass,0,0,0,0,0
FORTUNE AT FORT YORK CONDOMINIUM,Spa Indoor,2025-09-26,FORTUNE AT FORT YORK CONDOMINIUM,Pass,0,0,0,0,0
FORTUNE AT FORT YORK CONDOMINIUM,Spa Indoor,2025-11-19,FORTUNE AT FORT YORK CONDOMINIUM,Conditional Pass,1,0,1,0,1
FORTUNE AT FORT YORK CONDOMINIUM,Spa Indoor,2026-03-23,FORTUNE AT FORT YORK CONDOMINIUM,Closed,2,0,0,2,2
FORTUNE AT FORT YORK CONDOMINIUM,Spa Indoor,2026-04-02,FORTUNE AT FORT YORK CONDOMINIUM,Pass,0,0,0,0,0
FORTY-FIVE SUNRISE LTD,Outdoor Pool,2026-07-16,FORTY-FIVE SUNRISE LTD,Conditional Pass,5,3,1,1,2
FORTY-FIVE SUNRISE LTD,Outdoor Pool,2026-08-14,FORTY-FIVE SUNRISE LTD,Pass,0,0,0,0,0
FOUNTAIN OF EDENBRIDGE,Indoor Pool,2024-09-27,FOUNTAIN OF EDENBRIDGE,Pass,1,1,0,0,1
FOUNTAIN OF EDENBRIDGE,Indoor Pool,2024-12-18,FOUNTAIN OF EDENBRIDGE,Conditional Pass,2,1,1,0,2
FOUNTAIN OF EDENBRIDGE,Spa Indoor,2024-09-27,FOUNTAIN OF EDENBRIDGE,Pass,1,1,0,0,1
FOUNTAIN OF EDENBRIDGE,Spa Indoor,2024-12-18,FOUNTAIN OF EDENBRIDGE,Conditional Pass,1,0,1,0,1
FOUNTAIN OF EDENBRIDGE,Spa Indoor,2024-12-20,FOUNTAIN OF EDENBRIDGE,Pass,0,0,0,0,0
FOUNTAIN OF EDENBRIDGE,Spa Indoor,2025-02-21,FOUNTAIN OF EDENBRIDGE,Pass,0,0,0,0,0
FOUNTAIN OF EDENBRIDGE,Spa Indoor,2025-04-24,FOUNTAIN OF EDENBRIDGE,Pass,0,0,0,0,0
FOUNTAIN OF EDENBRIDGE,Spa Indoor,2025-09-08,FOUNTAIN OF EDENBRIDGE,Pass,0,0,0,0,0
FOUNTAIN OF EDENBRIDGE,Spa Indoor,2025-12-04,FOUNTAIN OF EDENBRIDGE,Pass,0,0,0,0,0
FOUNTAIN OF EDENBRIDGE,Spa Indoor,2026-03-09,FOUNTAIN OF EDENBRIDGE,Pass,0,0,0,0,0
FOUNTAIN OF EDENBRIDGE,Spa Indoor,2026-05-26,FOUNTAIN OF EDENBRIDGE,Pass,0,0,0,0,0
FOUNTAIN OF EDENBRIDGE,Spa Indoor,2026-09-23,FOUNTAIN OF EDENBRIDGE,Pass,0,0,0,0,0
FOUR SEASONS HOTEL,Indoor Pool,2024-08-21,FOUR SEASONS HOTEL,Pass,0,0,0,0,0
FOUR SEASONS HOTEL,Indoor Pool,2024-11-20,FOUR SEASONS HOTEL,Pass,1,0,1,0,1
FOUR SEASONS HOTEL,Spa Indoor,2024-08-21,FOUR SEASONS HOTEL,Pass,1,1,0,0,1
FOUR SEASONS HOTEL,Spa Indoor,2024-11-20,FOUR SEASONS HOTEL,Pass,2,1,1,0,2
FOUR SEASONS HOTEL,Spa Indoor,2025-02-13,FOUR SEASONS HOTEL,Pass,0,0,0,0,0
FOUR SEASONS HOTEL,Spa Indoor,2025-05-21,FOUR SEASONS HOTEL,Pass,0,0,0,0,0
FOUR SEASONS HOTEL,Spa Indoor,2025-08-22,FOUR SEASONS HOTEL,Pass,0,0,0,0,0
FOUR SEASONS HOTEL,Spa Indoor,2025-11-24,FOUR SEASONS HOTEL,Pass,0,0,0,0,0
FOUR SEASONS HOTEL,Spa Indoor,2026-02-24,FOUR SEASONS HOTEL,Pass,0,0,0,0,0
FOUR SEASONS HOTEL,Spa Indoor,2026-06-02,FOUR SEASONS HOTEL,Pass,0,0,0,0,0
FRANK'S SWIM SCHOOL LTD.,Indoor Pool,2024-08-09,FRANK'S SWIM SCHOOL LTD.,Pass,0,0,0,0,0
FRANK'S SWIM SCHOOL LTD.,Indoor Pool,2024-10-21,FRANK'S SWIM SCHOOL LTD.,Pass,0,0,0,0,0
FRANK'S SWIM SCHOOL LTD.,Indoor Pool,2025-01-28,FRANK'S SWIM SCHOOL LTD.,Pass,1,1,0,0,1
FRANK'S SWIM SCHOOL LTD.,Indoor Pool,2025-05-28,FRANK'S SWIM SCHOOL LTD.,Pass,0,0,0,0,0
FRANK'S SWIM SCHOOL LTD.,Indoor Pool,2025-09-26,FRANK'S SWIM SCHOOL LTD.,Pass,0,0,0,0,0
FRANK'S SWIM SCHOOL LTD.,Indoor Pool,2025-12-04,FRANK'S SWIM SCHOOL LTD.,Pass,0,0,0,0,0
FRANK'S SWIM SCHOOL LTD.,Indoor Pool,2026-03-12,FRANK'S SWIM SCHOOL LTD.,Pass,0,0,0,0,0
FRANK'S SWIM SCHOOL LTD.,Indoor Pool,2026-06-29,FRANK'S SWIM SCHOOL LTD.,Pass,0,0,0,0,0
FRANKLAND COMMUNITY SCHOOL & COMMUNITY CENTRE,Indoor Pool,2025-01-07,FRANKLAND COMMUNITIY SCHOOL & COMMUNITY CENTRE,Conditional Pass,2,1,0,1,2
FRANKLAND COMMUNITY SCHOOL & COMMUNITY CENTRE,Indoor Pool,2025-01-08,FRANKLAND COMMUNITIY SCHOOL & COMMUNITY CENTRE,Conditional Pass,2,1,0,1,2
FRANKLAND COMMUNITY SCHOOL & COMMUNITY CENTRE,Indoor Pool,2025-01-09,FRANKLAND COMMUNITIY SCHOOL & COMMUNITY CENTRE,Conditional Pass,2,0,1,1,1
FRANKLAND COMMUNITY SCHOOL & COMMUNITY CENTRE,Indoor Pool,2025-01-14,FRANKLAND COMMUNITIY SCHOOL & COMMUNITY CENTRE,Conditional Pass,2,1,1,0,2
FRANKLAND COMMUNITY SCHOOL & COMMUNITY CENTRE,Indoor Pool,2025-01-17,FRANKLAND COMMUNITIY SCHOOL & COMMUNITY CENTRE,Conditional Pass,2,1,1,0,2
FRANKLAND COMMUNITY SCHOOL & COMMUNITY CENTRE,Indoor Pool,2025-01-31,FRANKLAND COMMUNITIY SCHOOL & COMMUNITY CENTRE,Pass,1,1,0,0,1
FRANKLAND COMMUNITY SCHOOL & COMMUNITY CENTRE,Indoor Pool,2025-05-20,FRANKLAND COMMUNITIY SCHOOL & COMMUNITY CENTRE,Pass,3,3,0,0,2
FRANKLAND COMMUNITY SCHOOL & COMMUNITY CENTRE,Indoor Pool,2025-09-11,FRANKLAND COMMUNITIY SCHOOL & COMMUNITY CENTRE,Pass,1,1,0,0,1
FRANKLAND COMMUNITY SCHOOL & COMMUNITY CENTRE,Indoor Pool,2025-12-03,FRANKLAND COMMUNITIY SCHOOL & COMMUNITY CENTRE,Pass,3,3,0,0,3
FRANKLAND COMMUNITY SCHOOL & COMMUNITY CENTRE,Indoor Pool,2026-03-03,FRANKLAND COMMUNITIY SCHOOL & COMMUNITY CENTRE,Pass,3,3,0,0,3
FRANKLAND COMMUNITY SCHOOL & COMMUNITY CENTRE,Indoor Pool,2026-06-04,FRANKLAND COMMUNITIY SCHOOL & COMMUNITY CENTRE,Pass,2,2,0,0,2
FRANKLAND COMMUNITY SCHOOL & COMMUNITY CENTRE,Indoor Pool,2026-09-17,FRANKLAND COMMUNITIY SCHOOL & COMMUNITY CENTRE,Conditional Pass,1,0,1,0,1
FRANKLAND COMMUNITY SCHOOL & COMMUNITY CENTRE,Indoor Pool,2026-09-25,FRANKLAND COMMUNITIY SCHOOL & COMMUNITY CENTRE,Pass,0,0,0,0,0
GALLERIA BLOCK 2,Outdoor Pool,2026-07-31,GALLERIA BLOCK 2,Pass,0,0,0,0,0
GALLERIA INDOOR POOL,Indoor Pool,2024-09-25,GALLERIA,Pass,0,0,0,0,0
GALLERIA INDOOR POOL,Indoor Pool,2024-12-20,GALLERIA,Pass,0,0,0,0,0
GALLERIA INDOOR POOL,Indoor Pool,2025-03-24,GALLERIA,Pass,3,2,1,0,3
GALLERIA INDOOR POOL,Indoor Pool,2025-05-28,GALLERIA,Pass,3,3,0,0,2
GALLERIA INDOOR POOL,Indoor Pool,2025-09-30,GALLERIA,Pass,0,0,0,0,0
GALLERIA INDOOR POOL,Indoor Pool,2025-12-19,GALLERIA,Pass,0,0,0,0,0
GALLERIA INDOOR POOL,Indoor Pool,2026-03-20,GALLERIA,Pass,1,1,0,0,1
GALLERIA INDOOR POOL,Indoor Pool,2026-06-23,GALLERIA,Pass,3,3,0,0,2
GALLERIA INDOOR SPA,Spa Indoor,2024-09-25,GALLERIA,Pass,1,0,1,0,1
GALLERIA INDOOR SPA,Spa Indoor,2024-12-20,GALLERIA,Pass,1,0,1,0,1
GALLERIA INDOOR SPA,Spa Indoor,2025-03-24,GALLERIA,Pass,1,1,0,0,1
GALLERIA INDOOR SPA,Spa Indoor,2025-05-28,GALLERIA,Pass,3,3,0,0,2
GALLERIA INDOOR SPA,Spa Indoor,2025-09-30,GALLERIA,Pass,2,2,0,0,2
GALLERIA INDOOR SPA,Spa Indoor,2025-12-19,GALLERIA,Conditional Pass,3,1,1,1,1
GALLERIA INDOOR SPA,Spa Indoor,2025-12-23,GALLERIA,Pass,0,0,0,0,0
GALLERIA INDOOR SPA,Spa Indoor,2026-03-20,GALLERIA,Pass,1,1,0,0,1
GALLERIA INDOOR SPA,Spa Indoor,2026-06-23,GALLERIA,Conditional Pass,4,3,0,1,3
GALLERIA INDOOR SPA,Spa Indoor,2026-08-21,GALLERIA,Pass,0,0,0,0,0
GARDEN VIEW TERRACE POOL,Outdoor Pool,2024-07-23,GARDEN VIEW TERRACE,Closed,3,1,1,1,3
GARDEN VIEW TERRACE POOL,Outdoor Pool,2024-07-26,GARDEN VIEW TERRACE,Pass,2,2,0,0,1
GARDEN VIEW TERRACE POOL,Outdoor Pool,2025-07-31,GARDEN VIEW TERRACE,Conditional Pass,3,2,0,1,3
GARDEN VIEW TERRACE POOL,Outdoor Pool,2025-08-15,GARDEN VIEW TERRACE,Pass,1,1,0,0,1
GARDEN VIEW TERRACE POOL,Outdoor Pool,2026-08-04,GARDEN VIEW TERRACE,Closed,12,2,2,8,6
GARDEN VIEW TERRACE POOL,Outdoor Pool,2026-08-06,GARDEN VIEW TERRACE,Pass,3,2,1,0,3
GATES OF BAYVIEW - INDOOR POOL,Indoor Pool,2024-09-26,GATES OF BAYVIEW,Pass,0,0,0,0,0
GATES OF BAYVIEW - INDOOR POOL,Indoor Pool,2024-12-12,GATES OF BAYVIEW,Pass,0,0,0,0,0
GATES OF BAYVIEW - INDOOR POOL,Indoor Pool,2025-03-13,GATES OF BAYVIEW,Pass,0,0,0,0,0
GATES OF BAYVIEW - INDOOR POOL,Indoor Pool,2025-06-09,GATES OF BAYVIEW,Pass,0,0,0,0,0
GATES OF BAYVIEW - INDOOR POOL,Indoor Pool,2025-09-09,GATES OF BAYVIEW,Pass,1,1,0,0,1
GATES OF BAYVIEW - INDOOR POOL,Indoor Pool,2025-12-18,GATES OF BAYVIEW,Pass,2,2,0,0,2
GATES OF BAYVIEW - INDOOR POOL,Indoor Pool,2026-07-31,GATES OF BAYVIEW,Pass,5,5,0,0,3
GATES OF BAYVIEW WHIRLPOOL,Spa Indoor,2024-09-26,GATES OF BAYVIEW,Pass,0,0,0,0,0
GATES OF BAYVIEW WHIRLPOOL,Spa Indoor,2024-12-12,GATES OF BAYVIEW,Pass,0,0,0,0,0
GATES OF BAYVIEW WHIRLPOOL,Spa Indoor,2025-06-09,GATES OF BAYVIEW,Pass,0,0,0,0,0
GATES OF BAYVIEW WHIRLPOOL,Spa Indoor,2025-09-09,GATES OF BAYVIEW,Pass,1,1,0,0,1
GATES OF BAYVIEW WHIRLPOOL,Spa Indoor,2025-12-18,GATES OF BAYVIEW,Pass,2,2,0,0,2
GATES OF BAYVIEW WHIRLPOOL,Spa Indoor,2026-08-19,GATES OF BAYVIEW,Pass,2,2,0,0,2
GATES OF GUILDWOOD,Indoor Pool,2024-08-23,GATES OF GUILDWOOD,Conditional Pass,5,2,2,1,3
GATES OF GUILDWOOD,Indoor Pool,2024-09-03,GATES OF GUILDWOOD,Pass,0,0,0,0,0
GATES OF GUILDWOOD,Indoor Pool,2024-11-07,GATES OF GUILDWOOD,Pass,0,0,0,0,0
GATES OF GUILDWOOD,Indoor Pool,2025-02-10,GATES OF GUILDWOOD,Pass,2,2,0,0,2
GATES OF GUILDWOOD,Indoor Pool,2025-05-16,GATES OF GUILDWOOD,Pass,3,2,1,0,2
GATES OF GUILDWOOD,Indoor Pool,2025-09-12,GATES OF GUILDWOOD,Pass,2,2,0,0,2
GATES OF GUILDWOOD,Indoor Pool,2025-12-03,GATES OF GUILDWOOD,Pass,0,0,0,0,0
GATES OF GUILDWOOD,Indoor Pool,2026-03-24,GATES OF GUILDWOOD,Pass,1,1,0,0,1
GATES OF GUILDWOOD,Indoor Pool,2026-06-11,GATES OF GUILDWOOD,Pass,2,1,1,0,2
GATES OF GUILDWOOD,Indoor Pool,2026-08-24,GATES OF GUILDWOOD,Pass,1,1,0,0,1
GATES OF GUILDWOOD,Spa Indoor,2024-08-23,GATES OF GUILDWOOD,Conditional Pass,7,2,3,2,4
GATES OF GUILDWOOD,Spa Indoor,2024-09-03,GATES OF GUILDWOOD,Pass,2,2,0,0,2
GATES OF GUILDWOOD,Spa Indoor,2025-02-10,GATES OF GUILDWOOD,Closed,5,2,1,2,3
GATES OF GUILDWOOD,Spa Indoor,2025-02-12,GATES OF GUILDWOOD,Pass,1,1,0,0,1
GATES OF GUILDWOOD,Spa Indoor,2025-05-16,GATES OF GUILDWOOD,Pass,1,0,1,0,1
GATES OF GUILDWOOD,Spa Indoor,2025-09-12,GATES OF GUILDWOOD,Closed,3,1,0,2,2
GATES OF GUILDWOOD,Spa Indoor,2025-09-15,GATES OF GUILDWOOD,Pass,0,0,0,0,0
GATES OF GUILDWOOD,Spa Indoor,2025-12-03,GATES OF GUILDWOOD,Pass,1,1,0,0,1
GATES OF GUILDWOOD,Spa Indoor,2026-06-11,GATES OF GUILDWOOD,Conditional Pass,1,0,0,1,1
GATES OF GUILDWOOD,Spa Indoor,2026-08-24,GATES OF GUILDWOOD,Pass,1,1,0,0,1
GATSBY POOL,Indoor Pool,2024-09-23,GATSBY,Pass,0,0,0,0,0
GATSBY POOL,Indoor Pool,2024-11-18,GATSBY,Conditional Pass,2,0,1,1,2
GATSBY POOL,Indoor Pool,2025-01-02,GATSBY,Pass,0,0,0,0,0
GATSBY POOL,Indoor Pool,2025-04-02,GATSBY,Conditional Pass,2,1,1,0,2
GATSBY POOL,Indoor Pool,2025-04-16,GATSBY,Pass,0,0,0,0,0
GATSBY POOL,Indoor Pool,2025-07-11,GATSBY,Pass,2,1,1,0,2
GATSBY POOL,Indoor Pool,2025-10-06,GATSBY,Conditional Pass,4,2,1,1,4
GATSBY POOL,Indoor Pool,2025-11-20,GATSBY,Pass,0,0,0,0,0
GATSBY POOL,Indoor Pool,2026-02-12,GATSBY,Conditional Pass,3,0,3,0,3
GATSBY POOL,Indoor Pool,2026-02-26,GATSBY,Pass,0,0,0,0,0
GATSBY POOL,Indoor Pool,2026-06-17,GATSBY,Conditional Pass,1,0,1,0,1
GATSBY POOL,Indoor Pool,2026-07-09,GATSBY,Pass,0,0,0,0,0
GATSBY WHIRLPOOL (INDOOR),Spa Indoor,2024-09-23,GATSBY,Pass,0,0,0,0,0
GATSBY WHIRLPOOL (INDOOR),Spa Indoor,2024-11-18,GATSBY,Pass,0,0,0,0,0
GATSBY WHIRLPOOL (INDOOR),Spa Indoor,2025-01-06,GATSBY,Pass,3,3,0,0,3
GATSBY WHIRLPOOL (INDOOR),Spa Indoor,2025-04-02,GATSBY,Pass,2,2,0,0,2
GATSBY WHIRLPOOL (INDOOR),Spa Indoor,2025-07-11,GATSBY,Pass,2,1,1,0,2
GATSBY WHIRLPOOL (INDOOR),Spa Indoor,2026-02-12,GATSBY,Conditional Pass,2,0,1,1,1
GATSBY WHIRLPOOL (INDOOR),Spa Indoor,2026-02-26,GATSBY,Pass,0,0,0,0,0
GATSBY WHIRLPOOL (INDOOR),Spa Indoor,2026-06-17,GATSBY,Conditional Pass,1,0,0,1,1
GATSBY WHIRLPOOL (INDOOR),Spa Indoor,2026-07-08,GATSBY,Pass,0,0,0,0,0
GEORGE S. HENRY ACADEMY POOL,Indoor Pool,2024-09-25,GEORGE S. HENRY ACADEMY,Conditional Pass,3,0,2,1,2
GEORGE S. HENRY ACADEMY POOL,Indoor Pool,2024-10-07,GEORGE S. HENRY ACADEMY,Pass,0,0,0,0,0
GEORGE S. HENRY ACADEMY POOL,Indoor Pool,2025-03-03,GEORGE S. HENRY ACADEMY,Pass,6,2,4,0,5
GEORGE S. HENRY ACADEMY POOL,Indoor Pool,2025-06-05,GEORGE S. HENRY ACADEMY,Pass,1,1,0,0,1
GEORGE S. HENRY ACADEMY POOL,Indoor Pool,2026-01-27,GEORGE S. HENRY ACADEMY,Conditional Pass,3,1,2,0,3
GEORGE S. HENRY ACADEMY POOL,Indoor Pool,2026-01-28,GEORGE S. HENRY ACADEMY,Pass,0,0,0,0,0
GEORGE S. HENRY ACADEMY POOL,Indoor Pool,2026-04-14,GEORGE S. HENRY ACADEMY,Conditional Pass,3,1,2,0,3
GEORGE VANIER INDOOR POOL,Indoor Pool,2024-09-11,GEORGE VANIER SECONDARY SCHOOL,Pass,0,0,0,0,0
GEORGE VANIER INDOOR POOL,Indoor Pool,2024-12-11,GEORGE VANIER SECONDARY SCHOOL,Pass,0,0,0,0,0
GEORGE VANIER INDOOR POOL,Indoor Pool,2025-02-27,GEORGE VANIER SECONDARY SCHOOL,Pass,0,0,0,0,0
GEORGE VANIER INDOOR POOL,Indoor Pool,2025-05-06,GEORGE VANIER SECONDARY SCHOOL,Pass,0,0,0,0,0
GEORGE VANIER INDOOR POOL,Indoor Pool,2025-08-26,GEORGE VANIER SECONDARY SCHOOL,Pass,0,0,0,0,0
GEORGE VANIER INDOOR POOL,Indoor Pool,2026-02-12,GEORGE VANIER SECONDARY SCHOOL,Pass,0,0,0,0,0
GEORGE VANIER INDOOR POOL,Indoor Pool,2026-04-10,GEORGE VANIER SECONDARY SCHOOL,Pass,1,1,0,0,1
GEORGE VANIER INDOOR POOL,Indoor Pool,2026-08-12,GEORGE VANIER SECONDARY SCHOOL,Pass,2,2,0,0,2
GHJ PROPERTY MANAGEMENT,Outdoor Pool,2024-08-12,3275 SHEPPARD AVE E,Conditional Pass,1,0,0,1,1
GHJ PROPERTY MANAGEMENT,Outdoor Pool,2025-07-10,3275 SHEPPARD AVE E,Conditional Pass,3,0,1,2,2
GHJ PROPERTY MANAGEMENT,Outdoor Pool,2025-07-29,3275 SHEPPARD AVE E,Pass,0,0,0,0,0
GHJ PROPERTY MANAGEMENT,Outdoor Pool,2026-09-03,3275 SHEPPARD AVE E,Conditional Pass,3,1,2,0,2
GIBSON SQUARE INDOOR POOL,Indoor Pool,2024-09-11,GIBSON SQUARE INDOOR POOL,Pass,4,3,1,0,2
GIBSON SQUARE INDOOR POOL,Indoor Pool,2024-12-06,GIBSON SQUARE INDOOR POOL,Conditional Pass,3,1,0,2,2
GIBSON SQUARE INDOOR POOL,Indoor Pool,2025-01-16,GIBSON SQUARE INDOOR POOL,Pass,0,0,0,0,0
GIBSON SQUARE INDOOR POOL,Indoor Pool,2025-03-31,GIBSON SQUARE INDOOR POOL,Pass,1,0,1,0,1
GIBSON SQUARE INDOOR POOL,Indoor Pool,2025-06-11,GIBSON SQUARE INDOOR POOL,Conditional Pass,3,1,0,2,3
GIBSON SQUARE INDOOR POOL,Indoor Pool,2025-07-30,GIBSON SQUARE INDOOR POOL,Pass,3,3,0,0,2
GIBSON SQUARE INDOOR POOL,Indoor Pool,2025-10-14,GIBSON SQUARE INDOOR POOL,Pass,0,0,0,0,0
GIBSON SQUARE INDOOR POOL,Indoor Pool,2026-01-13,GIBSON SQUARE INDOOR POOL,Pass,1,1,0,0,1
GIBSON SQUARE INDOOR POOL,Indoor Pool,2026-05-26,GIBSON SQUARE INDOOR POOL,Pass,3,3,0,0,2
GIBSON SQUARE INDOOR POOL,Indoor Pool,2026-07-27,GIBSON SQUARE INDOOR POOL,Pass,2,1,1,0,2
GIHON SPRING POOL,Outdoor Pool,2024-08-22,GIHON SPRING OUTDOOR POOL,Conditional Pass,5,4,1,0,3
GIHON SPRING POOL,Outdoor Pool,2024-08-26,GIHON SPRING OUTDOOR POOL,Pass,3,3,0,0,2
GIHON SPRING POOL,Outdoor Pool,2025-07-15,GIHON SPRING OUTDOOR POOL,Pass,0,0,0,0,0
GIHON SPRING POOL,Outdoor Pool,2026-07-03,GIHON SPRING OUTDOOR POOL,Pass,3,3,0,0,3
GIOVANNI CABOTO POOL,Outdoor Pool,2024-07-26,GIOVANNI CABOTO,Conditional Pass,5,3,2,0,4
GIOVANNI CABOTO POOL,Outdoor Pool,2024-08-20,GIOVANNI CABOTO,Pass,2,2,0,0,2
GIOVANNI CABOTO POOL,Outdoor Pool,2025-07-16,GIOVANNI CABOTO,Pass,0,0,0,0,0
GIOVANNI CABOTO POOL,Outdoor Pool,2026-07-14,GIOVANNI CABOTO,Conditional Pass,12,5,2,5,4
GLEN HILL CONDOMINIUM INDOOR POOL,Indoor Pool,2026-09-02,GLEN HILL CONDOMINIUM INDOOR POOL,Pass,0,0,0,0,0
GLEN LONG POOL,Outdoor Pool,2024-07-30,GLEN LONG COMMUNITY CENTRE,Pass,3,3,0,0,2
GLEN LONG POOL,Outdoor Pool,2025-07-07,GLEN LONG COMMUNITY CENTRE,Pass,1,1,0,0,1
GLEN VALLEY POOL,Indoor Pool,2024-11-21,GLEN VALLEY,Conditional Pass,6,2,3,1,4
GLEN VALLEY POOL,Indoor Pool,2024-12-05,GLEN VALLEY,Pass,0,0,0,0,0
GLEN VALLEY POOL,Indoor Pool,2025-03-28,GLEN VALLEY,Pass,1,1,0,0,1
GLEN VALLEY POOL,Indoor Pool,2025-06-26,GLEN VALLEY,Pass,3,2,1,0,2
GLEN VALLEY POOL,Indoor Pool,2026-01-02,GLEN VALLEY,Conditional Pass,3,1,1,1,2
GLEN VALLEY POOL,Indoor Pool,2026-02-20,GLEN VALLEY,Pass,1,0,1,0,1
GLEN VALLEY POOL,Indoor Pool,2026-06-29,GLEN VALLEY,Conditional Pass,3,1,1,1,3
GLEN VALLEY POOL,Indoor Pool,2026-09-02,GLEN VALLEY,Pass,1,0,1,0,1
GLENDON ATHLETIC CLUB,Indoor Pool,2024-09-24,"GLENDON COLLEGE, PROCTER FIELD HOUSE",Pass,0,0,0,0,0
GLENDON ATHLETIC CLUB,Indoor Pool,2024-12-16,"GLENDON COLLEGE, PROCTER FIELD HOUSE",Pass,0,0,0,0,0
GLENDON ATHLETIC CLUB,Indoor Pool,2025-03-17,"GLENDON COLLEGE, PROCTER FIELD HOUSE",Pass,2,2,0,0,1
GLENDON ATHLETIC CLUB,Indoor Pool,2025-05-29,"GLENDON COLLEGE, PROCTER FIELD HOUSE",Pass,1,1,0,0,1
GLENDON ATHLETIC CLUB,Indoor Pool,2025-12-17,"GLENDON COLLEGE, PROCTER FIELD HOUSE",Pass,1,0,1,0,1
GLENDON ATHLETIC CLUB,Indoor Pool,2026-03-31,"GLENDON COLLEGE, PROCTER FIELD HOUSE",Pass,3,2,1,0,3
GLENDON ATHLETIC CLUB,Indoor Pool,2026-07-07,"GLENDON COLLEGE, PROCTER FIELD HOUSE",Conditional Pass,7,5,1,1,4
GLENDON ATHLETIC CLUB,Indoor Pool,2026-07-14,"GLENDON COLLEGE, PROCTER FIELD HOUSE",Pass,1,1,0,0,1
GLENVIEW SR. PUBLIC SCHOOL - INDOOR POOL,Indoor Pool,2024-09-24,GLENVIEW SR. PUBLIC SCHOOL,Pass,0,0,0,0,0
GLENVIEW SR. PUBLIC SCHOOL - INDOOR POOL,Indoor Pool,2024-11-14,GLENVIEW SR. PUBLIC SCHOOL,Pass,0,0,0,0,0
GLENVIEW SR. PUBLIC SCHOOL - INDOOR POOL,Indoor Pool,2025-03-12,GLENVIEW SR. PUBLIC SCHOOL,Pass,1,1,0,0,1
GLENVIEW SR. PUBLIC SCHOOL - INDOOR POOL,Indoor Pool,2025-05-21,GLENVIEW SR. PUBLIC SCHOOL,Pass,1,1,0,0,1
GLENVIEW SR. PUBLIC SCHOOL - INDOOR POOL,Indoor Pool,2025-10-09,GLENVIEW SR. PUBLIC SCHOOL,Pass,1,1,0,0,1
GLENVIEW SR. PUBLIC SCHOOL - INDOOR POOL,Indoor Pool,2026-01-27,GLENVIEW SR. PUBLIC SCHOOL,Pass,0,0,0,0,0
GLENVIEW SR. PUBLIC SCHOOL - INDOOR POOL,Indoor Pool,2026-04-07,GLENVIEW SR. PUBLIC SCHOOL,Pass,3,1,2,0,2
GODSTONE PLACE APARTMENTS - OUTDOOR POOL,Outdoor Pool,2024-08-28,GODSTONE PLACE APARTMENTS,Conditional Pass,5,1,1,3,4
GODSTONE PLACE APARTMENTS - OUTDOOR POOL,Outdoor Pool,2025-07-09,GODSTONE PLACE APARTMENTS,Conditional Pass,6,3,0,3,2
GODSTONE PLACE APARTMENTS - OUTDOOR POOL,Outdoor Pool,2025-07-21,GODSTONE PLACE APARTMENTS,Pass,0,0,0,0,0
GODSTONE PLACE APARTMENTS - OUTDOOR POOL,Outdoor Pool,2026-07-27,GODSTONE PLACE APARTMENTS,Pass,3,3,0,0,2
GOLDEN GATE  - POOL,Indoor Pool,2024-11-20,GOLDEN GATE APTS.,Pass,0,0,0,0,0
GOLDEN GATE  - POOL,Indoor Pool,2025-01-30,GOLDEN GATE APTS.,Pass,0,0,0,0,0
GOLDEN GATE  - POOL,Indoor Pool,2025-06-04,GOLDEN GATE APTS.,Pass,0,0,0,0,0
GOLDEN GATE  - POOL,Indoor Pool,2025-09-17,GOLDEN GATE APTS.,Pass,0,0,0,0,0
GOLDEN GATE  - POOL,Indoor Pool,2025-12-18,GOLDEN GATE APTS.,Pass,0,0,0,0,0
GOLDEN GATE  - POOL,Indoor Pool,2026-03-11,GOLDEN GATE APTS.,Pass,1,0,1,0,1
GOLDEN GATE  - POOL,Indoor Pool,2026-05-08,GOLDEN GATE APTS.,Pass,0,0,0,0,0
GOLDEN GATE  - POOL,Indoor Pool,2026-07-02,GOLDEN GATE APTS.,Pass,0,0,0,0,0
GOLDEN GATE APARTMENTS OUTDOOR POOL,Outdoor Pool,2025-07-09,"1770,1780,1790 EGLINTON AVENUE EAST OUTDOOR POOL",Conditional Pass,10,5,2,3,4
GOLDEN GATE APARTMENTS OUTDOOR POOL,Outdoor Pool,2025-07-29,"1770,1780,1790 EGLINTON AVENUE EAST OUTDOOR POOL",Conditional Pass,9,5,3,1,4
GOLDEN GATE APARTMENTS OUTDOOR POOL,Outdoor Pool,2025-08-29,"1770,1780,1790 EGLINTON AVENUE EAST OUTDOOR POOL",Conditional Pass,5,3,1,1,3
GOOD LIFE FITNESS - INDOOR POOL,Indoor Pool,2025-04-03,GOODLIFE FITNESS,Pass,3,3,0,0,2
GOOD LIFE FITNESS - INDOOR POOL,Indoor Pool,2025-08-27,GOODLIFE FITNESS,Pass,1,1,0,0,1
GOOD LIFE FITNESS - INDOOR POOL,Indoor Pool,2025-11-24,GOODLIFE FITNESS,Pass,1,1,0,0,1
GOOD LIFE FITNESS - INDOOR POOL,Indoor Pool,2026-03-02,GOODLIFE FITNESS,Pass,0,0,0,0,0
GOOD LIFE FITNESS - INDOOR POOL,Indoor Pool,2026-06-19,GOODLIFE FITNESS,Pass,2,2,0,0,1
GOOD LIFE FITNESS - INDOOR POOL,Indoor Pool,2026-09-17,GOODLIFE FITNESS,Pass,0,0,0,0,0
GOODELHAM CONDOMINIUMS- POOL CLASS B,Outdoor Pool,2024-09-04,GOODERHAM,Pass,9,9,0,0,4
GOODELHAM CONDOMINIUMS- POOL CLASS B,Outdoor Pool,2025-08-01,GOODERHAM,Pass,0,0,0,0,0
GOODELHAM CONDOMINIUMS- POOL CLASS B,Outdoor Pool,2026-08-18,GOODERHAM,Pass,0,0,0,0,0
GOODERHAM,Spa Outdoor,2024-09-03,GOODERHAM,Pass,9,9,0,0,4
GOODERHAM,Spa Outdoor,2025-08-13,GOODERHAM,Pass,0,0,0,0,0
GOODERHAM,Spa Outdoor,2026-08-18,GOODERHAM,Pass,0,0,0,0,0
GOODLIFE FITNESS,Indoor Pool,2024-09-19,GOODLIFE FITNESS,Conditional Pass,1,0,0,1,1
GOODLIFE FITNESS,Indoor Pool,2024-09-20,GOODLIFE FITNESS,Pass,0,0,0,0,0
GOODLIFE FITNESS,Indoor Pool,2024-11-05,GOODLIFE FITNESS,Pass,0,0,0,0,0
GOODLIFE FITNESS,Indoor Pool,2025-01-22,GOODLIFE FITNESS,Pass,0,0,0,0,0
GOODLIFE FITNESS,Indoor Pool,2025-04-15,GOODLIFE FITNESS,Conditional Pass,4,1,1,2,3
GOODLIFE FITNESS,Indoor Pool,2025-04-17,GOODLIFE FITNESS,Pass,0,0,0,0,0
GOODLIFE FITNESS,Indoor Pool,2025-09-30,GOODLIFE FITNESS,Pass,4,3,1,0,4
GOODLIFE FITNESS,Indoor Pool,2025-12-16,GOODLIFE FITNESS,Pass,4,3,1,0,3
GOODLIFE FITNESS,Indoor Pool,2026-03-18,GOODLIFE FITNESS,Pass,2,2,0,0,2
GOODLIFE FITNESS,Indoor Pool,2026-06-11,GOODLIFE FITNESS,Pass,2,2,0,0,2
GOODLIFE FITNESS,Spa Indoor,2024-12-04,GOODLIFE FITNESS,Pass,0,0,0,0,0
GOODLIFE FITNESS,Spa Indoor,2025-03-28,GOODLIFE FITNESS,Pass,1,1,0,0,1
GOODLIFE FITNESS,Spa Indoor,2025-06-06,GOODLIFE FITNESS,Pass,0,0,0,0,0
GOODLIFE FITNESS,Spa Indoor,2025-09-25,GOODLIFE FITNESS,Pass,0,0,0,0,0
GOODLIFE FITNESS,Spa Indoor,2025-11-28,GOODLIFE FITNESS,Closed,4,1,1,2,4
GOODLIFE FITNESS,Spa Indoor,2025-12-01,GOODLIFE FITNESS,Pass,0,0,0,0,0
GOODLIFE FITNESS,Spa Indoor,2026-02-26,GOODLIFE FITNESS,Pass,0,0,0,0,0
GOODLIFE FITNESS,Spa Indoor,2026-04-23,GOODLIFE FITNESS,Pass,0,0,0,0,0
GOODLIFE FITNESS,Spa Indoor,2026-08-24,GOODLIFE FITNESS,Pass,0,0,0,0,0
GOODLIFE FITNESS MEN'S SPA - INDOOR,Spa Indoor,2024-07-25,GOODLIFE FITNESS MEN'S SPA,Pass,2,2,0,0,2
GOODLIFE FITNESS MEN'S SPA - INDOOR,Spa Indoor,2024-10-31,GOODLIFE FITNESS MEN'S SPA,Pass,0,0,0,0,0
GOODLIFE FITNESS MEN'S SPA - INDOOR,Spa Indoor,2025-04-09,GOODLIFE FITNESS MEN'S SPA,Conditional Pass,2,1,0,1,2
GOODLIFE FITNESS MEN'S SPA - INDOOR,Spa Indoor,2025-05-02,GOODLIFE FITNESS MEN'S SPA,Pass,0,0,0,0,0
GOODLIFE FITNESS MEN'S SPA - INDOOR,Spa Indoor,2025-07-04,GOODLIFE FITNESS MEN'S SPA,Pass,0,0,0,0,0
GOODLIFE FITNESS MEN'S SPA - INDOOR,Spa Indoor,2026-03-26,GOODLIFE FITNESS MEN'S SPA,Pass,5,5,0,0,4
GOODLIFE FITNESS MEN'S SPA - INDOOR,Spa Indoor,2026-06-24,GOODLIFE FITNESS MEN'S SPA,Pass,0,0,0,0,0
GOODLIFE FITNESS MEN'S SPA - INDOOR,Spa Indoor,2026-09-21,GOODLIFE FITNESS MEN'S SPA,Pass,1,1,0,0,1
GOODLIFE FITNESS POOL,Indoor Pool,2024-08-23,GOODLIFE FITNESS,Pass,0,0,0,0,0
GOODLIFE FITNESS POOL,Indoor Pool,2024-12-04,GOODLIFE FITNESS,Pass,0,0,0,0,0
GOODLIFE FITNESS POOL,Indoor Pool,2025-02-04,GOODLIFE FITNESS,Pass,0,0,0,0,0
GOODLIFE FITNESS POOL,Indoor Pool,2025-06-06,GOODLIFE FITNESS,Pass,0,0,0,0,0
GOODLIFE FITNESS POOL,Indoor Pool,2025-09-25,GOODLIFE FITNESS,Pass,0,0,0,0,0
GOODLIFE FITNESS POOL,Indoor Pool,2025-11-28,GOODLIFE FITNESS,Conditional Pass,2,0,1,1,2
GOODLIFE FITNESS POOL,Indoor Pool,2025-12-01,GOODLIFE FITNESS,Pass,0,0,0,0,0
GOODLIFE FITNESS POOL,Indoor Pool,2026-02-26,GOODLIFE FITNESS,Pass,0,0,0,0,0
GOODLIFE FITNESS POOL,Indoor Pool,2026-04-23,GOODLIFE FITNESS,Pass,0,0,0,0,0
GOODLIFE FITNESS POOL,Indoor Pool,2026-08-24,GOODLIFE FITNESS,Pass,0,0,0,0,0
GORD & IRENE RISK OUTDOOR POOL,Outdoor Pool,2024-07-26,GORD & IRENE RISK COMMUNITY CENTRE,Pass,0,0,0,0,0
GORD & IRENE RISK OUTDOOR POOL,Outdoor Pool,2025-07-10,GORD & IRENE RISK COMMUNITY CENTRE,Pass,3,3,0,0,2
GORD & IRENE RISK OUTDOOR POOL,Outdoor Pool,2026-07-30,GORD & IRENE RISK COMMUNITY CENTRE,Pass,0,0,0,0,0
GORDON A BROWN GATE,Indoor Pool,2024-09-23,GORDON A BROWN MIDDLE SCHOOL,Pass,0,0,0,0,0
GORDON A BROWN GATE,Indoor Pool,2024-12-20,GORDON A BROWN MIDDLE SCHOOL,Pass,1,0,1,0,1
GORDON A BROWN GATE,Indoor Pool,2025-03-04,GORDON A BROWN MIDDLE SCHOOL,Pass,0,0,0,0,0
GORDON A BROWN GATE,Indoor Pool,2025-05-05,GORDON A BROWN MIDDLE SCHOOL,Pass,0,0,0,0,0
GORDON A BROWN GATE,Indoor Pool,2025-09-15,GORDON A BROWN MIDDLE SCHOOL,Pass,1,1,0,0,1
GORDON A BROWN GATE,Indoor Pool,2025-11-06,GORDON A BROWN MIDDLE SCHOOL,Pass,1,1,0,0,1
GORDON A BROWN GATE,Indoor Pool,2026-02-25,GORDON A BROWN MIDDLE SCHOOL,Pass,2,2,0,0,2
GORDON A BROWN GATE,Indoor Pool,2026-06-09,GORDON A BROWN MIDDLE SCHOOL,Pass,1,1,0,0,1
GORDON A BROWN GATE,Indoor Pool,2026-09-24,GORDON A BROWN MIDDLE SCHOOL,Pass,2,2,0,0,2
GORDONRIDGE COMMUNITY CENTRE,Indoor Pool,2024-11-20,GORDONRIDGE COMMUNITY CENTRE,Pass,2,0,2,0,2
GORDONRIDGE COMMUNITY CENTRE,Indoor Pool,2025-02-05,GORDONRIDGE COMMUNITY CENTRE,Closed,6,3,1,2,6
GORDONRIDGE COMMUNITY CENTRE,Indoor Pool,2025-02-07,GORDONRIDGE COMMUNITY CENTRE,Pass,0,0,0,0,0
GORDONRIDGE COMMUNITY CENTRE,Indoor Pool,2025-05-28,GORDONRIDGE COMMUNITY CENTRE,Pass,2,1,1,0,2
GORDONRIDGE COMMUNITY CENTRE,Indoor Pool,2026-07-15,GORDONRIDGE COMMUNITY CENTRE,Pass,0,0,0,0,0
GOULDING LEISURE CENTRE OUTDOOR SWIMMING POOL,Outdoor Pool,2024-07-23,GOULDING LEISURE CENTRE,Conditional Pass,3,1,0,2,3
GOULDING LEISURE CENTRE OUTDOOR SWIMMING POOL,Outdoor Pool,2024-07-31,GOULDING LEISURE CENTRE,Pass,0,0,0,0,0
GOULDING LEISURE CENTRE OUTDOOR SWIMMING POOL,Outdoor Pool,2025-07-18,GOULDING LEISURE CENTRE,Pass,3,3,0,0,3
GOULDING LEISURE CENTRE OUTDOOR SWIMMING POOL,Outdoor Pool,2026-07-15,GOULDING LEISURE CENTRE,Pass,3,3,0,0,2
GOVERNOR'S HILL INDOOR POOL,Indoor Pool,2024-08-23,GOVERNOR'S HILL,Conditional Pass,8,4,3,1,4
GOVERNOR'S HILL INDOOR POOL,Indoor Pool,2024-09-10,GOVERNOR'S HILL,Pass,4,4,0,0,1
GOVERNOR'S HILL INDOOR POOL,Indoor Pool,2024-11-21,GOVERNOR'S HILL,Pass,2,2,0,0,2
GOVERNOR'S HILL INDOOR POOL,Indoor Pool,2025-02-14,GOVERNOR'S HILL,Conditional Pass,2,1,0,1,2
GOVERNOR'S HILL INDOOR POOL,Indoor Pool,2025-02-21,GOVERNOR'S HILL,Pass,0,0,0,0,0
GOVERNOR'S HILL INDOOR POOL,Indoor Pool,2025-10-03,GOVERNOR'S HILL,Pass,1,1,0,0,1
GOVERNOR'S HILL INDOOR POOL,Indoor Pool,2026-01-07,GOVERNOR'S HILL,Pass,0,0,0,0,0
GOVERNOR'S HILL INDOOR POOL,Indoor Pool,2026-05-06,GOVERNOR'S HILL,Conditional Pass,4,1,2,1,3
GOVERNOR'S HILL INDOOR POOL,Indoor Pool,2026-06-16,GOVERNOR'S HILL,Pass,0,0,0,0,0
GOVERNOR'S HILL INDOOR POOL,Indoor Pool,2026-08-31,GOVERNOR'S HILL,Pass,1,1,0,0,1
GOVERNOR'S HILL INDOOR SPA,Spa Indoor,2024-08-23,GOVERNOR'S HILL,Conditional Pass,4,3,0,1,2
GOVERNOR'S HILL INDOOR SPA,Spa Indoor,2024-09-10,GOVERNOR'S HILL,Pass,2,2,0,0,1
GOVERNOR'S HILL INDOOR SPA,Spa Indoor,2024-11-21,GOVERNOR'S HILL,Conditional Pass,2,1,0,1,1
GOVERNOR'S HILL INDOOR SPA,Spa Indoor,2024-11-28,GOVERNOR'S HILL,Pass,0,0,0,0,0
GOVERNOR'S HILL INDOOR SPA,Spa Indoor,2025-02-14,GOVERNOR'S HILL,Pass,2,2,0,0,2
GOVERNOR'S HILL INDOOR SPA,Spa Indoor,2025-10-03,GOVERNOR'S HILL,Pass,1,0,1,0,1
GOVERNOR'S HILL INDOOR SPA,Spa Indoor,2026-01-07,GOVERNOR'S HILL,Pass,2,1,1,0,1
GOVERNOR'S HILL INDOOR SPA,Spa Indoor,2026-05-06,GOVERNOR'S HILL,Pass,2,2,0,0,2
GOVERNOR'S HILL INDOOR SPA,Spa Indoor,2026-08-31,GOVERNOR'S HILL,Pass,2,1,1,0,1
GRAMERCY PARK CONDOS,Indoor Pool,2024-09-23,GRAMERCY PARK CONDOS,Pass,0,0,0,0,0
GRAMERCY PARK CONDOS,Indoor Pool,2024-11-01,GRAMERCY PARK CONDOS,Pass,1,1,0,0,1
GRAMERCY PARK CONDOS,Indoor Pool,2025-01-10,GRAMERCY PARK CONDOS,Pass,0,0,0,0,0
GRAMERCY PARK CONDOS,Indoor Pool,2025-04-28,GRAMERCY PARK CONDOS,Pass,0,0,0,0,0
GRAMERCY PARK CONDOS,Indoor Pool,2025-08-08,GRAMERCY PARK CONDOS,Pass,2,2,0,0,1
GRAMERCY PARK CONDOS,Indoor Pool,2025-11-13,GRAMERCY PARK CONDOS,Pass,1,1,0,0,1
GRAMERCY PARK CONDOS,Indoor Pool,2026-01-21,GRAMERCY PARK CONDOS,Pass,0,0,0,0,0
GRAMERCY PARK CONDOS,Indoor Pool,2026-05-07,GRAMERCY PARK CONDOS,Pass,0,0,0,0,0
GRAMERCY PARK CONDOS,Indoor Pool,2026-09-24,GRAMERCY PARK CONDOS,Pass,1,1,0,0,1
GRAMERCY PARK CONDOS SPA,Spa Indoor,2024-09-23,GRAMERCY PARK CONDOS,Pass,1,1,0,0,1
GRAMERCY PARK CONDOS SPA,Spa Indoor,2024-11-01,GRAMERCY PARK CONDOS,Pass,0,0,0,0,0
GRAMERCY PARK CONDOS SPA,Spa Indoor,2025-01-10,GRAMERCY PARK CONDOS,Pass,2,1,1,0,2
GRAMERCY PARK CONDOS SPA,Spa Indoor,2025-04-28,GRAMERCY PARK CONDOS,Pass,0,0,0,0,0
GRAMERCY PARK CONDOS SPA,Spa Indoor,2025-08-08,GRAMERCY PARK CONDOS,Pass,2,1,1,0,2
GRAMERCY PARK CONDOS SPA,Spa Indoor,2025-11-13,GRAMERCY PARK CONDOS,Pass,1,1,0,0,1
GRAMERCY PARK CONDOS SPA,Spa Indoor,2026-01-21,GRAMERCY PARK CONDOS,Closed,2,0,0,2,2
GRAMERCY PARK CONDOS SPA,Spa Indoor,2026-01-22,GRAMERCY PARK CONDOS,Pass,0,0,0,0,0
GRAMERCY PARK CONDOS SPA,Spa Indoor,2026-05-07,GRAMERCY PARK CONDOS,Pass,3,3,0,0,2
GRAMERCY PARK CONDOS SPA,Spa Indoor,2026-09-24,GRAMERCY PARK CONDOS,Pass,2,2,0,0,2
GRAND TRIOMPHE 2,Indoor Pool,2024-10-10,GRAND TRIOMPHE 2,Conditional Pass,5,2,1,2,2
GRAND TRIOMPHE 2,Indoor Pool,2024-11-05,GRAND TRIOMPHE 2,Pass,0,0,0,0,0
GRAND TRIOMPHE 2,Indoor Pool,2025-02-20,GRAND TRIOMPHE 2,Pass,1,1,0,0,1
GRAND TRIOMPHE 2,Indoor Pool,2025-05-08,GRAND TRIOMPHE 2,Pass,5,5,0,0,3
GRAND TRIOMPHE 2,Indoor Pool,2025-11-06,GRAND TRIOMPHE 2,Pass,4,4,0,0,1
GRAND TRIOMPHE 2,Indoor Pool,2026-02-26,GRAND TRIOMPHE 2,Conditional Pass,3,0,2,1,2
GRAND TRIOMPHE 2,Indoor Pool,2026-03-06,GRAND TRIOMPHE 2,Pass,1,0,1,0,1
GRAND TRIOMPHE 2,Indoor Pool,2026-06-09,GRAND TRIOMPHE 2,Pass,6,6,0,0,3
GRAND TRIOMPHE 2,Indoor Pool,2026-09-16,GRAND TRIOMPHE 2,Pass,2,1,1,0,2
GRAND TRIOMPHE 2,Spa Indoor,2024-10-10,GRAND TRIOMPHE 2,Conditional Pass,5,3,1,1,2
GRAND TRIOMPHE 2,Spa Indoor,2025-02-20,GRAND TRIOMPHE 2,Pass,3,2,1,0,3
GRAND TRIOMPHE 2,Spa Indoor,2025-05-08,GRAND TRIOMPHE 2,Pass,4,4,0,0,2
GRAND TRIOMPHE 2,Spa Indoor,2025-11-06,GRAND TRIOMPHE 2,Pass,1,1,0,0,1
GRAND TRIOMPHE 2,Spa Indoor,2026-02-26,GRAND TRIOMPHE 2,Pass,0,0,0,0,0
GRAND TRIOMPHE 2,Spa Indoor,2026-06-09,GRAND TRIOMPHE 2,Pass,0,0,0,0,0
GRAND TRIOMPHE 2,Spa Indoor,2026-09-16,GRAND TRIOMPHE 2,Pass,0,0,0,0,0
GRAND TRIOMPHE INDOOR POOL,Indoor Pool,2024-09-19,GRAND TRIOMPHE,Pass,2,2,0,0,1
GRAND TRIOMPHE INDOOR POOL,Indoor Pool,2024-12-09,GRAND TRIOMPHE,Pass,0,0,0,0,0
GRAND TRIOMPHE INDOOR POOL,Indoor Pool,2025-04-28,GRAND TRIOMPHE,Conditional Pass,1,0,1,0,1
GRAND TRIOMPHE INDOOR POOL,Indoor Pool,2025-08-26,GRAND TRIOMPHE,Pass,5,4,1,0,3
GRAND TRIOMPHE INDOOR POOL,Indoor Pool,2025-12-18,GRAND TRIOMPHE,Pass,1,1,0,0,1
GRAND TRIOMPHE INDOOR POOL,Indoor Pool,2026-03-16,GRAND TRIOMPHE,Pass,0,0,0,0,0
GRAND TRIOMPHE INDOOR POOL,Indoor Pool,2026-06-12,GRAND TRIOMPHE,Pass,5,5,0,0,4
GRAND TRIOMPHE SPA,Spa Indoor,2024-09-19,GRAND TRIOMPHE,Pass,2,2,0,0,2
GRAND TRIOMPHE SPA,Spa Indoor,2025-04-28,GRAND TRIOMPHE,Conditional Pass,2,0,0,2,2
GRAND TRIOMPHE SPA,Spa Indoor,2025-08-26,GRAND TRIOMPHE,Closed,3,1,0,2,3
GRAND TRIOMPHE SPA,Spa Indoor,2025-08-29,GRAND TRIOMPHE,Pass,0,0,0,0,0
GRAND TRIOMPHE SPA,Spa Indoor,2025-12-18,GRAND TRIOMPHE,Pass,1,1,0,0,1
GRAND TRIOMPHE SPA,Spa Indoor,2026-03-16,GRAND TRIOMPHE,Conditional Pass,3,1,1,1,2
GRAND TRIOMPHE SPA,Spa Indoor,2026-04-01,GRAND TRIOMPHE,Pass,0,0,0,0,0
GRAND TRIOMPHE SPA,Spa Indoor,2026-06-12,GRAND TRIOMPHE,Pass,1,1,0,0,1
GRAND VISTA POOL,Outdoor Pool,2024-08-13,GRAND VISTA,Pass,2,2,0,0,2
GRAND VISTA POOL,Outdoor Pool,2026-07-29,GRAND VISTA,Pass,6,4,2,0,3
GRANDRAVINE POOL,Outdoor Pool,2024-08-14,GRANDRAVINE COMMUNITY CENTRE,Pass,1,1,0,0,1
GRANDRAVINE POOL,Outdoor Pool,2025-07-07,GRANDRAVINE COMMUNITY CENTRE,Conditional Pass,2,1,0,1,2
GRANDRAVINE POOL,Outdoor Pool,2025-07-23,GRANDRAVINE COMMUNITY CENTRE,Pass,0,0,0,0,0
GRANDRAVINE POOL,Outdoor Pool,2026-07-24,GRANDRAVINE COMMUNITY CENTRE,Pass,0,0,0,0,0
GRANITE CLUB - ACTIVITY POOL,Indoor Pool,2024-10-24,GRANITE CLUB,Pass,1,0,1,0,1
GRANITE CLUB - ACTIVITY POOL,Indoor Pool,2025-01-14,GRANITE CLUB,Pass,0,0,0,0,0
GRANITE CLUB - ACTIVITY POOL,Indoor Pool,2025-05-02,GRANITE CLUB,Pass,0,0,0,0,0
GRANITE CLUB - ACTIVITY POOL,Indoor Pool,2025-09-24,GRANITE CLUB,Pass,0,0,0,0,0
GRANITE CLUB - ACTIVITY POOL,Indoor Pool,2025-12-02,GRANITE CLUB,Pass,0,0,0,0,0
GRANITE CLUB - ACTIVITY POOL,Indoor Pool,2026-02-23,GRANITE CLUB,Pass,0,0,0,0,0
GRANITE CLUB - ACTIVITY POOL,Indoor Pool,2026-06-04,GRANITE CLUB,Pass,0,0,0,0,0
GRANITE CLUB - ACTIVITY POOL,Indoor Pool,2026-07-29,GRANITE CLUB,Pass,0,0,0,0,0
GRANITE CLUB - EAST LAP POOL,Indoor Pool,2024-10-25,GRANITE CLUB,Pass,1,0,1,0,1
GRANITE CLUB - EAST LAP POOL,Indoor Pool,2025-01-21,GRANITE CLUB,Pass,0,0,0,0,0
GRANITE CLUB - EAST LAP POOL,Indoor Pool,2025-05-02,GRANITE CLUB,Pass,2,2,0,0,2
GRANITE CLUB - EAST LAP POOL,Indoor Pool,2025-09-24,GRANITE CLUB,Pass,0,0,0,0,0
GRANITE CLUB - EAST LAP POOL,Indoor Pool,2025-12-02,GRANITE CLUB,Pass,0,0,0,0,0
GRANITE CLUB - EAST LAP POOL,Indoor Pool,2026-02-23,GRANITE CLUB,Pass,2,2,0,0,2
GRANITE CLUB - EAST LAP POOL,Indoor Pool,2026-06-04,GRANITE CLUB,Pass,0,0,0,0,0
GRANITE CLUB - EAST LAP POOL,Indoor Pool,2026-07-29,GRANITE CLUB,Pass,1,1,0,0,1
GRANITE CLUB - SPA,Spa Indoor,2024-10-24,GRANITE CLUB,Pass,1,0,1,0,1
GRANITE CLUB - SPA,Spa Indoor,2025-01-23,GRANITE CLUB,Pass,0,0,0,0,0
GRANITE CLUB - SPA,Spa Indoor,2025-05-02,GRANITE CLUB,Pass,1,1,0,0,1
GRANITE CLUB - SPA,Spa Indoor,2025-09-24,GRANITE CLUB,Pass,1,0,1,0,1
GRANITE CLUB - SPA,Spa Indoor,2025-12-02,GRANITE CLUB,Pass,1,0,1,0,1
GRANITE CLUB - SPA,Spa Indoor,2026-02-23,GRANITE CLUB,Pass,1,0,1,0,1
GRANITE CLUB - SPA,Spa Indoor,2026-06-04,GRANITE CLUB,Pass,0,0,0,0,0
GRANITE CLUB - SPA,Spa Indoor,2026-07-29,GRANITE CLUB,Pass,0,0,0,0,0
GRANITE CLUB - TRAINING TAD POOL,Indoor Pool,2024-10-25,GRANITE CLUB,Pass,1,0,1,0,1
GRANITE CLUB - TRAINING TAD POOL,Indoor Pool,2025-01-23,GRANITE CLUB,Pass,0,0,0,0,0
GRANITE CLUB - TRAINING TAD POOL,Indoor Pool,2025-05-02,GRANITE CLUB,Pass,0,0,0,0,0
GRANITE CLUB - TRAINING TAD POOL,Indoor Pool,2025-09-24,GRANITE CLUB,Pass,0,0,0,0,0
GRANITE CLUB - TRAINING TAD POOL,Indoor Pool,2025-12-02,GRANITE CLUB,Pass,0,0,0,0,0
GRANITE CLUB - TRAINING TAD POOL,Indoor Pool,2026-02-23,GRANITE CLUB,Pass,1,1,0,0,1
GRANITE CLUB - TRAINING TAD POOL,Indoor Pool,2026-06-04,GRANITE CLUB,Pass,2,1,1,0,2
GRANITE CLUB - TRAINING TAD POOL,Indoor Pool,2026-07-29,GRANITE CLUB,Pass,0,0,0,0,0
GRANITE CLUB - WEST LAP POOL,Indoor Pool,2024-10-24,GRANITE CLUB,Pass,2,1,1,0,2
GRANITE CLUB - WEST LAP POOL,Indoor Pool,2025-01-21,GRANITE CLUB,Pass,0,0,0,0,0
GRANITE CLUB - WEST LAP POOL,Indoor Pool,2025-05-02,GRANITE CLUB,Pass,1,0,1,0,1
GRANITE CLUB - WEST LAP POOL,Indoor Pool,2025-09-24,GRANITE CLUB,Pass,1,1,0,0,1
GRANITE CLUB - WEST LAP POOL,Indoor Pool,2025-12-02,GRANITE CLUB,Pass,0,0,0,0,0
GRANITE CLUB - WEST LAP POOL,Indoor Pool,2026-02-23,GRANITE CLUB,Pass,0,0,0,0,0
GRANITE CLUB - WEST LAP POOL,Indoor Pool,2026-06-04,GRANITE CLUB,Pass,0,0,0,0,0
GRANITE CLUB - WEST LAP POOL,Indoor Pool,2026-07-29,GRANITE CLUB,Pass,0,0,0,0,0
GRANITE PLACE,Indoor Pool,2024-09-11,GRANITE PLACE CONDOS,Pass,0,0,0,0,0
GRANITE PLACE,Indoor Pool,2025-01-24,GRANITE PLACE CONDOS,Pass,1,0,1,0,1
GRANITE PLACE,Indoor Pool,2025-05-12,GRANITE PLACE CONDOS,Pass,2,2,0,0,2
GRANITE PLACE,Indoor Pool,2025-09-26,GRANITE PLACE CONDOS,Pass,1,0,1,0,1
GRANITE PLACE,Indoor Pool,2025-11-24,GRANITE PLACE CONDOS,Conditional Pass,2,1,0,1,2
GRANITE PLACE,Indoor Pool,2025-12-02,GRANITE PLACE CONDOS,Pass,0,0,0,0,0
GRANITE PLACE,Indoor Pool,2026-03-31,GRANITE PLACE CONDOS,Pass,0,0,0,0,0
GRANITE PLACE,Indoor Pool,2026-06-10,GRANITE PLACE CONDOS,Pass,2,2,0,0,1
GRANITE PLACE,Spa Indoor,2024-09-11,GRANITE PLACE CONDOS,Pass,1,1,0,0,1
GRANITE PLACE,Spa Indoor,2025-01-24,GRANITE PLACE CONDOS,Pass,2,0,2,0,2
GRANITE PLACE,Spa Indoor,2025-05-12,GRANITE PLACE CONDOS,Conditional Pass,4,2,1,1,2
GRANITE PLACE,Spa Indoor,2025-05-14,GRANITE PLACE CONDOS,Pass,0,0,0,0,0
GRANITE PLACE,Spa Indoor,2025-09-26,GRANITE PLACE CONDOS,Pass,2,0,2,0,1
GRANITE PLACE,Spa Indoor,2025-11-24,GRANITE PLACE CONDOS,Conditional Pass,4,2,0,2,2
GRANITE PLACE,Spa Indoor,2026-06-10,GRANITE PLACE CONDOS,Conditional Pass,7,1,5,1,3
GRANITE PLACE,Spa Indoor,2026-06-22,GRANITE PLACE CONDOS,Pass,0,0,0,0,0
GREAT CANADIAN CASINO RESORT TORONTO (POOL),Indoor Pool,2024-12-16,GREAT CANADIAN CASINO RESORT,Pass,1,1,0,0,1
GREAT CANADIAN CASINO RESORT TORONTO (POOL),Indoor Pool,2025-03-19,GREAT CANADIAN CASINO RESORT,Pass,2,2,0,0,1
GREAT CANADIAN CASINO RESORT TORONTO (POOL),Indoor Pool,2025-06-20,GREAT CANADIAN CASINO RESORT,Pass,2,2,0,0,2
GREAT CANADIAN CASINO RESORT TORONTO (POOL),Indoor Pool,2025-09-30,GREAT CANADIAN CASINO RESORT,Pass,2,1,1,0,2
GREAT CANADIAN CASINO RESORT TORONTO (POOL),Indoor Pool,2025-12-08,GREAT CANADIAN CASINO RESORT,Pass,0,0,0,0,0
GREAT CANADIAN CASINO RESORT TORONTO (POOL),Indoor Pool,2026-03-09,GREAT CANADIAN CASINO RESORT,Pass,2,1,1,0,2
GREAT CANADIAN CASINO RESORT TORONTO (POOL),Indoor Pool,2026-05-19,GREAT CANADIAN CASINO RESORT,Pass,1,1,0,0,1
GREAT CANADIAN CASINO RESORT TORONTO (POOL),Indoor Pool,2026-07-31,GREAT CANADIAN CASINO RESORT,Pass,0,0,0,0,0
GREAT CANADIAN CASINO RESORT TORONTO (SPA),Spa Indoor,2024-12-16,GREAT CANADIAN CASINO RESORT,Pass,1,1,0,0,1
GREAT CANADIAN CASINO RESORT TORONTO (SPA),Spa Indoor,2025-03-19,GREAT CANADIAN CASINO RESORT,Pass,2,2,0,0,1
GREAT CANADIAN CASINO RESORT TORONTO (SPA),Spa Indoor,2025-06-20,GREAT CANADIAN CASINO RESORT,Pass,0,0,0,0,0
GREAT CANADIAN CASINO RESORT TORONTO (SPA),Spa Indoor,2025-09-30,GREAT CANADIAN CASINO RESORT,Pass,2,1,1,0,2
GREAT CANADIAN CASINO RESORT TORONTO (SPA),Spa Indoor,2025-12-08,GREAT CANADIAN CASINO RESORT,Pass,0,0,0,0,0
GREAT CANADIAN CASINO RESORT TORONTO (SPA),Spa Indoor,2026-03-09,GREAT CANADIAN CASINO RESORT,Pass,4,2,2,0,3
GREAT CANADIAN CASINO RESORT TORONTO (SPA),Spa Indoor,2026-05-19,GREAT CANADIAN CASINO RESORT,Pass,1,1,0,0,1
GREAT CANADIAN CASINO RESORT TORONTO (SPA),Spa Indoor,2026-07-31,GREAT CANADIAN CASINO RESORT,Pass,1,1,0,0,1
GREEN ROCK,Indoor Pool,2024-09-25,GREENWIN PLACE,Pass,0,0,0,0,0
GREEN ROCK,Indoor Pool,2025-01-13,GREENWIN PLACE,Pass,1,1,0,0,1
GREEN ROCK,Indoor Pool,2025-04-22,GREENWIN PLACE,Pass,1,1,0,0,1
GREEN ROCK,Indoor Pool,2025-08-15,GREENWIN PLACE,Closed,6,3,2,1,4
GREEN ROCK,Indoor Pool,2025-08-25,GREENWIN PLACE,Pass,1,1,0,0,1
GREEN ROCK,Indoor Pool,2025-11-24,GREENWIN PLACE,Pass,1,1,0,0,1
GREEN ROCK,Indoor Pool,2026-02-13,GREENWIN PLACE,Pass,3,3,0,0,1
GREEN ROCK,Indoor Pool,2026-06-15,GREENWIN PLACE,Pass,1,0,1,0,1
GREENBELT VILLAGE POOL,Outdoor Pool,2024-08-29,GREENBELT VILLAGE,Pass,0,0,0,0,0
GREENBELT VILLAGE POOL,Outdoor Pool,2025-06-24,GREENBELT VILLAGE,Conditional Pass,5,2,1,2,3
GREENBELT VILLAGE POOL,Outdoor Pool,2025-07-07,GREENBELT VILLAGE,Closed,9,5,1,3,6
GREENBELT VILLAGE POOL,Outdoor Pool,2025-07-08,GREENBELT VILLAGE,Pass,2,2,0,0,1
GREENBELT VILLAGE POOL,Outdoor Pool,2026-07-23,GREENBELT VILLAGE,Conditional Pass,13,7,5,1,5
GREENROCK PROPERTY MANAGEMENT,Indoor Pool,2025-01-10,225 DAVISVILLE AVE,Pass,0,0,0,0,0
GREENROCK PROPERTY MANAGEMENT,Indoor Pool,2025-02-18,225 DAVISVILLE AVE,Closed,2,0,0,2,2
GREENROCK PROPERTY MANAGEMENT,Indoor Pool,2025-02-19,225 DAVISVILLE AVE,Pass,0,0,0,0,0
GREENROCK PROPERTY MANAGEMENT,Indoor Pool,2025-05-13,225 DAVISVILLE AVE,Pass,1,1,0,0,1
GREENROCK PROPERTY MANAGEMENT,Indoor Pool,2025-09-08,225 DAVISVILLE AVE,Closed,10,6,1,3,4
GREENROCK PROPERTY MANAGEMENT,Indoor Pool,2025-09-09,225 DAVISVILLE AVE,Pass,0,0,0,0,0
GREENROCK PROPERTY MANAGEMENT,Indoor Pool,2025-12-15,225 DAVISVILLE AVE,Pass,0,0,0,0,0
GREENROCK PROPERTY MANAGEMENT,Indoor Pool,2026-03-03,225 DAVISVILLE AVE,Closed,6,2,1,3,4
GREENROCK PROPERTY MANAGEMENT,Indoor Pool,2026-03-25,225 DAVISVILLE AVE,Pass,0,0,0,0,0
GREENROCK PROPERTY MANAGEMENT,Indoor Pool,2026-06-18,225 DAVISVILLE AVE,Pass,1,0,1,0,1
GREENS AT TAM O'SHANTER,Spa Indoor,2024-07-18,GREENS AT TAM O'SHANTER,Pass,0,0,0,0,0
GREENS AT TAM O'SHANTER,Spa Indoor,2024-10-10,GREENS AT TAM O'SHANTER,Conditional Pass,2,0,1,1,2
GREENS AT TAM O'SHANTER,Spa Indoor,2024-10-24,GREENS AT TAM O'SHANTER,Pass,0,0,0,0,0
GREENS AT TAM O'SHANTER,Spa Indoor,2025-04-07,GREENS AT TAM O'SHANTER,Pass,1,1,0,0,1
GREENS AT TAM O'SHANTER,Spa Indoor,2025-09-24,GREENS AT TAM O'SHANTER,Pass,1,1,0,0,1
GREENS AT TAM O'SHANTER,Spa Indoor,2025-12-01,GREENS AT TAM O'SHANTER,Pass,0,0,0,0,0
GREENS AT TAM O'SHANTER,Spa Indoor,2026-02-23,GREENS AT TAM O'SHANTER,Pass,0,0,0,0,0
GREENS AT TAM O'SHANTER,Spa Indoor,2026-06-10,GREENS AT TAM O'SHANTER,Conditional Pass,2,0,2,0,2
GREENS AT TAM O'SHANTER,Spa Indoor,2026-07-07,GREENS AT TAM O'SHANTER,Pass,0,0,0,0,0
GREENS AT TAM O'SHANTER,Spa Indoor,2026-07-17,GREENS AT TAM O'SHANTER,Pass,0,0,0,0,0
GREENS AT TAM O'SHANTER-OUTDOOR POOL,Outdoor Pool,2024-07-19,GREENS AT TAM O'SHANTER,Pass,0,0,0,0,0
GREENS AT TAM O'SHANTER-OUTDOOR POOL,Outdoor Pool,2024-10-10,GREENS AT TAM O'SHANTER,Conditional Pass,2,1,1,0,2
GREENS AT TAM O'SHANTER-OUTDOOR POOL,Outdoor Pool,2025-05-26,GREENS AT TAM O'SHANTER,Pass,1,1,0,0,1
GREENS AT TAM O'SHANTER-OUTDOOR POOL,Outdoor Pool,2025-09-24,GREENS AT TAM O'SHANTER,Pass,1,1,0,0,1
GREENS AT TAM O'SHANTER-OUTDOOR POOL,Outdoor Pool,2026-07-17,GREENS AT TAM O'SHANTER,Conditional Pass,1,0,1,0,1
GREENS AT TAM O'SHANTER-OUTDOOR POOL,Outdoor Pool,2026-09-11,GREENS AT TAM O'SHANTER,Pass,3,3,0,0,2
GREENWOOD PARK - OUTDOOR,Outdoor Pool,2025-07-08,GREENWOOD PARK,Pass,3,3,0,0,3
GREENWOOD PARK - OUTDOOR,Outdoor Pool,2026-06-24,GREENWOOD PARK,Pass,1,1,0,0,1
GRENADIER GARDENS,Indoor Pool,2024-09-17,GRENADIER GARDENS,Pass,2,1,1,0,2
GRENADIER GARDENS,Indoor Pool,2024-11-19,GRENADIER GARDENS,Pass,0,0,0,0,0
GRENADIER GARDENS,Indoor Pool,2025-03-11,GRENADIER GARDENS,Pass,0,0,0,0,0
GRENADIER GARDENS,Indoor Pool,2025-06-16,GRENADIER GARDENS,Conditional Pass,2,0,0,2,2
GRENADIER GARDENS,Indoor Pool,2025-07-03,GRENADIER GARDENS,Pass,0,0,0,0,0
GRENADIER GARDENS,Indoor Pool,2025-12-01,GRENADIER GARDENS,Conditional Pass,2,0,0,2,1
GRENADIER GARDENS,Indoor Pool,2026-03-20,GRENADIER GARDENS,Pass,0,0,0,0,0
GRENADIER GARDENS,Indoor Pool,2026-06-11,GRENADIER GARDENS,Pass,1,1,0,0,1
GRENADIER GARDENS,Indoor Pool,2026-08-05,GRENADIER GARDENS,Pass,2,2,0,0,2
GRENADIER GARDENS,Spa Indoor,2025-03-10,GRENADIER GARDENS,Pass,0,0,0,0,0
GRENADIER GARDENS,Spa Indoor,2025-06-16,GRENADIER GARDENS,Pass,0,0,0,0,0
GRENADIER GARDENS,Spa Indoor,2025-12-01,GRENADIER GARDENS,Conditional Pass,2,0,0,2,2
GRENADIER GARDENS,Spa Indoor,2025-12-22,GRENADIER GARDENS,Pass,0,0,0,0,0
GRENADIER GARDENS,Spa Indoor,2026-06-11,GRENADIER GARDENS,Pass,0,0,0,0,0
GRENADIER GARDENS,Spa Indoor,2026-08-05,GRENADIER GARDENS,Pass,2,2,0,0,2
GRENADIER GARDENS - WHIRLPOOL,Spa Indoor,2024-08-29,GRENADIER GARDENS,Pass,0,0,0,0,0
GRENADIER GARDENS - WHIRLPOOL,Spa Indoor,2025-01-15,GRENADIER GARDENS,Pass,0,0,0,0,0
GRENADIER GARDENS - WHIRLPOOL,Spa Indoor,2025-06-16,GRENADIER GARDENS,Conditional Pass,2,0,0,2,1
GRENADIER GARDENS - WHIRLPOOL,Spa Indoor,2025-07-03,GRENADIER GARDENS,Pass,0,0,0,0,0
GRENADIER GARDENS - WHIRLPOOL,Spa Indoor,2025-12-01,GRENADIER GARDENS,Conditional Pass,3,0,1,2,2
GRENADIER GARDENS - WHIRLPOOL,Spa Indoor,2025-12-22,GRENADIER GARDENS,Pass,0,0,0,0,0
GRENADIER GARDENS - WHIRLPOOL,Spa Indoor,2026-03-20,GRENADIER GARDENS,Pass,0,0,0,0,0
GRENADIER GARDENS - WHIRLPOOL,Spa Indoor,2026-06-05,GRENADIER GARDENS,Conditional Pass,3,1,1,1,2
GRENADIER GARDENS - WHIRLPOOL,Spa Indoor,2026-06-11,GRENADIER GARDENS,Pass,0,0,0,0,0
GRENADIER GARDENS - WHIRLPOOL,Spa Indoor,2026-08-05,GRENADIER GARDENS,Pass,3,3,0,0,3
GRENADIER GARDENS - YCC 118,Indoor Pool,2024-08-29,GRENADIER GARDENS,Pass,1,1,0,0,1
GRENADIER GARDENS - YCC 118,Indoor Pool,2024-11-19,GRENADIER GARDENS,Pass,0,0,0,0,0
GRENADIER GARDENS - YCC 118,Indoor Pool,2025-01-15,GRENADIER GARDENS,Pass,0,0,0,0,0
GRENADIER GARDENS - YCC 118,Indoor Pool,2025-03-10,GRENADIER GARDENS,Pass,0,0,0,0,0
GRENADIER GARDENS - YCC 118,Indoor Pool,2025-06-16,GRENADIER GARDENS,Conditional Pass,2,0,0,2,2
GRENADIER GARDENS - YCC 118,Indoor Pool,2025-07-03,GRENADIER GARDENS,Pass,0,0,0,0,0
GRENADIER GARDENS - YCC 118,Indoor Pool,2025-12-01,GRENADIER GARDENS,Conditional Pass,2,0,1,1,2
GRENADIER GARDENS - YCC 118,Indoor Pool,2025-12-22,GRENADIER GARDENS,Pass,1,1,0,0,1
GRENADIER GARDENS - YCC 118,Indoor Pool,2026-03-20,GRENADIER GARDENS,Pass,0,0,0,0,0
GRENADIER GARDENS - YCC 118,Indoor Pool,2026-06-05,GRENADIER GARDENS,Pass,1,1,0,0,1
GRENADIER GARDENS - YCC 118,Indoor Pool,2026-08-05,GRENADIER GARDENS,Pass,3,3,0,0,3
GRENADIER SQUARE,Indoor Pool,2024-09-18,GRENADIER SQUARE POOL,Pass,3,1,2,0,3
GRENADIER SQUARE,Indoor Pool,2024-12-06,GRENADIER SQUARE POOL,Pass,0,0,0,0,0
GRENADIER SQUARE,Indoor Pool,2025-03-04,GRENADIER SQUARE POOL,Pass,0,0,0,0,0
GRENADIER SQUARE,Indoor Pool,2025-08-06,GRENADIER SQUARE POOL,Pass,2,2,0,0,2
GRENADIER SQUARE,Indoor Pool,2025-12-23,GRENADIER SQUARE POOL,Closed,2,0,0,2,2
GRENADIER SQUARE,Indoor Pool,2026-01-07,GRENADIER SQUARE POOL,Pass,0,0,0,0,0
GRENADIER SQUARE,Indoor Pool,2026-06-26,GRENADIER SQUARE POOL,Conditional Pass,3,2,1,0,3
GRENADIER SQUARE,Indoor Pool,2026-06-29,GRENADIER SQUARE POOL,Pass,0,0,0,0,0
GRENADIER SQUARE,Indoor Pool,2026-09-14,GRENADIER SQUARE POOL,Pass,4,4,0,0,3
GRENADIER SQUARE SPA,Spa Indoor,2024-09-18,GRENADIER SQUARE POOL,Pass,4,2,2,0,4
GRENADIER SQUARE SPA,Spa Indoor,2025-03-04,GRENADIER SQUARE POOL,Pass,1,1,0,0,1
GRENADIER SQUARE SPA,Spa Indoor,2025-08-05,GRENADIER SQUARE POOL,Conditional Pass,4,2,1,1,3
GRENADIER SQUARE SPA,Spa Indoor,2025-08-12,GRENADIER SQUARE POOL,Pass,0,0,0,0,0
GRENADIER SQUARE SPA,Spa Indoor,2025-12-23,GRENADIER SQUARE POOL,Closed,2,0,0,2,2
GRENADIER SQUARE SPA,Spa Indoor,2026-01-07,GRENADIER SQUARE POOL,Pass,0,0,0,0,0
GRENADIER SQUARE SPA,Spa Indoor,2026-06-26,GRENADIER SQUARE POOL,Conditional Pass,3,2,1,0,3
GRENADIER SQUARE SPA,Spa Indoor,2026-06-29,GRENADIER SQUARE POOL,Pass,0,0,0,0,0
GRENADIER SQUARE SPA,Spa Indoor,2026-09-14,GRENADIER SQUARE POOL,Pass,2,1,1,0,1
GRENOBLE APARTMENTS,Indoor Pool,2025-04-24,W J PROPERTIES,Pass,5,5,0,0,1
GRENOBLE APARTMENTS,Indoor Pool,2026-04-02,W J PROPERTIES,Conditional Pass,10,5,2,3,6
GRENOBLE APARTMENTS,Indoor Pool,2026-06-05,W J PROPERTIES,Conditional Pass,6,2,2,2,6
GREYSTONE POOL,Indoor Pool,2024-09-19,1 GREYSTONE WALK DR,Pass,1,1,0,0,1
GREYSTONE POOL,Indoor Pool,2024-12-20,1 GREYSTONE WALK DR,Pass,0,0,0,0,0
GREYSTONE POOL,Indoor Pool,2025-03-18,1 GREYSTONE WALK DR,Pass,0,0,0,0,0
GREYSTONE POOL,Indoor Pool,2025-06-09,1 GREYSTONE WALK DR,Conditional Pass,2,1,1,0,2
GREYSTONE POOL,Indoor Pool,2025-06-12,1 GREYSTONE WALK DR,Pass,1,1,0,0,1
GREYSTONE POOL,Indoor Pool,2025-09-08,1 GREYSTONE WALK DR,Pass,1,1,0,0,1
GREYSTONE POOL,Indoor Pool,2025-11-04,1 GREYSTONE WALK DR,Pass,1,1,0,0,1
GREYSTONE POOL,Indoor Pool,2026-02-23,1 GREYSTONE WALK DR,Pass,1,1,0,0,1
GREYSTONE POOL,Indoor Pool,2026-06-10,1 GREYSTONE WALK DR,Pass,1,1,0,0,1
GREYSTONE WALK  DR SPA INDOOR,Spa Indoor,2024-09-18,5 GREYSTONE WALK DR,Pass,0,0,0,0,0
GREYSTONE WALK  DR SPA INDOOR,Spa Indoor,2024-12-11,5 GREYSTONE WALK DR,Conditional Pass,3,2,0,1,2
GREYSTONE WALK  DR SPA INDOOR,Spa Indoor,2024-12-23,5 GREYSTONE WALK DR,Pass,0,0,0,0,0
GREYSTONE WALK  DR SPA INDOOR,Spa Indoor,2025-03-26,5 GREYSTONE WALK DR,Pass,1,1,0,0,1
GREYSTONE WALK  DR SPA INDOOR,Spa Indoor,2025-06-04,5 GREYSTONE WALK DR,Pass,0,0,0,0,0
GREYSTONE WALK  DR SPA INDOOR,Spa Indoor,2025-10-09,5 GREYSTONE WALK DR,Pass,0,0,0,0,0
GREYSTONE WALK  DR SPA INDOOR,Spa Indoor,2026-01-12,5 GREYSTONE WALK DR,Closed,2,0,0,2,2
GREYSTONE WALK  DR SPA INDOOR,Spa Indoor,2026-01-20,5 GREYSTONE WALK DR,Pass,1,1,0,0,1
GREYSTONE WALK  DR SPA INDOOR,Spa Indoor,2026-05-20,5 GREYSTONE WALK DR,Pass,0,0,0,0,0
GREYSTONE WALK LTD.,Indoor Pool,2024-09-18,5 GREYSTONE WALK DR,Pass,0,0,0,0,0
GREYSTONE WALK LTD.,Indoor Pool,2024-12-11,5 GREYSTONE WALK DR,Conditional Pass,2,1,1,0,2
GREYSTONE WALK LTD.,Indoor Pool,2024-12-23,5 GREYSTONE WALK DR,Pass,0,0,0,0,0
GREYSTONE WALK LTD.,Indoor Pool,2025-03-26,5 GREYSTONE WALK DR,Pass,0,0,0,0,0
GREYSTONE WALK LTD.,Indoor Pool,2025-06-04,5 GREYSTONE WALK DR,Pass,2,2,0,0,2
GREYSTONE WALK LTD.,Indoor Pool,2025-09-04,5 GREYSTONE WALK DR,Pass,0,0,0,0,0
GREYSTONE WALK LTD.,Indoor Pool,2025-10-09,5 GREYSTONE WALK DR,Pass,1,1,0,0,1
GREYSTONE WALK LTD.,Indoor Pool,2026-01-12,5 GREYSTONE WALK DR,Pass,2,2,0,0,2
GREYSTONE WALK LTD.,Indoor Pool,2026-05-20,5 GREYSTONE WALK DR,Pass,0,0,0,0,0
GREYSTONE WALK PHASE I,Outdoor Pool,2024-08-13,5 GREYSTONE WALK DR,Pass,0,0,0,0,0
GREYSTONE WALK PHASE I,Outdoor Pool,2025-06-03,5 GREYSTONE WALK DR,Closed,2,0,0,2,2
GREYSTONE WALK PHASE I,Outdoor Pool,2025-06-04,5 GREYSTONE WALK DR,Pass,0,0,0,0,0
GREYSTONE WALK PHASE I,Outdoor Pool,2026-07-14,5 GREYSTONE WALK DR,Conditional Pass,4,3,1,0,3
GREYSTONE WALK PHASE I,Outdoor Pool,2026-07-22,5 GREYSTONE WALK DR,Pass,2,2,0,0,1
GREYSTONE WHIRLPOOL,Spa Indoor,2024-09-19,1 GREYSTONE WALK DR,Conditional Pass,3,1,1,1,2
GREYSTONE WHIRLPOOL,Spa Indoor,2024-09-20,1 GREYSTONE WALK DR,Pass,0,0,0,0,0
GREYSTONE WHIRLPOOL,Spa Indoor,2024-12-20,1 GREYSTONE WALK DR,Pass,0,0,0,0,0
GREYSTONE WHIRLPOOL,Spa Indoor,2025-03-18,1 GREYSTONE WALK DR,Pass,1,0,1,0,1
GREYSTONE WHIRLPOOL,Spa Indoor,2025-06-09,1 GREYSTONE WALK DR,Conditional Pass,2,1,1,0,2
GREYSTONE WHIRLPOOL,Spa Indoor,2025-06-12,1 GREYSTONE WALK DR,Pass,0,0,0,0,0
GREYSTONE WHIRLPOOL,Spa Indoor,2025-09-08,1 GREYSTONE WALK DR,Pass,0,0,0,0,0
GREYSTONE WHIRLPOOL,Spa Indoor,2025-11-04,1 GREYSTONE WALK DR,Pass,0,0,0,0,0
GREYSTONE WHIRLPOOL,Spa Indoor,2026-02-23,1 GREYSTONE WALK DR,Pass,0,0,0,0,0
GREYSTONE WHIRLPOOL,Spa Indoor,2026-06-10,1 GREYSTONE WALK DR,Pass,1,1,0,0,1
GUILDWOOD TERRACE,Indoor Pool,2024-08-21,GUILDWOOD TERRACE,Pass,0,0,0,0,0
GUILDWOOD TERRACE,Indoor Pool,2024-11-04,GUILDWOOD TERRACE,Pass,1,1,0,0,1
GUILDWOOD TERRACE,Indoor Pool,2025-02-25,GUILDWOOD TERRACE,Pass,0,0,0,0,0
GUILDWOOD TERRACE,Indoor Pool,2025-05-12,GUILDWOOD TERRACE,Pass,0,0,0,0,0
GUILDWOOD TERRACE,Indoor Pool,2025-09-09,GUILDWOOD TERRACE,Pass,1,1,0,0,1
GUILDWOOD TERRACE,Indoor Pool,2025-11-26,GUILDWOOD TERRACE,Pass,0,0,0,0,0
GUILDWOOD TERRACE,Indoor Pool,2026-02-11,GUILDWOOD TERRACE,Pass,1,1,0,0,1
GUILDWOOD TERRACE,Indoor Pool,2026-05-21,GUILDWOOD TERRACE,Pass,1,1,0,0,1
GUILDWOOD TERRACE,Indoor Pool,2026-09-23,GUILDWOOD TERRACE,Pass,1,1,0,0,1
GUILDWOOD TERRACE,Spa Indoor,2024-08-21,GUILDWOOD TERRACE,Pass,3,3,0,0,3
GUILDWOOD TERRACE,Spa Indoor,2024-11-21,GUILDWOOD TERRACE,Conditional Pass,4,1,2,1,2
GUILDWOOD TERRACE,Spa Indoor,2024-12-13,GUILDWOOD TERRACE,Pass,0,0,0,0,0
GUILDWOOD TERRACE,Spa Indoor,2025-02-25,GUILDWOOD TERRACE,Pass,1,1,0,0,1
GUILDWOOD TERRACE,Spa Indoor,2025-05-12,GUILDWOOD TERRACE,Pass,1,1,0,0,1
GUILDWOOD TERRACE,Spa Indoor,2025-09-09,GUILDWOOD TERRACE,Conditional Pass,2,1,1,0,1
GUILDWOOD TERRACE,Spa Indoor,2025-09-23,GUILDWOOD TERRACE,Pass,0,0,0,0,0
GUILDWOOD TERRACE,Spa Indoor,2025-11-26,GUILDWOOD TERRACE,Pass,2,1,1,0,1
GUILDWOOD TERRACE,Spa Indoor,2026-02-11,GUILDWOOD TERRACE,Pass,1,1,0,0,1
GUILDWOOD TERRACE,Spa Indoor,2026-05-21,GUILDWOOD TERRACE,Closed,2,0,0,2,2
GUILDWOOD TERRACE,Spa Indoor,2026-05-22,GUILDWOOD TERRACE,Pass,0,0,0,0,0
GUILDWOOD TERRACE,Spa Indoor,2026-09-23,GUILDWOOD TERRACE,Conditional Pass,2,1,1,0,1
GUILDWOOD TERRACE,Spa Indoor,2026-09-25,GUILDWOOD TERRACE,Pass,0,0,0,0,0
GUS RYDER POOL HEALTH CLUB,Indoor Pool,2024-09-04,GUS RYDER POOL & HEALTH CLUB,Pass,0,0,0,0,0
GUS RYDER POOL HEALTH CLUB,Indoor Pool,2024-11-14,GUS RYDER POOL & HEALTH CLUB,Pass,0,0,0,0,0
GUS RYDER POOL HEALTH CLUB,Indoor Pool,2025-03-12,GUS RYDER POOL & HEALTH CLUB,Pass,0,0,0,0,0
GUS RYDER POOL HEALTH CLUB,Indoor Pool,2025-06-11,GUS RYDER POOL & HEALTH CLUB,Pass,0,0,0,0,0
GUS RYDER POOL HEALTH CLUB,Indoor Pool,2025-09-17,GUS RYDER POOL & HEALTH CLUB,Pass,0,0,0,0,0
GUS RYDER POOL HEALTH CLUB,Indoor Pool,2026-01-21,GUS RYDER POOL & HEALTH CLUB,Pass,0,0,0,0,0
GUS RYDER POOL HEALTH CLUB,Indoor Pool,2026-05-11,GUS RYDER POOL & HEALTH CLUB,Pass,0,0,0,0,0
GWL RESIDENTIAL,Indoor Pool,2025-12-04,GWL RESIDENTIAL,Pass,2,2,0,0,2
GWL RESIDENTIAL,Indoor Pool,2026-03-09,GWL RESIDENTIAL,Pass,0,0,0,0,0
GWL RESIDENTIAL,Indoor Pool,2026-05-25,GWL RESIDENTIAL,Pass,0,0,0,0,0
HA HALBERT,Outdoor Pool,2024-07-12,HALBERT PARK,Pass,1,1,0,0,1
HA HALBERT,Outdoor Pool,2025-07-17,HALBERT PARK,Pass,1,1,0,0,1
HA HALBERT,Outdoor Pool,2026-08-13,HALBERT PARK,Pass,2,2,0,0,2
HARBORD COLLEGIATE,Indoor Pool,2024-07-15,HARBORD COLLEGIATE,Pass,0,0,0,0,0
HARBORD COLLEGIATE,Indoor Pool,2024-10-15,HARBORD COLLEGIATE,Pass,0,0,0,0,0
HARBORD COLLEGIATE,Indoor Pool,2025-01-14,HARBORD COLLEGIATE,Pass,0,0,0,0,0
HARBORD COLLEGIATE,Indoor Pool,2025-04-02,HARBORD COLLEGIATE,Pass,0,0,0,0,0
HARBORD COLLEGIATE,Indoor Pool,2025-07-15,HARBORD COLLEGIATE,Pass,0,0,0,0,0
HARBORD COLLEGIATE,Indoor Pool,2025-10-08,HARBORD COLLEGIATE,Pass,0,0,0,0,0
HARBORD COLLEGIATE,Indoor Pool,2026-01-08,HARBORD COLLEGIATE,Pass,0,0,0,0,0
HARBORD COLLEGIATE,Indoor Pool,2026-04-22,HARBORD COLLEGIATE,Pass,0,0,0,0,0
HARBORD COLLEGIATE,Indoor Pool,2026-08-11,HARBORD COLLEGIATE,Pass,0,0,0,0,0
HARBOUR TERRACE,Indoor Pool,2024-09-04,HARBOUR TERRACE,Pass,1,1,0,0,1
HARBOUR TERRACE,Indoor Pool,2024-12-02,HARBOUR TERRACE,Pass,1,1,0,0,1
HARBOUR TERRACE,Indoor Pool,2025-03-07,HARBOUR TERRACE,Pass,1,1,0,0,1
HARBOUR TERRACE,Indoor Pool,2025-05-20,HARBOUR TERRACE,Pass,1,1,0,0,1
HARBOUR TERRACE,Indoor Pool,2025-10-17,HARBOUR TERRACE,Pass,0,0,0,0,0
HARBOUR TERRACE,Indoor Pool,2026-03-04,HARBOUR TERRACE,Pass,0,0,0,0,0
HARBOUR TERRACE,Indoor Pool,2026-08-18,HARBOUR TERRACE,Pass,1,1,0,0,1
HARBOURVIEW SUPER CLUB,Indoor Pool,2024-08-21,HARBOURVIEW SUPER CLUB,Pass,0,0,0,0,0
HARBOURVIEW SUPER CLUB,Indoor Pool,2024-11-12,HARBOURVIEW SUPER CLUB,Pass,0,0,0,0,0
HARBOURVIEW SUPER CLUB,Indoor Pool,2025-02-11,HARBOURVIEW SUPER CLUB,Pass,0,0,0,0,0
HARBOURVIEW SUPER CLUB,Indoor Pool,2025-05-06,HARBOURVIEW SUPER CLUB,Pass,0,0,0,0,0
HARBOURVIEW SUPER CLUB,Indoor Pool,2025-11-18,HARBOURVIEW SUPER CLUB,Pass,0,0,0,0,0
HARBOURVIEW SUPER CLUB,Indoor Pool,2026-02-23,HARBOURVIEW SUPER CLUB,Pass,0,0,0,0,0
HARBOURVIEW SUPER CLUB,Indoor Pool,2026-05-22,HARBOURVIEW SUPER CLUB,Pass,0,0,0,0,0
HARBOURVIEW SUPER CLUB,Indoor Pool,2026-09-08,HARBOURVIEW SUPER CLUB,Pass,0,0,0,0,0
HARRISON BATHS,Indoor Pool,2024-07-16,HARRISON POOL,Pass,1,1,0,0,1
HARRISON BATHS,Indoor Pool,2025-03-12,HARRISON POOL,Conditional Pass,2,1,0,1,2
HARRISON BATHS,Indoor Pool,2025-04-16,HARRISON POOL,Pass,0,0,0,0,0
HARRISON BATHS,Indoor Pool,2025-07-23,HARRISON POOL,Conditional Pass,3,2,0,1,3
HARRISON BATHS,Indoor Pool,2025-11-12,HARRISON POOL,Pass,0,0,0,0,0
HARRISON BATHS,Indoor Pool,2026-01-02,HARRISON POOL,Conditional Pass,2,1,0,1,2
HARRISON BATHS,Indoor Pool,2026-04-13,HARRISON POOL,Pass,1,1,0,0,1
HARRISON BATHS,Indoor Pool,2026-07-23,HARRISON POOL,Pass,0,0,0,0,0
HART HOUSE POOL,Indoor Pool,2024-08-15,HART HOUSE POOL,Pass,1,1,0,0,1
HART HOUSE POOL,Indoor Pool,2024-11-01,HART HOUSE POOL,Conditional Pass,2,0,0,2,2
HART HOUSE POOL,Indoor Pool,2025-01-10,HART HOUSE POOL,Conditional Pass,1,0,0,1,1
HART HOUSE POOL,Indoor Pool,2025-02-14,HART HOUSE POOL,Pass,0,0,0,0,0
HART HOUSE POOL,Indoor Pool,2025-04-09,HART HOUSE POOL,Pass,0,0,0,0,0
HART HOUSE POOL,Indoor Pool,2025-07-18,HART HOUSE POOL,Pass,0,0,0,0,0
HART HOUSE POOL,Indoor Pool,2025-10-22,HART HOUSE POOL,Pass,0,0,0,0,0
HART HOUSE POOL,Indoor Pool,2026-01-19,HART HOUSE POOL,Pass,0,0,0,0,0
HART HOUSE POOL,Indoor Pool,2026-06-12,HART HOUSE POOL,Pass,0,0,0,0,0
HAVERGAL COLLEGE,Indoor Pool,2024-09-19,HAVERGAL COLLEGE,Pass,0,0,0,0,0
HAVERGAL COLLEGE,Indoor Pool,2024-11-19,HAVERGAL COLLEGE,Pass,1,1,0,0,1
HAVERGAL COLLEGE,Indoor Pool,2025-02-03,HAVERGAL COLLEGE,Pass,0,0,0,0,0
HAVERGAL COLLEGE,Indoor Pool,2025-05-06,HAVERGAL COLLEGE,Pass,0,0,0,0,0
HAVERGAL COLLEGE,Indoor Pool,2025-10-01,HAVERGAL COLLEGE,Pass,0,0,0,0,0
HAVERGAL COLLEGE,Indoor Pool,2026-01-23,HAVERGAL COLLEGE,Pass,0,0,0,0,0
HAVERGAL COLLEGE,Indoor Pool,2026-04-10,HAVERGAL COLLEGE,Pass,0,0,0,0,0
HAVERGAL COLLEGE,Indoor Pool,2026-07-28,HAVERGAL COLLEGE,Pass,0,0,0,0,0
HAYTER ST DEVELOPMENTS 2ND FLOOR CONDOMINIUM,Indoor Pool,2024-08-07,HAYTER ST DEVELOPMENTS 2ND FLOOR CONDOMINIUM,Pass,0,0,0,0,0
HAYTER ST DEVELOPMENTS 2ND FLOOR CONDOMINIUM,Indoor Pool,2024-11-05,HAYTER ST DEVELOPMENTS 2ND FLOOR CONDOMINIUM,Pass,0,0,0,0,0
HAYTER ST DEVELOPMENTS 2ND FLOOR CONDOMINIUM,Indoor Pool,2025-03-14,HAYTER ST DEVELOPMENTS 2ND FLOOR CONDOMINIUM,Pass,0,0,0,0,0
HAYTER ST DEVELOPMENTS 2ND FLOOR CONDOMINIUM,Indoor Pool,2025-05-09,HAYTER ST DEVELOPMENTS 2ND FLOOR CONDOMINIUM,Pass,0,0,0,0,0
HAYTER ST DEVELOPMENTS 2ND FLOOR CONDOMINIUM,Indoor Pool,2025-09-10,HAYTER ST DEVELOPMENTS 2ND FLOOR CONDOMINIUM,Pass,0,0,0,0,0
HAYTER ST DEVELOPMENTS 2ND FLOOR CONDOMINIUM,Indoor Pool,2025-12-30,HAYTER ST DEVELOPMENTS 2ND FLOOR CONDOMINIUM,Pass,1,1,0,0,1
HAYTER ST DEVELOPMENTS 2ND FLOOR CONDOMINIUM,Indoor Pool,2026-02-17,HAYTER ST DEVELOPMENTS 2ND FLOOR CONDOMINIUM,Pass,1,1,0,0,1
HAYTER ST DEVELOPMENTS 2ND FLOOR CONDOMINIUM,Indoor Pool,2026-04-16,HAYTER ST DEVELOPMENTS 2ND FLOOR CONDOMINIUM,Pass,0,0,0,0,0
HAYTER ST DEVELOPMENTS 2ND FLOOR CONDOMINIUM,Indoor Pool,2026-04-22,HAYTER ST DEVELOPMENTS 2ND FLOOR CONDOMINIUM,Pass,0,0,0,0,0
HAYTER ST DEVELOPMENTS 2ND FLOOR CONDOMINIUM,Indoor Pool,2026-09-23,HAYTER ST DEVELOPMENTS 2ND FLOOR CONDOMINIUM,Pass,1,1,0,0,1
HEARTHSTONE BY THE BAY,Spa Indoor,2024-09-06,HEARTHSTONE BY THE BAY,Pass,0,0,0,0,0
HEARTHSTONE BY THE BAY,Spa Indoor,2024-11-22,HEARTHSTONE BY THE BAY,Pass,0,0,0,0,0
HEARTHSTONE BY THE BAY,Spa Indoor,2025-03-25,HEARTHSTONE BY THE BAY,Pass,0,0,0,0,0
HEARTHSTONE BY THE BAY,Spa Indoor,2025-06-30,HEARTHSTONE BY THE BAY,Pass,0,0,0,0,0
HEARTHSTONE BY THE BAY,Spa Indoor,2025-09-22,HEARTHSTONE BY THE BAY,Pass,0,0,0,0,0
HEARTHSTONE BY THE BAY,Spa Indoor,2025-12-12,HEARTHSTONE BY THE BAY,Pass,0,0,0,0,0
HEARTHSTONE BY THE BAY,Spa Indoor,2026-03-30,HEARTHSTONE BY THE BAY,Pass,0,0,0,0,0
HEARTHSTONE BY THE BAY,Spa Indoor,2026-06-01,HEARTHSTONE BY THE BAY,Pass,0,0,0,0,0
HEATH SIDE PLACE,Indoor Pool,2024-09-19,HEATH SIDE PLACE,Pass,0,0,0,0,0
HEATH SIDE PLACE,Indoor Pool,2024-12-23,HEATH SIDE PLACE,Pass,1,1,0,0,1
HEATH SIDE PLACE,Indoor Pool,2025-03-28,HEATH SIDE PLACE,Pass,0,0,0,0,0
HEATH SIDE PLACE,Indoor Pool,2025-06-06,HEATH SIDE PLACE,Conditional Pass,5,1,4,0,3
HEATH SIDE PLACE,Indoor Pool,2025-06-11,HEATH SIDE PLACE,Pass,0,0,0,0,0
HEATH SIDE PLACE,Indoor Pool,2025-10-31,HEATH SIDE PLACE,Conditional Pass,3,0,1,2,2
HEATH SIDE PLACE,Indoor Pool,2025-11-07,HEATH SIDE PLACE,Pass,0,0,0,0,0
HEATH SIDE PLACE,Indoor Pool,2026-03-30,HEATH SIDE PLACE,Conditional Pass,3,2,1,0,3
HEATH SIDE PLACE,Indoor Pool,2026-04-02,HEATH SIDE PLACE,Pass,0,0,0,0,0
HEATH SIDE PLACE,Indoor Pool,2026-09-23,HEATH SIDE PLACE,Conditional Pass,1,0,1,0,1
HEATH SIDE PLACE,Spa Indoor,2024-12-23,HEATH SIDE PLACE,Pass,0,0,0,0,0
HEATH SIDE PLACE,Spa Indoor,2025-06-06,HEATH SIDE PLACE,Conditional Pass,6,1,5,0,3
HEATH SIDE PLACE,Spa Indoor,2025-10-31,HEATH SIDE PLACE,Conditional Pass,4,1,1,2,2
HEATH SIDE PLACE,Spa Indoor,2025-11-07,HEATH SIDE PLACE,Pass,1,1,0,0,1
HEATH SIDE PLACE,Spa Indoor,2026-03-30,HEATH SIDE PLACE,Conditional Pass,2,1,0,1,2
HEATH SIDE PLACE,Spa Indoor,2026-09-23,HEATH SIDE PLACE,Conditional Pass,2,0,1,1,2
HEMISPHERE I,Outdoor Pool,2024-07-19,HEMISPHERE I,Conditional Pass,3,2,0,1,2
HEMISPHERE I,Outdoor Pool,2024-07-25,HEMISPHERE I,Pass,0,0,0,0,0
HEMISPHERE I,Outdoor Pool,2025-07-11,HEMISPHERE I,Pass,2,2,0,0,1
HEMISPHERES CONDO SPA,Spa Indoor,2025-07-11,131 TORRESDALE AVE,Pass,4,4,0,0,4
HEMISPHERES CONDO SPA,Spa Indoor,2025-10-09,131 TORRESDALE AVE,Pass,3,3,0,0,3
HEMISPHERES CONDO SPA,Spa Indoor,2026-02-04,131 TORRESDALE AVE,Conditional Pass,5,2,2,1,3
HEMISPHERES CONDO SPA,Spa Indoor,2026-02-10,131 TORRESDALE AVE,Pass,1,1,0,0,1
HEMISPHERES CONDO SPA,Spa Indoor,2026-06-04,131 TORRESDALE AVE,Pass,3,3,0,0,3
HEMISPHERES CONDO SPA,Spa Indoor,2026-09-08,131 TORRESDALE AVE,Pass,0,0,0,0,0
HERON PARK RECREATION CENTRE,Outdoor Pool,2024-08-20,HERON PARK RECREATION CENTRE,Pass,1,1,0,0,1
HERON PARK RECREATION CENTRE,Outdoor Pool,2025-07-30,HERON PARK RECREATION CENTRE,Pass,1,1,0,0,1
HERON PARK RECREATION CENTRE,Outdoor Pool,2026-07-03,HERON PARK RECREATION CENTRE,Pass,1,1,0,0,1
HIGH PARK GARDENS,Outdoor Pool,2024-07-22,HIGH PARK GARDENS,Pass,0,0,0,0,0
HIGH PARK GARDENS,Outdoor Pool,2025-08-12,HIGH PARK GARDENS,Conditional Pass,11,6,1,4,4
HIGH PARK GARDENS,Outdoor Pool,2025-08-20,HIGH PARK GARDENS,Conditional Pass,9,4,2,3,5
HIGH PARK GARDENS,Outdoor Pool,2026-07-08,HIGH PARK GARDENS,Pass,0,0,0,0,0
HIGH PARK POOL,Outdoor Pool,2025-07-04,HIGH PARK,Conditional Pass,5,3,2,0,3
HIGH PARK POOL,Outdoor Pool,2025-07-28,HIGH PARK POOL,Conditional Pass,5,3,1,1,4
HIGH PARK POOL,Outdoor Pool,2025-08-12,HIGH PARK POOL,Conditional Pass,4,2,0,2,2
HIGH PARK POOL,Outdoor Pool,2025-08-20,HIGH PARK POOL,Pass,1,1,0,0,1
HIGH PARK POOL,Outdoor Pool,2026-07-06,HIGH PARK,Pass,2,2,0,0,2
HIGH PARK POOL,Outdoor Pool,2026-09-02,HIGH PARK POOL,Conditional Pass,3,2,1,0,3
HIGH PARK POOL,Outdoor Pool,2026-09-17,HIGH PARK POOL,Pass,1,1,0,0,1
HIGH PARK PROPERTY MANAGEMENT,Outdoor Pool,2024-07-09,60 MOUNTVIEW AVE,Pass,4,4,0,0,2
HIGH PARK PROPERTY MANAGEMENT,Outdoor Pool,2025-07-16,60 MOUNTVIEW AVE,Pass,0,0,0,0,0
HIGH PARK PROPERTY MANAGEMENT,Outdoor Pool,2026-07-30,60 MOUNTVIEW AVE,Closed,5,2,2,1,3
HIGH PARK PROPERTY MANAGEMENT,Outdoor Pool,2026-08-04,60 MOUNTVIEW AVE,Pass,0,0,0,0,0
HIGH PARK RECREATION & FITNESS,Outdoor Pool,2025-07-29,HIGH PARK RECREATION & FITNESS,Conditional Pass,10,4,2,4,5
HIGH PARK RECREATION & FITNESS,Outdoor Pool,2025-08-15,HIGH PARK RECREATION & FITNESS,Pass,1,1,0,0,1
HIGH PARK RECREATION & FITNESS,Outdoor Pool,2026-07-31,HIGH PARK RECREATION & FITNESS,Conditional Pass,3,2,1,0,3
HIGH PARK RECREATION & FITNESS,Outdoor Pool,2026-08-26,HIGH PARK RECREATION & FITNESS,Pass,0,0,0,0,0
HIGHGATE 1 & 3 CONCORD PLACE INDOOR POOL,Indoor Pool,2024-07-12,CONCORDE PLACE,Pass,1,1,0,0,1
HIGHGATE 1 & 3 CONCORD PLACE INDOOR POOL,Indoor Pool,2024-12-20,CONCORDE PLACE,Pass,2,1,1,0,2
HIGHGATE 1 & 3 CONCORD PLACE INDOOR POOL,Indoor Pool,2025-03-25,CONCORDE PLACE,Conditional Pass,1,0,1,0,1
HIGHGATE 1 & 3 CONCORD PLACE INDOOR POOL,Indoor Pool,2025-03-27,CONCORDE PLACE,Pass,0,0,0,0,0
HIGHGATE 1 & 3 CONCORD PLACE INDOOR POOL,Indoor Pool,2025-05-08,CONCORDE PLACE,Pass,0,0,0,0,0
HIGHGATE 1 & 3 CONCORD PLACE INDOOR POOL,Indoor Pool,2026-01-27,CONCORDE PLACE,Pass,0,0,0,0,0
HIGHGATE 1 & 3 CONCORD PLACE INDOOR POOL,Indoor Pool,2026-07-03,CONCORDE PLACE,Pass,1,1,0,0,1
HIGHGATE 1 & 3 CONCORD PLACE INDOOR SPA,Spa Indoor,2024-07-12,CONCORDE PLACE,Pass,1,1,0,0,1
HIGHGATE 1 & 3 CONCORD PLACE INDOOR SPA,Spa Indoor,2024-12-20,CONCORDE PLACE,Pass,1,1,0,0,1
HIGHGATE 1 & 3 CONCORD PLACE INDOOR SPA,Spa Indoor,2025-03-25,CONCORDE PLACE,Conditional Pass,3,0,2,1,2
HIGHGATE 1 & 3 CONCORD PLACE INDOOR SPA,Spa Indoor,2025-03-27,CONCORDE PLACE,Pass,0,0,0,0,0
HIGHGATE 1 & 3 CONCORD PLACE INDOOR SPA,Spa Indoor,2025-05-08,CONCORDE PLACE,Pass,0,0,0,0,0
HIGHGATE 1 & 3 CONCORD PLACE INDOOR SPA,Spa Indoor,2026-01-27,CONCORDE PLACE,Pass,0,0,0,0,0
HIGHGATE 1 & 3 CONCORD PLACE INDOOR SPA,Spa Indoor,2026-07-03,CONCORDE PLACE,Pass,1,1,0,0,1
HILLCREST COMMUNITY SCHOOL,Indoor Pool,2024-09-17,HILLCREST COMMUNITY SCHOOL,Pass,1,1,0,0,1
HILLCREST COMMUNITY SCHOOL,Indoor Pool,2024-12-09,HILLCREST COMMUNITY SCHOOL,Pass,0,0,0,0,0
HILLCREST COMMUNITY SCHOOL,Indoor Pool,2025-03-27,HILLCREST COMMUNITY SCHOOL,Pass,0,0,0,0,0
HILLCREST COMMUNITY SCHOOL,Indoor Pool,2025-05-27,HILLCREST COMMUNITY SCHOOL,Pass,0,0,0,0,0
HILLCREST COMMUNITY SCHOOL,Indoor Pool,2025-10-21,HILLCREST COMMUNITY SCHOOL,Pass,0,0,0,0,0
HILLCREST COMMUNITY SCHOOL,Indoor Pool,2026-03-02,HILLCREST COMMUNITY SCHOOL,Conditional Pass,3,1,1,1,3
HILLCREST COMMUNITY SCHOOL,Indoor Pool,2026-04-08,HILLCREST COMMUNITY SCHOOL,Pass,0,0,0,0,0
HILLCREST PROGRESSIVE SCHOOL OUTDOOR POOL,Outdoor Pool,2025-07-03,HILLCREST PROGRESSIVE SCHOOL,Conditional Pass,1,0,0,1,1
HILLCREST PROGRESSIVE SCHOOL OUTDOOR POOL,Outdoor Pool,2025-07-07,HILLCREST PROGRESSIVE SCHOOL,Pass,0,0,0,0,0
HILLCREST PROGRESSIVE SCHOOL OUTDOOR POOL,Outdoor Pool,2026-07-06,HILLCREST PROGRESSIVE SCHOOL,Conditional Pass,5,0,2,3,4
HILLCREST PROGRESSIVE SCHOOL OUTDOOR POOL,Outdoor Pool,2026-07-30,HILLCREST PROGRESSIVE SCHOOL,Pass,0,0,0,0,0
HILLHURST POOL,Outdoor Pool,2024-07-17,HILLHURST,Pass,0,0,0,0,0
HILLHURST POOL,Outdoor Pool,2025-07-30,HILLHURST,Conditional Pass,4,2,1,1,4
HILLHURST POOL,Outdoor Pool,2025-08-26,HILLHURST,Pass,0,0,0,0,0
HILLHURST POOL,Outdoor Pool,2026-08-19,HILLHURST,Pass,1,1,0,0,1
HILLSBOROUGH COURT TOWERS,Indoor Pool,2024-07-29,HILLSBOROUGH COURT TOWERS,Pass,0,0,0,0,0
HILLSBOROUGH COURT TOWERS,Indoor Pool,2024-10-04,HILLSBOROUGH COURT TOWERS,Conditional Pass,4,2,1,1,3
HILLSBOROUGH COURT TOWERS,Indoor Pool,2024-10-09,HILLSBOROUGH COURT TOWERS,Pass,1,1,0,0,1
HILLSBOROUGH COURT TOWERS,Indoor Pool,2025-01-08,HILLSBOROUGH COURT TOWERS,Pass,0,0,0,0,0
HILLSBOROUGH COURT TOWERS,Indoor Pool,2025-04-14,HILLSBOROUGH COURT TOWERS,Closed,5,3,0,2,4
HILLSBOROUGH COURT TOWERS,Indoor Pool,2025-05-01,HILLSBOROUGH COURT TOWERS,Pass,0,0,0,0,0
HILLSBOROUGH COURT TOWERS,Indoor Pool,2025-07-17,HILLSBOROUGH COURT TOWERS,Pass,2,2,0,0,2
HILLSBOROUGH COURT TOWERS,Indoor Pool,2025-10-10,HILLSBOROUGH COURT TOWERS,Pass,1,1,0,0,1
HILLSBOROUGH COURT TOWERS,Indoor Pool,2026-01-20,HILLSBOROUGH COURT TOWERS,Pass,0,0,0,0,0
HILLSBOROUGH COURT TOWERS,Indoor Pool,2026-04-24,HILLSBOROUGH COURT TOWERS,Conditional Pass,2,0,1,1,2
HILLSBOROUGH COURT TOWERS,Indoor Pool,2026-05-07,HILLSBOROUGH COURT TOWERS,Pass,0,0,0,0,0
HILLSBOROUGH COURT TOWERS,Indoor Pool,2026-07-20,HILLSBOROUGH COURT TOWERS,Pass,1,1,0,0,1
HILLSBOROUGH COURT TOWERS,Spa Indoor,2024-10-09,HILLSBOROUGH COURT TOWERS,Pass,0,0,0,0,0
HILLSBOROUGH COURT TOWERS,Spa Indoor,2025-04-14,HILLSBOROUGH COURT TOWERS,Conditional Pass,3,1,1,1,2
HILLSBOROUGH COURT TOWERS,Spa Indoor,2025-04-30,HILLSBOROUGH COURT TOWERS,Pass,3,3,0,0,2
HILLSBOROUGH COURT TOWERS,Spa Indoor,2025-07-17,HILLSBOROUGH COURT TOWERS,Pass,2,2,0,0,2
HILLSBOROUGH COURT TOWERS,Spa Indoor,2025-10-10,HILLSBOROUGH COURT TOWERS,Pass,1,1,0,0,1
HILLSBOROUGH COURT TOWERS,Spa Indoor,2026-01-19,HILLSBOROUGH COURT TOWERS,Closed,4,0,2,2,3
HILLSBOROUGH COURT TOWERS,Spa Indoor,2026-01-20,HILLSBOROUGH COURT TOWERS,Pass,1,1,0,0,1
HILLSBOROUGH COURT TOWERS,Spa Indoor,2026-04-24,HILLSBOROUGH COURT TOWERS,Conditional Pass,1,0,1,0,1
HILLSBOROUGH COURT TOWERS,Spa Indoor,2026-07-20,HILLSBOROUGH COURT TOWERS,Conditional Pass,3,0,2,1,2
HILLSBOROUGH COURT TOWERS,Spa Indoor,2026-07-22,HILLSBOROUGH COURT TOWERS,Pass,0,0,0,0,0
HILTON TORONTO,Indoor Pool,2024-09-18,HILTON TORONTO,Pass,0,0,0,0,0
HILTON TORONTO,Indoor Pool,2024-12-11,HILTON TORONTO,Pass,0,0,0,0,0
HILTON TORONTO,Indoor Pool,2025-03-25,HILTON TORONTO,Pass,0,0,0,0,0
HILTON TORONTO,Indoor Pool,2025-06-27,HILTON TORONTO,Pass,0,0,0,0,0
HILTON TORONTO,Indoor Pool,2025-09-30,HILTON TORONTO,Pass,0,0,0,0,0
HILTON TORONTO,Indoor Pool,2025-12-17,HILTON TORONTO,Pass,0,0,0,0,0
HILTON TORONTO,Indoor Pool,2026-03-31,HILTON TORONTO,Pass,0,0,0,0,0
HILTON TORONTO,Indoor Pool,2026-06-30,HILTON TORONTO,Pass,1,1,0,0,1
HOLIDAY INN EXPRESS,Indoor Pool,2024-08-06,HOLIDAY INN EXPRESS,Pass,0,0,0,0,0
HOLIDAY INN EXPRESS,Indoor Pool,2024-09-18,HOLIDAY INN EXPRESS,Pass,4,1,3,0,1
HOLIDAY INN EXPRESS,Indoor Pool,2024-10-11,HOLIDAY INN EXPRESS,Conditional Pass,3,2,1,0,3
HOLIDAY INN EXPRESS,Indoor Pool,2024-10-18,HOLIDAY INN EXPRESS,Pass,0,0,0,0,0
HOLIDAY INN EXPRESS,Indoor Pool,2024-12-16,HOLIDAY INN EXPRESS,Pass,0,0,0,0,0
HOLIDAY INN EXPRESS,Indoor Pool,2025-03-19,HOLIDAY INN EXPRESS,Pass,1,1,0,0,1
HOLIDAY INN EXPRESS,Indoor Pool,2025-05-13,HOLIDAY INN EXPRESS,Pass,0,0,0,0,0
HOLIDAY INN EXPRESS,Indoor Pool,2025-06-25,HOLIDAY INN EXPRESS,Pass,0,0,0,0,0
HOLIDAY INN EXPRESS,Indoor Pool,2025-09-19,HOLIDAY INN EXPRESS,Conditional Pass,2,0,0,2,2
HOLIDAY INN EXPRESS,Indoor Pool,2025-09-24,HOLIDAY INN EXPRESS,Pass,1,1,0,0,1
HOLIDAY INN EXPRESS,Indoor Pool,2025-12-10,HOLIDAY INN EXPRESS,Pass,0,0,0,0,0
HOLIDAY INN EXPRESS,Indoor Pool,2025-12-12,HOLIDAY INN EXPRESS,Pass,0,0,0,0,0
HOLIDAY INN EXPRESS,Indoor Pool,2025-12-29,HOLIDAY INN EXPRESS,Pass,0,0,0,0,0
HOLIDAY INN EXPRESS,Indoor Pool,2026-02-04,HOLIDAY INN EXPRESS,Pass,0,0,0,0,0
HOLIDAY INN EXPRESS,Indoor Pool,2026-03-12,HOLIDAY INN EXPRESS,Pass,1,1,0,0,1
HOLIDAY INN EXPRESS,Indoor Pool,2026-04-17,HOLIDAY INN EXPRESS,Pass,0,0,0,0,0
HOLIDAY INN EXPRESS,Indoor Pool,2026-05-21,HOLIDAY INN EXPRESS,Pass,1,1,0,0,1
HOLIDAY INN EXPRESS,Indoor Pool,2026-08-24,HOLIDAY INN EXPRESS,Pass,5,5,0,0,1
HOLIDAY INN EXPRESS,Indoor Pool,2026-08-25,HOLIDAY INN EXPRESS,Pass,0,0,0,0,0
HOLIDAY INN TORONTO AIRPORT EAST,Indoor Pool,2024-09-28,HOLIDAY INN - TORONTO AIRPORT,Pass,0,0,0,0,0
HOLIDAY INN TORONTO AIRPORT EAST,Indoor Pool,2024-12-13,HOLIDAY INN - TORONTO AIRPORT,Pass,0,0,0,0,0
HOLIDAY INN TORONTO AIRPORT EAST,Indoor Pool,2025-03-10,HOLIDAY INN - TORONTO AIRPORT,Pass,0,0,0,0,0
HOLIDAY INN TORONTO AIRPORT EAST,Indoor Pool,2025-05-16,HOLIDAY INN - TORONTO AIRPORT,Pass,0,0,0,0,0
HOLIDAY INN TORONTO AIRPORT EAST,Indoor Pool,2025-09-19,HOLIDAY INN - TORONTO AIRPORT,Pass,1,1,0,0,1
HOLIDAY INN TORONTO AIRPORT EAST,Indoor Pool,2025-12-03,HOLIDAY INN - TORONTO AIRPORT,Pass,0,0,0,0,0
HOLIDAY INN TORONTO AIRPORT EAST,Indoor Pool,2026-03-05,HOLIDAY INN - TORONTO AIRPORT,Pass,1,0,1,0,1
HOLIDAY INN TORONTO AIRPORT EAST,Indoor Pool,2026-06-15,HOLIDAY INN - TORONTO AIRPORT,Pass,1,0,1,0,1
HOLIDAY INN TORONTO AIRPORT EAST,Indoor Pool,2026-09-17,HOLIDAY INN - TORONTO AIRPORT,Pass,1,1,0,0,1
HOLIDAY INN TORONTO INTERNATIONAL AIRPORT,Indoor Pool,2024-08-19,HOLIDAY INN TORONTO INTERNATIONAL AIRPORT,Pass,4,4,0,0,2
HOLIDAY INN TORONTO INTERNATIONAL AIRPORT,Indoor Pool,2024-11-28,HOLIDAY INN TORONTO INTERNATIONAL AIRPORT,Pass,2,2,0,0,1
HOLIDAY INN TORONTO INTERNATIONAL AIRPORT,Indoor Pool,2025-05-06,HOLIDAY INN TORONTO INTERNATIONAL AIRPORT,Pass,1,1,0,0,1
HOLIDAY INN TORONTO INTERNATIONAL AIRPORT,Indoor Pool,2025-10-16,HOLIDAY INN TORONTO INTERNATIONAL AIRPORT,Pass,0,0,0,0,0
HOLIDAY INN TORONTO INTERNATIONAL AIRPORT,Indoor Pool,2026-03-24,HOLIDAY INN TORONTO INTERNATIONAL AIRPORT,Pass,0,0,0,0,0
HOLIDAY INN TORONTO INTERNATIONAL AIRPORT,Indoor Pool,2026-05-12,HOLIDAY INN TORONTO INTERNATIONAL AIRPORT,Pass,0,0,0,0,0
HOLIDAY INN TORONTO INTERNATIONAL AIRPORT,Indoor Pool,2026-09-21,HOLIDAY INN TORONTO INTERNATIONAL AIRPORT,Pass,4,4,0,0,2
HOLLAND BLOORVIEW KIDS REHABILITATION HOSPITAL,Indoor Pool,2024-10-17,HOLLAND BLOORVIEW KIDS REHABILITATION HOSPITAL - MAIN POOL,Pass,0,0,0,0,0
HOLLAND BLOORVIEW KIDS REHABILITATION HOSPITAL,Indoor Pool,2025-01-10,HOLLAND BLOORVIEW KIDS REHABILITATION HOSPITAL - MAIN POOL,Pass,0,0,0,0,0
HOLLAND BLOORVIEW KIDS REHABILITATION HOSPITAL,Indoor Pool,2025-04-10,HOLLAND BLOORVIEW KIDS REHABILITATION HOSPITAL - MAIN POOL,Pass,4,3,1,0,3
HOLLAND BLOORVIEW KIDS REHABILITATION HOSPITAL,Indoor Pool,2025-12-23,HOLLAND BLOORVIEW KIDS REHABILITATION HOSPITAL - MAIN POOL,Pass,2,2,0,0,2
HOLLAND BLOORVIEW KIDS REHABILITATION HOSPITAL,Indoor Pool,2026-03-23,HOLLAND BLOORVIEW KIDS REHABILITATION HOSPITAL - MAIN POOL,Pass,2,2,0,0,2
HOLLAND BLOORVIEW KIDS REHABILITATION HOSPITAL,Indoor Pool,2026-05-28,HOLLAND BLOORVIEW KIDS REHABILITATION HOSPITAL - MAIN POOL,Pass,1,1,0,0,1
HOLLAND BLOORVIEW KIDS REHABILITATION HOSPITAL - MAIN POOL,Indoor Pool,2024-10-17,HOLLAND BLOORVIEW KIDS REHABILITATION HOSPITAL - MAIN POOL,Pass,1,1,0,0,1
HOLLAND BLOORVIEW KIDS REHABILITATION HOSPITAL - MAIN POOL,Indoor Pool,2025-01-10,HOLLAND BLOORVIEW KIDS REHABILITATION HOSPITAL - MAIN POOL,Pass,0,0,0,0,0
HOLLAND BLOORVIEW KIDS REHABILITATION HOSPITAL - MAIN POOL,Indoor Pool,2025-04-10,HOLLAND BLOORVIEW KIDS REHABILITATION HOSPITAL - MAIN POOL,Pass,4,3,1,0,3
HOLLAND BLOORVIEW KIDS REHABILITATION HOSPITAL - MAIN POOL,Indoor Pool,2025-12-23,HOLLAND BLOORVIEW KIDS REHABILITATION HOSPITAL - MAIN POOL,Pass,2,2,0,0,2
HOLLAND BLOORVIEW KIDS REHABILITATION HOSPITAL - MAIN POOL,Indoor Pool,2026-03-23,HOLLAND BLOORVIEW KIDS REHABILITATION HOSPITAL - MAIN POOL,Pass,1,1,0,0,1
HOLLAND BLOORVIEW KIDS REHABILITATION HOSPITAL - MAIN POOL,Indoor Pool,2026-05-28,HOLLAND BLOORVIEW KIDS REHABILITATION HOSPITAL - MAIN POOL,Pass,1,1,0,0,1
HOLLYWOOD PLAZA POOL,Indoor Pool,2024-07-15,HOLLYWOOD PLAZA,Pass,0,0,0,0,0
HOLLYWOOD PLAZA POOL,Indoor Pool,2024-10-22,HOLLYWOOD PLAZA,Pass,0,0,0,0,0
HOLLYWOOD PLAZA POOL,Indoor Pool,2025-01-20,HOLLYWOOD PLAZA,Pass,1,1,0,0,1
HOLLYWOOD PLAZA POOL,Indoor Pool,2025-04-15,HOLLYWOOD PLAZA,Pass,1,0,1,0,1
HOLLYWOOD PLAZA POOL,Indoor Pool,2025-08-08,HOLLYWOOD PLAZA,Pass,1,0,1,0,1
HOLLYWOOD PLAZA POOL,Indoor Pool,2025-11-18,HOLLYWOOD PLAZA,Pass,0,0,0,0,0
HOLLYWOOD PLAZA POOL,Indoor Pool,2026-01-20,HOLLYWOOD PLAZA,Pass,1,1,0,0,1
HOLLYWOOD PLAZA POOL,Indoor Pool,2026-05-06,HOLLYWOOD PLAZA,Pass,0,0,0,0,0
HOLLYWOOD PLAZA SPA,Spa Indoor,2024-07-15,HOLLYWOOD PLAZA,Pass,2,1,1,0,2
HOLLYWOOD PLAZA SPA,Spa Indoor,2024-10-22,HOLLYWOOD PLAZA,Pass,1,1,0,0,1
HOLLYWOOD PLAZA SPA,Spa Indoor,2025-01-20,HOLLYWOOD PLAZA,Pass,0,0,0,0,0
HOLLYWOOD PLAZA SPA,Spa Indoor,2025-04-15,HOLLYWOOD PLAZA,Pass,1,0,1,0,1
HOLLYWOOD PLAZA SPA,Spa Indoor,2025-08-08,HOLLYWOOD PLAZA,Pass,0,0,0,0,0
HOLLYWOOD PLAZA SPA,Spa Indoor,2025-11-18,HOLLYWOOD PLAZA,Conditional Pass,1,0,1,0,1
HOLLYWOOD PLAZA SPA,Spa Indoor,2026-01-20,HOLLYWOOD PLAZA,Pass,0,0,0,0,0
HOLLYWOOD PLAZA SPA,Spa Indoor,2026-05-06,HOLLYWOOD PLAZA,Pass,0,0,0,0,0
HOMESTEAD LAND HOLDINGS,Indoor Pool,2024-10-22,UPPER CANADA APARTMENTS,Pass,2,2,0,0,2
HOMESTEAD LAND HOLDINGS,Indoor Pool,2025-01-30,UPPER CANADA APARTMENTS,Pass,1,1,0,0,1
HOMESTEAD LAND HOLDINGS,Indoor Pool,2025-04-24,UPPER CANADA APARTMENTS,Pass,5,4,1,0,2
HOMESTEAD LAND HOLDINGS,Indoor Pool,2025-08-27,UPPER CANADA APARTMENTS,Pass,3,3,0,0,3
HOMESTEAD LAND HOLDINGS,Indoor Pool,2025-12-05,UPPER CANADA APARTMENTS,Pass,0,0,0,0,0
HOMESTEAD LAND HOLDINGS,Indoor Pool,2026-02-19,UPPER CANADA APARTMENTS,Conditional Pass,2,1,0,1,1
HOMESTEAD LAND HOLDINGS,Indoor Pool,2026-02-24,UPPER CANADA APARTMENTS,Pass,0,0,0,0,0
HOMESTEAD LAND HOLDINGS,Indoor Pool,2026-06-09,UPPER CANADA APARTMENTS,Pass,7,7,0,0,4
HORIZON ON BAY,Indoor Pool,2024-10-10,633 BAY ST,Pass,0,0,0,0,0
HORIZON ON BAY,Indoor Pool,2025-01-03,633 BAY ST,Conditional Pass,4,2,1,1,3
HORIZON ON BAY,Indoor Pool,2025-01-06,633 BAY ST,Pass,0,0,0,0,0
HORIZON ON BAY,Indoor Pool,2025-05-05,633 BAY ST,Pass,0,0,0,0,0
HORIZON ON BAY,Indoor Pool,2025-09-04,633 BAY ST,Conditional Pass,1,0,0,1,1
HORIZON ON BAY,Indoor Pool,2025-10-14,633 BAY ST,Conditional Pass,2,0,0,2,1
HORIZON ON BAY,Indoor Pool,2025-11-12,633 BAY ST,Pass,0,0,0,0,0
HORIZON ON BAY,Indoor Pool,2026-02-20,633 BAY ST,Pass,1,1,0,0,1
HORIZON ON BAY,Indoor Pool,2026-06-04,633 BAY ST,Pass,0,0,0,0,0
HORIZON ON BAY,Indoor Pool,2026-09-16,633 BAY ST,Pass,0,0,0,0,0
HORIZON ON BAY CONDOMINIUM / MTCC 723,Spa Indoor,2024-10-10,633 BAY ST,Pass,0,0,0,0,0
HORIZON ON BAY CONDOMINIUM / MTCC 723,Spa Indoor,2025-01-03,633 BAY ST,Conditional Pass,3,1,1,1,3
HORIZON ON BAY CONDOMINIUM / MTCC 723,Spa Indoor,2025-01-06,633 BAY ST,Pass,0,0,0,0,0
HORIZON ON BAY CONDOMINIUM / MTCC 723,Spa Indoor,2025-05-05,633 BAY ST,Pass,1,1,0,0,1
HORIZON ON BAY CONDOMINIUM / MTCC 723,Spa Indoor,2025-09-04,633 BAY ST,Conditional Pass,2,1,0,1,1
HORIZON ON BAY CONDOMINIUM / MTCC 723,Spa Indoor,2025-11-12,633 BAY ST,Pass,0,0,0,0,0
HORIZON ON BAY CONDOMINIUM / MTCC 723,Spa Indoor,2026-02-20,633 BAY ST,Pass,0,0,0,0,0
HORIZON ON BAY CONDOMINIUM / MTCC 723,Spa Indoor,2026-06-04,633 BAY ST,Pass,0,0,0,0,0
HORIZON ON BAY CONDOMINIUM / MTCC 723,Spa Indoor,2026-09-16,633 BAY ST,Pass,0,0,0,0,0
HOTEL X TORONTO,Outdoor Pool,2024-09-27,HOTEL X TORONTO,Pass,0,0,0,0,0
HOTEL X TORONTO,Outdoor Pool,2025-03-18,HOTEL X TORONTO,Pass,0,0,0,0,0
HOTEL X TORONTO,Outdoor Pool,2025-06-17,HOTEL X TORONTO,Pass,0,0,0,0,0
HOTEL X TORONTO,Outdoor Pool,2026-08-27,HOTEL X TORONTO,Pass,0,0,0,0,0
HULLMARK CONDOMINIUM INDOOR SPA,Spa Indoor,2024-08-01,HULLMARK CONDOMINIUM,Pass,0,0,0,0,0
HULLMARK CONDOMINIUM INDOOR SPA,Spa Indoor,2024-11-14,HULLMARK CONDOMINIUM,Pass,1,1,0,0,1
HULLMARK CONDOMINIUM INDOOR SPA,Spa Indoor,2025-02-07,HULLMARK CONDOMINIUM,Pass,0,0,0,0,0
HULLMARK CONDOMINIUM INDOOR SPA,Spa Indoor,2025-04-30,HULLMARK CONDOMINIUM,Pass,0,0,0,0,0
HULLMARK CONDOMINIUM INDOOR SPA,Spa Indoor,2025-08-13,HULLMARK CONDOMINIUM,Conditional Pass,1,0,0,1,1
HULLMARK CONDOMINIUM INDOOR SPA,Spa Indoor,2025-08-19,HULLMARK CONDOMINIUM,Pass,0,0,0,0,0
HULLMARK CONDOMINIUM INDOOR SPA,Spa Indoor,2025-10-24,HULLMARK CONDOMINIUM,Pass,0,0,0,0,0
HULLMARK CONDOMINIUM INDOOR SPA,Spa Indoor,2026-02-17,HULLMARK CONDOMINIUM,Conditional Pass,3,1,1,1,1
HULLMARK CONDOMINIUM INDOOR SPA,Spa Indoor,2026-03-02,HULLMARK CONDOMINIUM,Pass,0,0,0,0,0
HULLMARK CONDOMINIUM INDOOR SPA,Spa Indoor,2026-06-26,HULLMARK CONDOMINIUM,Conditional Pass,2,0,2,0,2
HULLMARK CONDOMINIUM INDOOR SPA,Spa Indoor,2026-07-09,HULLMARK CONDOMINIUM,Pass,0,0,0,0,0
HULLMARK CONDOMINIUM OUTDOOR POOL,Outdoor Pool,2025-05-29,HULLMARK CONDOMINIUM,Pass,1,1,0,0,1
HULLMARK CONDOMINIUM OUTDOOR POOL,Outdoor Pool,2025-08-13,HULLMARK CONDOMINIUM,Conditional Pass,3,1,1,1,2
HULLMARK CONDOMINIUM OUTDOOR POOL,Outdoor Pool,2025-08-22,HULLMARK CONDOMINIUM,Pass,0,0,0,0,0
HULLMARK CONDOMINIUM OUTDOOR POOL,Outdoor Pool,2026-07-09,HULLMARK CONDOMINIUM,Pass,0,0,0,0,0
HULLMARK CONDOMINIUM OUTDOOR SPA,Spa Outdoor,2025-05-29,HULLMARK CONDOMINIUM,Pass,0,0,0,0,0
HULLMARK CONDOMINIUM OUTDOOR SPA,Spa Outdoor,2025-08-13,HULLMARK CONDOMINIUM,Closed,5,1,1,3,4
HULLMARK CONDOMINIUM OUTDOOR SPA,Spa Outdoor,2025-08-22,HULLMARK CONDOMINIUM,Pass,0,0,0,0,0
HULLMARK CONDOMINIUM OUTDOOR SPA,Spa Outdoor,2026-07-09,HULLMARK CONDOMINIUM,Pass,1,0,1,0,1
HUMBER HILL TOWER,Indoor Pool,2024-09-28,HUMBER HILL TOWER,Pass,0,0,0,0,0
HUMBER HILL TOWER,Indoor Pool,2024-12-30,HUMBER HILL TOWER,Pass,2,1,1,0,1
HUMBER HILL TOWER,Indoor Pool,2025-03-19,HUMBER HILL TOWER,Pass,0,0,0,0,0
HUMBER HILL TOWER,Indoor Pool,2025-06-20,HUMBER HILL TOWER,Pass,0,0,0,0,0
HUMBER HILL TOWER,Indoor Pool,2025-09-26,HUMBER HILL TOWER,Pass,0,0,0,0,0
HUMBER HILL TOWER,Indoor Pool,2025-12-15,HUMBER HILL TOWER,Pass,0,0,0,0,0
HUMBER HILL TOWER,Indoor Pool,2026-03-18,HUMBER HILL TOWER,Pass,0,0,0,0,0
HUMBER HILL TOWER,Indoor Pool,2026-06-02,HUMBER HILL TOWER,Pass,0,0,0,0,0
HUMBER I,Indoor Pool,2024-09-18,HUMBER I,Pass,0,0,0,0,0
HUMBER I,Indoor Pool,2024-11-13,HUMBER I,Pass,0,0,0,0,0
HUMBER I,Indoor Pool,2025-03-12,HUMBER I,Pass,0,0,0,0,0
HUMBER I,Indoor Pool,2025-05-21,HUMBER I,Pass,0,0,0,0,0
HUMBER I,Indoor Pool,2025-09-10,HUMBER I,Pass,0,0,0,0,0
HUMBER I,Indoor Pool,2025-10-23,HUMBER I,Pass,0,0,0,0,0
HUMBER I,Indoor Pool,2026-01-27,HUMBER I,Pass,1,1,0,0,1
HUMBER I,Indoor Pool,2026-04-07,HUMBER I,Pass,1,1,0,0,1
HUMBER I,Indoor Pool,2026-08-10,HUMBER I,Pass,1,1,0,0,1
HUMBER I,Spa Indoor,2024-09-18,HUMBER I,Pass,1,0,1,0,1
HUMBER I,Spa Indoor,2025-09-10,HUMBER I,Pass,1,1,0,0,1
HUMBER I,Spa Indoor,2025-10-23,HUMBER I,Pass,1,1,0,0,1
HUMBER I,Spa Indoor,2026-01-27,HUMBER I,Pass,1,1,0,0,1
HUMBER I,Spa Indoor,2026-04-07,HUMBER I,Pass,1,1,0,0,1
HUMBER I,Spa Indoor,2026-08-10,HUMBER I,Conditional Pass,2,0,1,1,1
HUMBER I,Spa Indoor,2026-08-26,HUMBER I,Pass,0,0,0,0,0
HUMBER I-II-III,Outdoor Pool,2024-07-29,HUMBER I,Pass,3,2,1,0,2
HUMBER I-II-III,Outdoor Pool,2025-08-11,HUMBER I,Pass,2,2,0,0,2
HUMBER I-II-III,Outdoor Pool,2026-08-10,HUMBER I,Pass,2,2,0,0,2
HUMBER II,Indoor Pool,2024-09-25,HUMBER II,Pass,1,1,0,0,1
HUMBER II,Indoor Pool,2024-12-16,HUMBER II,Pass,1,0,1,0,1
HUMBER II,Indoor Pool,2025-03-24,HUMBER II,Pass,0,0,0,0,0
HUMBER II,Indoor Pool,2025-05-26,HUMBER II,Pass,0,0,0,0,0
HUMBER II,Indoor Pool,2025-10-24,HUMBER II,Pass,0,0,0,0,0
HUMBER II,Indoor Pool,2026-02-27,HUMBER II,Pass,3,3,0,0,3
HUMBER II,Indoor Pool,2026-05-05,HUMBER II,Pass,1,1,0,0,1
HUMBER II,Indoor Pool,2026-08-26,HUMBER II,Pass,0,0,0,0,0
HUMBER II,Spa Indoor,2024-09-25,HUMBER II,Pass,0,0,0,0,0
HUMBER II,Spa Indoor,2024-12-16,HUMBER II,Pass,0,0,0,0,0
HUMBER II,Spa Indoor,2026-02-27,HUMBER II,Pass,0,0,0,0,0
HUMBER II,Spa Indoor,2026-05-05,HUMBER II,Pass,1,1,0,0,1
HUMBER II,Spa Indoor,2026-08-26,HUMBER II,Pass,1,1,0,0,1
HUMBER III,Indoor Pool,2024-09-19,HUMBER III,Pass,0,0,0,0,0
HUMBER III,Indoor Pool,2024-11-27,HUMBER III,Pass,0,0,0,0,0
HUMBER III,Indoor Pool,2025-03-13,HUMBER III,Pass,0,0,0,0,0
HUMBER III,Indoor Pool,2025-05-26,HUMBER III,Pass,0,0,0,0,0
HUMBER III,Indoor Pool,2026-06-25,HUMBER III,Pass,4,4,0,0,3
HUMBER III,Indoor Pool,2026-09-25,HUMBER III,Pass,2,2,0,0,2
HUMBER III,Spa Indoor,2024-09-19,HUMBER III,Pass,1,0,1,0,1
HUMBER III,Spa Indoor,2025-03-13,HUMBER III,Pass,1,1,0,0,1
HUMBER III,Spa Indoor,2025-05-26,HUMBER III,Pass,1,1,0,0,1
HUMBER III,Spa Indoor,2026-06-25,HUMBER III,Pass,2,2,0,0,2
HUMBER III,Spa Indoor,2026-09-25,HUMBER III,Pass,2,2,0,0,2
HUMBERVIEW HEIGHTS,Indoor Pool,2024-10-17,HUMBERVIEW HEIGHTS,Pass,0,0,0,0,0
HUMBERVIEW HEIGHTS,Indoor Pool,2025-02-05,HUMBERVIEW HEIGHTS,Pass,0,0,0,0,0
HUMBERVIEW HEIGHTS,Indoor Pool,2025-04-29,HUMBERVIEW HEIGHTS,Pass,0,0,0,0,0
HUMBERVIEW HEIGHTS,Indoor Pool,2025-07-08,HUMBERVIEW HEIGHTS,Pass,0,0,0,0,0
HUMBERVIEW HEIGHTS,Indoor Pool,2025-11-19,HUMBERVIEW HEIGHTS,Closed,3,0,1,2,3
HUMBERVIEW HEIGHTS,Indoor Pool,2025-11-20,HUMBERVIEW HEIGHTS,Pass,0,0,0,0,0
HUMBERVIEW HEIGHTS,Indoor Pool,2026-03-02,HUMBERVIEW HEIGHTS,Pass,0,0,0,0,0
HUMBERVIEW HEIGHTS,Indoor Pool,2026-06-01,HUMBERVIEW HEIGHTS,Pass,0,0,0,0,0
HUMBERVIEW HEIGHTS,Indoor Pool,2026-09-23,HUMBERVIEW HEIGHTS,Pass,2,2,0,0,1
HUMBERVIEW HEIGHTS,Spa Indoor,2025-04-29,HUMBERVIEW HEIGHTS,Conditional Pass,1,0,1,0,1
HUMBERVIEW HEIGHTS,Spa Indoor,2025-11-19,HUMBERVIEW HEIGHTS,Closed,2,0,1,1,2
HUMBERVIEW HEIGHTS,Spa Indoor,2026-09-23,HUMBERVIEW HEIGHTS,Conditional Pass,5,1,1,3,4
HUNTINGTON POOL,Indoor Pool,2024-08-20,HUNTINGTON POOL,Pass,0,0,0,0,0
HUNTINGTON POOL,Indoor Pool,2024-11-08,HUNTINGTON POOL,Pass,0,0,0,0,0
HUNTINGTON POOL,Indoor Pool,2025-01-22,HUNTINGTON POOL,Pass,0,0,0,0,0
HUNTINGTON POOL,Indoor Pool,2025-04-03,HUNTINGTON POOL,Pass,1,1,0,0,1
HUNTINGTON POOL,Indoor Pool,2025-07-16,HUNTINGTON POOL,Conditional Pass,3,2,0,1,3
HUNTINGTON POOL,Indoor Pool,2025-07-18,HUNTINGTON POOL,Pass,0,0,0,0,0
HUNTINGTON POOL,Indoor Pool,2025-10-14,HUNTINGTON POOL,Pass,2,2,0,0,1
HUNTINGTON POOL,Indoor Pool,2026-01-05,HUNTINGTON POOL,Pass,1,1,0,0,1
HUNTINGTON POOL,Indoor Pool,2026-04-27,HUNTINGTON POOL,Pass,4,4,0,0,3
HUNTINGTON POOL,Indoor Pool,2026-09-15,HUNTINGTON POOL,Pass,1,1,0,0,1
HUNTINGTON SPA,Spa Indoor,2024-08-20,HUNTINGTON POOL,Pass,0,0,0,0,0
HUNTINGTON SPA,Spa Indoor,2024-11-08,HUNTINGTON POOL,Pass,1,1,0,0,1
HUNTINGTON SPA,Spa Indoor,2025-01-22,HUNTINGTON POOL,Pass,0,0,0,0,0
HUNTINGTON SPA,Spa Indoor,2025-04-03,HUNTINGTON POOL,Pass,0,0,0,0,0
HUNTINGTON SPA,Spa Indoor,2025-07-16,HUNTINGTON POOL,Conditional Pass,3,2,0,1,2
HUNTINGTON SPA,Spa Indoor,2025-07-18,HUNTINGTON POOL,Pass,0,0,0,0,0
HUNTINGTON SPA,Spa Indoor,2025-10-14,HUNTINGTON POOL,Closed,7,3,1,3,4
HUNTINGTON SPA,Spa Indoor,2025-10-21,HUNTINGTON POOL,Pass,0,0,0,0,0
HUNTINGTON SPA,Spa Indoor,2026-01-05,HUNTINGTON POOL,Pass,0,0,0,0,0
HUNTINGTON SPA,Spa Indoor,2026-04-27,HUNTINGTON POOL,Pass,1,1,0,0,1
HUNTINGTON SPA,Spa Indoor,2026-09-15,HUNTINGTON POOL,Pass,1,1,0,0,1
HYATT PLACE TORONTO AIRPORT,Indoor Pool,2025-10-27,HYATT PLACE TORONTO AIRPORT,Pass,0,0,0,0,0
HYATT PLACE TORONTO AIRPORT,Indoor Pool,2026-03-04,HYATT PLACE TORONTO AIRPORT,Pass,4,1,3,0,2
HYATT PLACE TORONTO AIRPORT,Indoor Pool,2026-04-10,HYATT PLACE TORONTO AIRPORT,Conditional Pass,7,2,4,1,3
HYATT PLACE TORONTO AIRPORT,Indoor Pool,2026-04-15,HYATT PLACE TORONTO AIRPORT,Pass,0,0,0,0,0
HYATT PLACE TORONTO AIRPORT,Indoor Pool,2026-08-17,HYATT PLACE TORONTO AIRPORT,Pass,0,0,0,0,0
HYATT REGENCY TORONTO,Outdoor Pool,2024-08-26,HYATT REGENCY TORONTO,Pass,0,0,0,0,0
HYATT REGENCY TORONTO,Outdoor Pool,2026-07-03,HYATT REGENCY TORONTO,Pass,2,2,0,0,2
ICE CONDOS - CLASS B INDOOR,Indoor Pool,2024-08-13,ICE CONDOS,Pass,2,2,0,0,1
ICE CONDOS - CLASS B INDOOR,Indoor Pool,2024-11-27,ICE CONDOS,Pass,2,2,0,0,2
ICE CONDOS - CLASS B INDOOR,Indoor Pool,2025-02-12,ICE CONDOS,Conditional Pass,2,1,0,1,2
ICE CONDOS - CLASS B INDOOR,Indoor Pool,2025-02-26,ICE CONDOS,Conditional Pass,1,0,1,0,1
ICE CONDOS - CLASS B INDOOR,Indoor Pool,2025-03-26,ICE CONDOS,Pass,0,0,0,0,0
ICE CONDOS - CLASS B INDOOR,Indoor Pool,2025-05-22,ICE CONDOS,Pass,2,2,0,0,2
ICE CONDOS - CLASS B INDOOR,Indoor Pool,2026-03-19,ICE CONDOS,Pass,2,2,0,0,2
ICE CONDOS - CLASS B INDOOR,Indoor Pool,2026-05-27,ICE CONDOS,Closed,4,1,1,2,4
ICE CONDOS - CLASS B INDOOR,Indoor Pool,2026-06-18,ICE CONDOS,Pass,0,0,0,0,0
ICE CONDOS SPA HOT,Spa Indoor,2024-08-13,ICE CONDOS,Pass,2,2,0,0,2
ICE CONDOS SPA HOT,Spa Indoor,2024-11-27,ICE CONDOS,Pass,1,1,0,0,1
ICE CONDOS SPA HOT,Spa Indoor,2025-02-12,ICE CONDOS,Conditional Pass,2,1,1,0,2
ICE CONDOS SPA HOT,Spa Indoor,2025-02-13,ICE CONDOS,Pass,0,0,0,0,0
ICE CONDOS SPA HOT,Spa Indoor,2025-05-22,ICE CONDOS,Conditional Pass,3,1,1,1,2
ICE CONDOS SPA HOT,Spa Indoor,2025-05-29,ICE CONDOS,Pass,0,0,0,0,0
ICE CONDOS SPA HOT,Spa Indoor,2026-03-20,ICE CONDOS,Pass,2,2,0,0,2
ICE CONDOS SPA HOT,Spa Indoor,2026-06-18,ICE CONDOS,Pass,0,0,0,0,0
ICE CONDOS SPA- COLD,Spa Indoor,2024-09-10,ICE CONDOS,Pass,1,1,0,0,1
ICE CONDOS SPA- COLD,Spa Indoor,2024-11-27,ICE CONDOS,Pass,3,2,1,0,2
ICE CONDOS SPA- COLD,Spa Indoor,2025-03-26,ICE CONDOS,Pass,1,1,0,0,1
ICE CONDOS SPA- COLD,Spa Indoor,2025-05-22,ICE CONDOS,Conditional Pass,3,1,1,1,2
ICE CONDOS SPA- COLD,Spa Indoor,2025-05-29,ICE CONDOS,Pass,0,0,0,0,0
ICE CONDOS SPA- COLD,Spa Indoor,2026-06-18,ICE CONDOS,Conditional Pass,2,1,0,1,2
ICE CONDOS SPA- COLD,Spa Indoor,2026-06-23,ICE CONDOS,Pass,0,0,0,0,0
ICON OUTDOOR SPA,Spa Outdoor,2024-09-16,ICON OUTDOOR SPA,Pass,0,0,0,0,0
ICON OUTDOOR SPA,Spa Outdoor,2025-06-11,ICON OUTDOOR SPA,Conditional Pass,1,0,0,1,1
ICON OUTDOOR SPA,Spa Outdoor,2025-08-18,ICON OUTDOOR SPA,Closed,4,0,0,4,4
ICON OUTDOOR SPA,Spa Outdoor,2025-09-02,ICON OUTDOOR SPA,Pass,0,0,0,0,0
ICON OUTDOOR SPA,Spa Outdoor,2026-07-07,ICON OUTDOOR SPA,Closed,3,0,1,2,2
ICON OUTDOOR SPA,Spa Outdoor,2026-07-10,ICON OUTDOOR SPA,Pass,0,0,0,0,0
ICON POOL (OUTDOOR),Outdoor Pool,2024-07-26,ICON OUTDOOR SPA,Pass,3,3,0,0,2
ICON POOL (OUTDOOR),Outdoor Pool,2024-09-16,ICON OUTDOOR SPA,Pass,1,1,0,0,1
ICON POOL (OUTDOOR),Outdoor Pool,2025-06-11,ICON OUTDOOR SPA,Conditional Pass,4,2,0,2,4
ICON POOL (OUTDOOR),Outdoor Pool,2025-08-18,ICON OUTDOOR SPA,Closed,7,2,0,5,5
ICON POOL (OUTDOOR),Outdoor Pool,2025-09-02,ICON OUTDOOR SPA,Pass,0,0,0,0,0
ICON POOL (OUTDOOR),Outdoor Pool,2026-07-07,ICON OUTDOOR SPA,Closed,4,1,1,2,3
ICON POOL (OUTDOOR),Outdoor Pool,2026-07-10,ICON OUTDOOR SPA,Pass,0,0,0,0,0
IMMIX,Outdoor Pool,2024-08-13,IMMIX - 7 GROSVENOR ST,Conditional Pass,4,1,2,1,4
IMMIX,Outdoor Pool,2024-09-06,IMMIX - 7 GROSVENOR ST,Pass,0,0,0,0,0
IMMIX,Outdoor Pool,2025-06-18,IMMIX - 7 GROSVENOR ST,Conditional Pass,2,0,1,1,2
IMMIX,Outdoor Pool,2025-06-26,IMMIX - 7 GROSVENOR ST,Pass,2,2,0,0,2
IMMIX,Outdoor Pool,2026-07-15,IMMIX - 7 GROSVENOR ST,Pass,3,2,1,0,3
IMMIX,Outdoor Pool,2026-09-02,IMMIX - 7 GROSVENOR ST,Pass,3,2,1,0,3
IMPERIAL CLUB,Indoor Pool,2024-09-23,IMPERIAL CLUB - CONDOMINIUM POOL CLUB,Pass,1,1,0,0,1
IMPERIAL CLUB,Indoor Pool,2025-01-16,IMPERIAL CLUB - CONDOMINIUM POOL CLUB,Pass,1,1,0,0,1
IMPERIAL CLUB,Indoor Pool,2025-04-25,IMPERIAL CLUB - CONDOMINIUM POOL CLUB,Conditional Pass,3,1,1,1,3
IMPERIAL CLUB,Indoor Pool,2025-05-01,IMPERIAL CLUB - CONDOMINIUM POOL CLUB,Pass,0,0,0,0,0
IMPERIAL CLUB,Indoor Pool,2025-09-30,IMPERIAL CLUB - CONDOMINIUM POOL CLUB,Pass,1,1,0,0,1
IMPERIAL CLUB,Indoor Pool,2025-12-16,IMPERIAL CLUB - CONDOMINIUM POOL CLUB,Pass,0,0,0,0,0
IMPERIAL CLUB,Indoor Pool,2026-02-27,IMPERIAL CLUB - CONDOMINIUM POOL CLUB,Pass,0,0,0,0,0
IMPERIAL CLUB,Indoor Pool,2026-04-22,IMPERIAL CLUB - CONDOMINIUM POOL CLUB,Pass,2,2,0,0,2
IMPERIAL CLUB,Spa Indoor,2025-01-16,IMPERIAL CLUB - CONDOMINIUM POOL CLUB,Pass,0,0,0,0,0
IMPERIAL CLUB,Spa Indoor,2025-04-25,IMPERIAL CLUB - CONDOMINIUM POOL CLUB,Pass,1,1,0,0,1
IMPERIAL CLUB,Spa Indoor,2025-09-30,IMPERIAL CLUB - CONDOMINIUM POOL CLUB,Conditional Pass,3,0,2,1,2
IMPERIAL CLUB,Spa Indoor,2025-10-14,IMPERIAL CLUB - CONDOMINIUM POOL CLUB,Pass,0,0,0,0,0
IMPERIAL CLUB,Spa Indoor,2026-02-27,IMPERIAL CLUB - CONDOMINIUM POOL CLUB,Conditional Pass,3,1,1,1,1
IMPERIAL CLUB,Spa Indoor,2026-03-05,IMPERIAL CLUB - CONDOMINIUM POOL CLUB,Pass,0,0,0,0,0
IMPERIAL CLUB,Spa Indoor,2026-04-22,IMPERIAL CLUB - CONDOMINIUM POOL CLUB,Pass,1,1,0,0,1
IMPERIAL TOWERS SPA,Spa Indoor,2024-08-07,IMPERIAL TOWERS,Pass,1,0,1,0,1
IMPERIAL TOWERS SPA,Spa Indoor,2024-11-01,IMPERIAL TOWERS,Pass,1,1,0,0,1
IMPERIAL TOWERS SPA,Spa Indoor,2025-02-07,IMPERIAL TOWERS,Pass,0,0,0,0,0
IMPERIAL TOWERS SPA,Spa Indoor,2025-05-21,IMPERIAL TOWERS,Pass,2,2,0,0,2
IMPERIAL TOWERS SPA,Spa Indoor,2025-09-22,IMPERIAL TOWERS,Pass,2,2,0,0,2
IMPERIAL TOWERS SPA,Spa Indoor,2025-12-15,IMPERIAL TOWERS,Pass,1,1,0,0,1
IMPERIAL TOWERS SPA,Spa Indoor,2026-03-12,IMPERIAL TOWERS,Conditional Pass,7,4,3,0,4
IMPERIAL TOWERS SPA,Spa Indoor,2026-04-02,IMPERIAL TOWERS,Pass,0,0,0,0,0
IMPERIAL TOWERS SPA,Spa Indoor,2026-06-26,IMPERIAL TOWERS,Pass,2,2,0,0,2
INFINITY 3/4,Indoor Pool,2024-08-16,INFINITY 3/4,Pass,0,0,0,0,0
INFINITY 3/4,Indoor Pool,2024-10-18,INFINITY 3/4,Pass,2,2,0,0,2
INFINITY 3/4,Indoor Pool,2025-01-13,INFINITY 3/4,Pass,2,2,0,0,2
INFINITY 3/4,Indoor Pool,2025-04-02,INFINITY 3/4,Pass,1,1,0,0,1
INFINITY 3/4,Indoor Pool,2025-09-03,INFINITY 3/4,Pass,0,0,0,0,0
INFINITY 3/4,Indoor Pool,2026-01-14,INFINITY 3/4,Pass,0,0,0,0,0
INFINITY 3/4,Indoor Pool,2026-04-02,INFINITY 3/4,Pass,0,0,0,0,0
INFINITY 3/4,Indoor Pool,2026-08-20,INFINITY 3/4,Pass,2,2,0,0,2
INFINITY 3/4,Spa Indoor,2024-07-29,INFINITY 3/4,Pass,0,0,0,0,0
INFINITY 3/4,Spa Indoor,2024-10-18,INFINITY 3/4,Pass,2,2,0,0,2
INFINITY 3/4,Spa Indoor,2025-01-13,INFINITY 3/4,Pass,1,1,0,0,1
INFINITY 3/4,Spa Indoor,2025-04-02,INFINITY 3/4,Pass,0,0,0,0,0
INFINITY 3/4,Spa Indoor,2026-08-25,INFINITY 3/4,Conditional Pass,2,0,1,1,1
INFINITY CONDOS,Indoor Pool,2024-07-15,INFINITY CONDOS,Pass,2,2,0,0,2
INFINITY CONDOS,Indoor Pool,2024-10-21,INFINITY CONDOS,Pass,3,3,0,0,2
INFINITY CONDOS,Indoor Pool,2025-01-27,INFINITY CONDOS,Pass,1,1,0,0,1
INFINITY CONDOS,Indoor Pool,2025-04-17,INFINITY CONDOS,Pass,3,3,0,0,2
INFINITY CONDOS,Indoor Pool,2025-06-04,INFINITY CONDOS,Pass,1,1,0,0,1
INFINITY CONDOS,Indoor Pool,2025-07-25,INFINITY CONDOS,Conditional Pass,3,2,0,1,3
INFINITY CONDOS,Indoor Pool,2025-07-28,INFINITY CONDOS,Pass,0,0,0,0,0
INFINITY CONDOS,Indoor Pool,2026-01-16,INFINITY CONDOS,Pass,1,1,0,0,1
INFINITY CONDOS,Indoor Pool,2026-04-10,INFINITY CONDOS,Pass,0,0,0,0,0
INFINITY CONDOS,Indoor Pool,2026-07-17,INFINITY CONDOS,Closed,9,7,0,2,4
INFINITY CONDOS,Indoor Pool,2026-07-24,INFINITY CONDOS,Pass,7,7,0,0,3
INFINITY CONDOS,Spa Indoor,2024-07-15,INFINITY CONDOS,Conditional Pass,2,0,2,0,2
INFINITY CONDOS,Spa Indoor,2024-07-29,INFINITY CONDOS,Pass,0,0,0,0,0
INFINITY CONDOS,Spa Indoor,2024-10-21,INFINITY CONDOS,Pass,1,1,0,0,1
INFINITY CONDOS,Spa Indoor,2025-01-27,INFINITY CONDOS,Conditional Pass,1,0,1,0,1
INFINITY CONDOS,Spa Indoor,2025-03-26,INFINITY CONDOS,Pass,0,0,0,0,0
INFINITY CONDOS,Spa Indoor,2025-04-16,INFINITY CONDOS,Conditional Pass,2,1,1,0,2
INFINITY CONDOS,Spa Indoor,2025-04-22,INFINITY CONDOS,Pass,0,0,0,0,0
INFINITY CONDOS,Spa Indoor,2025-06-04,INFINITY CONDOS,Pass,0,0,0,0,0
INFINITY CONDOS,Spa Indoor,2026-01-16,INFINITY CONDOS,Conditional Pass,1,0,1,0,1
INFINITY CONDOS,Spa Indoor,2026-01-23,INFINITY CONDOS,Conditional Pass,2,0,1,1,1
INFINITY CONDOS,Spa Indoor,2026-01-27,INFINITY CONDOS,Closed,3,0,1,2,2
INFINITY CONDOS,Spa Indoor,2026-01-30,INFINITY CONDOS,Pass,0,0,0,0,0
INFINITY CONDOS,Spa Indoor,2026-05-11,INFINITY CONDOS,Pass,0,0,0,0,0
INFINITY CONDOS,Spa Indoor,2026-07-17,INFINITY CONDOS,Closed,12,8,2,2,5
INFINITY CONDOS,Spa Indoor,2026-07-27,INFINITY CONDOS,Pass,6,6,0,0,2
INTERCONTINENTAL HOTEL,Indoor Pool,2024-07-22,INTERCONTINENTAL HOTEL,Pass,0,0,0,0,0
INTERCONTINENTAL HOTEL,Indoor Pool,2024-10-23,INTERCONTINENTAL HOTEL,Pass,0,0,0,0,0
INTERCONTINENTAL HOTEL,Indoor Pool,2025-01-23,INTERCONTINENTAL HOTEL,Pass,1,0,1,0,1
INTERCONTINENTAL HOTEL,Indoor Pool,2025-04-14,INTERCONTINENTAL HOTEL,Pass,2,2,0,0,2
INTERCONTINENTAL HOTEL,Indoor Pool,2026-01-22,INTERCONTINENTAL HOTEL,Pass,0,0,0,0,0
INTERCONTINENTAL HOTEL,Indoor Pool,2026-04-16,INTERCONTINENTAL HOTEL,Pass,0,0,0,0,0
INTERCONTINENTAL HOTEL,Indoor Pool,2026-07-28,INTERCONTINENTAL HOTEL,Pass,0,0,0,0,0
INTERCONTINENTAL HOTEL SPA,Spa Indoor,2024-07-22,INTERCONTINENTAL HOTEL,Conditional Pass,3,0,3,0,2
INTERCONTINENTAL HOTEL SPA,Spa Indoor,2024-07-26,INTERCONTINENTAL HOTEL,Pass,0,0,0,0,0
INTERCONTINENTAL HOTEL SPA,Spa Indoor,2024-10-23,INTERCONTINENTAL HOTEL,Pass,0,0,0,0,0
INTERCONTINENTAL HOTEL SPA,Spa Indoor,2025-01-23,INTERCONTINENTAL HOTEL,Pass,1,0,1,0,1
INTERCONTINENTAL HOTEL SPA,Spa Indoor,2025-04-14,INTERCONTINENTAL HOTEL,Pass,0,0,0,0,0
INTERCONTINENTAL HOTEL SPA,Spa Indoor,2026-01-22,INTERCONTINENTAL HOTEL,Pass,0,0,0,0,0
INTERCONTINENTAL HOTEL SPA,Spa Indoor,2026-04-16,INTERCONTINENTAL HOTEL,Pass,0,0,0,0,0
INTERCONTINENTAL HOTEL SPA,Spa Indoor,2026-07-28,INTERCONTINENTAL HOTEL,Pass,0,0,0,0,0
IQ CONDOS,Indoor Pool,2024-09-20,SMART RESIDENCES INC,Pass,0,0,0,0,0
IQ CONDOS,Indoor Pool,2024-12-03,SMART RESIDENCES INC,Pass,0,0,0,0,0
IQ CONDOS,Indoor Pool,2025-03-13,SMART RESIDENCES INC,Pass,0,0,0,0,0
IQ CONDOS,Indoor Pool,2025-06-16,SMART RESIDENCES INC,Pass,0,0,0,0,0
IQ CONDOS,Indoor Pool,2025-10-10,SMART RESIDENCES INC,Pass,0,0,0,0,0
IQ CONDOS,Indoor Pool,2026-03-09,SMART RESIDENCES INC,Pass,0,0,0,0,0
IQ CONDOS,Indoor Pool,2026-04-30,SMART RESIDENCES INC,Pass,0,0,0,0,0
IQ CONDOS,Indoor Pool,2026-07-20,SMART RESIDENCES INC,Pass,1,1,0,0,1
IQ CONDOS,Spa Indoor,2026-07-20,SMART RESIDENCES INC,Pass,1,1,0,0,1
IRVING W. CHAPLEY,Outdoor Pool,2024-07-11,IRVING W. CHAPLEY COMMUNITY CENTRE,Pass,1,1,0,0,1
IRVING W. CHAPLEY,Outdoor Pool,2025-07-09,IRVING W. CHAPLEY COMMUNITY CENTRE,Conditional Pass,4,2,1,1,3
IRVING W. CHAPLEY,Outdoor Pool,2025-07-16,IRVING W. CHAPLEY COMMUNITY CENTRE,Pass,0,0,0,0,0
IRVING W. CHAPLEY,Outdoor Pool,2026-08-17,IRVING W. CHAPLEY COMMUNITY CENTRE,Pass,1,1,0,0,1
ISLAND YACHT CLUB,Outdoor Pool,2024-09-05,ISLAND YACHT CLUB,Pass,0,0,0,0,0
ISLAND YACHT CLUB,Outdoor Pool,2026-08-18,ISLAND YACHT CLUB,Pass,3,2,1,0,3
ISLINGTON 2000,Indoor Pool,2024-09-29,ISLINGTON 2000,Pass,0,0,0,0,0
ISLINGTON 2000,Indoor Pool,2025-02-04,ISLINGTON 2000,Closed,2,0,0,2,2
ISLINGTON 2000,Indoor Pool,2025-02-05,ISLINGTON 2000,Pass,0,0,0,0,0
ISLINGTON 2000,Indoor Pool,2025-04-11,ISLINGTON 2000,Pass,0,0,0,0,0
ISLINGTON 2000,Indoor Pool,2025-08-05,ISLINGTON 2000,Pass,0,0,0,0,0
ISLINGTON 2000,Indoor Pool,2025-10-08,ISLINGTON 2000,Pass,0,0,0,0,0
ISLINGTON 2000,Indoor Pool,2026-03-03,ISLINGTON 2000,Pass,0,0,0,0,0
ISLINGTON 2000,Indoor Pool,2026-05-11,ISLINGTON 2000,Pass,1,1,0,0,1
ISLINGTON 2000,Indoor Pool,2026-08-04,ISLINGTON 2000,Pass,3,2,1,0,2
ISLINGTON 2000,Outdoor Pool,2024-08-13,ISLINGTON 2000,Conditional Pass,5,3,1,1,3
ISLINGTON 2000,Outdoor Pool,2024-08-29,ISLINGTON 2000,Pass,0,0,0,0,0
ISLINGTON 2000,Outdoor Pool,2025-08-05,ISLINGTON 2000,Pass,1,0,1,0,1
ISLINGTON 2000,Outdoor Pool,2026-08-04,ISLINGTON 2000,Pass,1,1,0,0,1
ISLINGTON 2000,Spa Indoor,2024-09-29,ISLINGTON 2000,Closed,3,0,1,2,3
ISLINGTON 2000,Spa Indoor,2024-10-29,ISLINGTON 2000,Pass,0,0,0,0,0
ISLINGTON 2000,Spa Indoor,2025-10-30,ISLINGTON 2000,Pass,0,0,0,0,0
ISLINGTON 2000,Spa Indoor,2026-08-04,ISLINGTON 2000,Pass,6,3,3,0,3
ISLINGTON TERRACE CONDOMINIONS - WHIRLPOOL,Spa Indoor,2024-07-12,ISLINGTON TERRACE CONDOMINIUMS - WHIRLPOOL,Pass,0,0,0,0,0
ISLINGTON TERRACE CONDOMINIONS - WHIRLPOOL,Spa Indoor,2024-11-12,ISLINGTON TERRACE CONDOMINIUMS - WHIRLPOOL,Pass,0,0,0,0,0
ISLINGTON TERRACE CONDOMINIONS - WHIRLPOOL,Spa Indoor,2025-02-25,ISLINGTON TERRACE CONDOMINIUMS - WHIRLPOOL,Pass,0,0,0,0,0
ISLINGTON TERRACE CONDOMINIONS - WHIRLPOOL,Spa Indoor,2025-04-25,ISLINGTON TERRACE CONDOMINIUMS - WHIRLPOOL,Pass,0,0,0,0,0
ISLINGTON TERRACE CONDOMINIONS - WHIRLPOOL,Spa Indoor,2025-07-24,ISLINGTON TERRACE CONDOMINIUMS - WHIRLPOOL,Pass,0,0,0,0,0
ISLINGTON TERRACE CONDOMINIONS - WHIRLPOOL,Spa Indoor,2025-11-05,ISLINGTON TERRACE CONDOMINIUMS - WHIRLPOOL,Closed,3,0,0,3,3
ISLINGTON TERRACE CONDOMINIONS - WHIRLPOOL,Spa Indoor,2025-11-13,ISLINGTON TERRACE CONDOMINIUMS - WHIRLPOOL,Pass,0,0,0,0,0
ISLINGTON TERRACE CONDOMINIONS - WHIRLPOOL,Spa Indoor,2026-03-03,ISLINGTON TERRACE CONDOMINIUMS - WHIRLPOOL,Pass,0,0,0,0,0
ISLINGTON TERRACE CONDOMINIONS - WHIRLPOOL,Spa Indoor,2026-06-29,ISLINGTON TERRACE CONDOMINIUMS - WHIRLPOOL,Conditional Pass,3,2,0,1,2
ISLINGTON TERRACE CONDOMINIONS - WHIRLPOOL,Spa Indoor,2026-08-31,ISLINGTON TERRACE CONDOMINIUMS - WHIRLPOOL,Pass,2,2,0,0,1
JADE WATERFRONT CONDO'S,Outdoor Pool,2025-07-04,JADE WATERFRONT CONDO'S,Pass,0,0,0,0,0
JADE WATERFRONT CONDO'S,Outdoor Pool,2025-09-18,JADE WATERFRONT CONDO'S,Conditional Pass,1,0,0,1,1
JADE WATERFRONT CONDO'S,Outdoor Pool,2025-09-26,JADE WATERFRONT CONDO'S,Pass,1,1,0,0,1
JADE WATERFRONT CONDOS,Spa Outdoor,2025-09-18,JADE WATERFRONT CONDO'S,Conditional Pass,1,0,0,1,1
JADE WATERFRONT CONDOS,Spa Outdoor,2025-09-26,JADE WATERFRONT CONDO'S,Pass,0,0,0,0,0
JARVIS COLLEGIATE INSTITUTE,Indoor Pool,2024-09-26,JARVIS COLLIGIATE INSTITUTE,Pass,2,2,0,0,2
JARVIS COLLEGIATE INSTITUTE,Indoor Pool,2025-01-23,JARVIS COLLIGIATE INSTITUTE,Pass,1,1,0,0,1
JARVIS COLLEGIATE INSTITUTE,Indoor Pool,2025-05-05,JARVIS COLLIGIATE INSTITUTE,Pass,0,0,0,0,0
JARVIS COLLEGIATE INSTITUTE,Indoor Pool,2025-09-25,JARVIS COLLIGIATE INSTITUTE,Pass,0,0,0,0,0
JARVIS COLLEGIATE INSTITUTE,Indoor Pool,2026-01-29,JARVIS COLLIGIATE INSTITUTE,Pass,0,0,0,0,0
JARVIS COLLEGIATE INSTITUTE,Indoor Pool,2026-05-26,JARVIS COLLIGIATE INSTITUTE,Pass,0,0,0,0,0
JCC LAP POOL,Indoor Pool,2024-08-12,JCC LAP POOL,Pass,0,0,0,0,0
JCC LAP POOL,Indoor Pool,2024-10-07,JCC LAP POOL,Conditional Pass,3,1,0,2,3
JCC LAP POOL,Indoor Pool,2024-10-25,JCC LAP POOL,Pass,0,0,0,0,0
JCC LAP POOL,Indoor Pool,2025-01-20,JCC LAP POOL,Pass,1,0,1,0,1
JCC LAP POOL,Indoor Pool,2025-04-08,JCC LAP POOL,Pass,1,0,1,0,1
JCC LAP POOL,Indoor Pool,2025-09-08,JCC LAP POOL,Pass,0,0,0,0,0
JCC LAP POOL,Indoor Pool,2025-11-19,JCC LAP POOL,Pass,0,0,0,0,0
JCC LAP POOL,Indoor Pool,2026-02-24,JCC LAP POOL,Pass,4,4,0,0,3
JCC LAP POOL,Indoor Pool,2026-06-16,JCC LAP POOL,Pass,4,4,0,0,3
JCC LEISURE POOL,Indoor Pool,2024-08-12,JCC LAP POOL,Pass,0,0,0,0,0
JCC LEISURE POOL,Indoor Pool,2024-10-07,JCC LAP POOL,Pass,0,0,0,0,0
JCC LEISURE POOL,Indoor Pool,2025-01-20,JCC LAP POOL,Pass,1,0,1,0,1
JCC LEISURE POOL,Indoor Pool,2025-04-08,JCC LAP POOL,Pass,0,0,0,0,0
JCC LEISURE POOL,Indoor Pool,2025-09-08,JCC LAP POOL,Pass,2,2,0,0,2
JCC LEISURE POOL,Indoor Pool,2025-11-19,JCC LAP POOL,Pass,0,0,0,0,0
JCC LEISURE POOL,Indoor Pool,2026-02-24,JCC LAP POOL,Pass,4,4,0,0,3
JCC LEISURE POOL,Indoor Pool,2026-06-16,JCC LAP POOL,Pass,3,3,0,0,2
JCC OUTDOOR POOL,Outdoor Pool,2024-07-31,JCC LAP POOL,Conditional Pass,8,2,3,3,4
JCC OUTDOOR POOL,Outdoor Pool,2024-08-12,JCC LAP POOL,Pass,0,0,0,0,0
JCC OUTDOOR POOL,Outdoor Pool,2025-05-27,JCC LAP POOL,Pass,0,0,0,0,0
JCC OUTDOOR POOL,Outdoor Pool,2025-09-08,JCC LAP POOL,Pass,1,1,0,0,1
JCC OUTDOOR POOL,Outdoor Pool,2026-06-16,JCC LAP POOL,Pass,2,2,0,0,2
JIMMIE SIMPSON COMM. RECREATION CENTRE,Indoor Pool,2024-07-22,JIMMIE SIMPSON RECREATION CENTRE,Conditional Pass,2,0,2,0,2
JIMMIE SIMPSON COMM. RECREATION CENTRE,Indoor Pool,2024-08-15,JIMMIE SIMPSON RECREATION CENTRE,Pass,0,0,0,0,0
JIMMIE SIMPSON COMM. RECREATION CENTRE,Indoor Pool,2024-11-05,JIMMIE SIMPSON RECREATION CENTRE,Pass,1,1,0,0,1
JIMMIE SIMPSON COMM. RECREATION CENTRE,Indoor Pool,2025-02-04,JIMMIE SIMPSON RECREATION CENTRE,Conditional Pass,2,1,1,0,2
JIMMIE SIMPSON COMM. RECREATION CENTRE,Indoor Pool,2025-02-07,JIMMIE SIMPSON RECREATION CENTRE,Pass,0,0,0,0,0
JIMMIE SIMPSON COMM. RECREATION CENTRE,Indoor Pool,2025-05-23,JIMMIE SIMPSON RECREATION CENTRE,Conditional Pass,2,1,1,0,2
JIMMIE SIMPSON COMM. RECREATION CENTRE,Indoor Pool,2025-05-30,JIMMIE SIMPSON RECREATION CENTRE,Pass,1,1,0,0,1
JIMMIE SIMPSON COMM. RECREATION CENTRE,Indoor Pool,2025-08-25,JIMMIE SIMPSON RECREATION CENTRE,Closed,2,0,0,2,2
JIMMIE SIMPSON COMM. RECREATION CENTRE,Indoor Pool,2025-08-27,JIMMIE SIMPSON RECREATION CENTRE,Pass,2,2,0,0,2
JIMMIE SIMPSON COMM. RECREATION CENTRE,Indoor Pool,2025-10-27,JIMMIE SIMPSON RECREATION CENTRE,Pass,0,0,0,0,0
JIMMIE SIMPSON COMM. RECREATION CENTRE,Indoor Pool,2026-02-02,JIMMIE SIMPSON RECREATION CENTRE,Pass,0,0,0,0,0
JIMMIE SIMPSON COMM. RECREATION CENTRE,Indoor Pool,2026-05-12,JIMMIE SIMPSON RECREATION CENTRE,Pass,1,1,0,0,1
JIMMIE SIMPSON COMM. RECREATION CENTRE,Indoor Pool,2026-09-04,JIMMIE SIMPSON RECREATION CENTRE,Pass,0,0,0,0,0
JOHN INNES COMMUNITY CTR,Indoor Pool,2024-09-12,JOHN INNES COMMUNITY CENTRE,Pass,0,0,0,0,0
JOHN INNES COMMUNITY CTR,Indoor Pool,2025-01-09,JOHN INNES COMMUNITY CENTRE,Pass,0,0,0,0,0
JOHN INNES COMMUNITY CTR,Indoor Pool,2025-04-14,JOHN INNES COMMUNITY CENTRE,Pass,0,0,0,0,0
JOHN INNES COMMUNITY CTR,Indoor Pool,2025-08-25,JOHN INNES COMMUNITY CENTRE,Pass,0,0,0,0,0
JOHN INNES COMMUNITY CTR,Indoor Pool,2025-12-19,JOHN INNES COMMUNITY CENTRE,Pass,0,0,0,0,0
JOHN INNES COMMUNITY CTR,Indoor Pool,2026-04-23,JOHN INNES COMMUNITY CENTRE,Pass,0,0,0,0,0
JOHN POLANYI COLLEGIATE INSTITUTE,Indoor Pool,2024-08-30,BATHURST HEIGHTS SCHOOL,Pass,1,1,0,0,1
JOHN POLANYI COLLEGIATE INSTITUTE,Indoor Pool,2024-11-05,BATHURST HEIGHTS SCHOOL,Pass,0,0,0,0,0
JOHN POLANYI COLLEGIATE INSTITUTE,Indoor Pool,2025-03-14,BATHURST HEIGHTS SCHOOL,Closed,5,1,3,1,3
JOHN POLANYI COLLEGIATE INSTITUTE,Indoor Pool,2025-03-17,BATHURST HEIGHTS SCHOOL,Pass,1,1,0,0,1
JOHN POLANYI COLLEGIATE INSTITUTE,Indoor Pool,2025-05-09,BATHURST HEIGHTS SCHOOL,Pass,3,1,2,0,2
JOHN POLANYI COLLEGIATE INSTITUTE,Indoor Pool,2025-09-24,BATHURST HEIGHTS SCHOOL,Pass,2,2,0,0,2
JOHN POLANYI COLLEGIATE INSTITUTE,Indoor Pool,2025-11-24,BATHURST HEIGHTS SCHOOL,Conditional Pass,3,2,1,0,3
JOHN POLANYI COLLEGIATE INSTITUTE,Indoor Pool,2025-11-27,BATHURST HEIGHTS SCHOOL,Pass,0,0,0,0,0
JOHN POLANYI COLLEGIATE INSTITUTE,Indoor Pool,2026-03-04,BATHURST HEIGHTS SCHOOL,Pass,1,1,0,0,1
JOHN POLANYI COLLEGIATE INSTITUTE,Indoor Pool,2026-05-28,BATHURST HEIGHTS SCHOOL,Pass,3,3,0,0,3
JOSEPH PICCININNI COMMUNITY RECREATION CENTRE,Indoor Pool,2024-10-25,JOSEPH PICCNINNI COMMUNITY CENTRE,Conditional Pass,3,2,1,0,3
JOSEPH PICCININNI COMMUNITY RECREATION CENTRE,Indoor Pool,2024-12-04,JOSEPH PICCNINNI COMMUNITY CENTRE,Pass,2,1,1,0,2
JOSEPH PICCININNI COMMUNITY RECREATION CENTRE,Indoor Pool,2025-02-18,JOSEPH PICCNINNI COMMUNITY CENTRE,Closed,2,0,0,2,2
JOSEPH PICCININNI COMMUNITY RECREATION CENTRE,Indoor Pool,2025-02-19,JOSEPH PICCNINNI COMMUNITY CENTRE,Pass,0,0,0,0,0
JOSEPH PICCININNI COMMUNITY RECREATION CENTRE,Indoor Pool,2025-05-23,JOSEPH PICCNINNI COMMUNITY CENTRE,Pass,1,1,0,0,1
JOSEPH PICCININNI COMMUNITY RECREATION CENTRE,Indoor Pool,2025-07-16,JOSEPH PICCNINNI COMMUNITY CENTRE,Pass,0,0,0,0,0
JOSEPH PICCININNI COMMUNITY RECREATION CENTRE,Indoor Pool,2025-11-05,JOSEPH PICCNINNI COMMUNITY CENTRE,Pass,0,0,0,0,0
JOSEPH PICCININNI COMMUNITY RECREATION CENTRE,Indoor Pool,2026-02-23,JOSEPH PICCNINNI COMMUNITY CENTRE,Pass,5,5,0,0,4
JOSEPH PICCININNI COMMUNITY RECREATION CENTRE,Indoor Pool,2026-06-10,JOSEPH PICCNINNI COMMUNITY CENTRE,Pass,4,3,1,0,4
JOY CONDOS POOL,Indoor Pool,2024-07-10,LOVE CONDO,Pass,0,0,0,0,0
JOY CONDOS POOL,Indoor Pool,2024-10-03,LOVE CONDO,Conditional Pass,2,1,1,0,2
JOY CONDOS POOL,Indoor Pool,2024-10-04,LOVE CONDO,Pass,1,1,0,0,1
JOY CONDOS POOL,Indoor Pool,2025-01-23,LOVE CONDO,Pass,1,1,0,0,1
JOY CONDOS POOL,Indoor Pool,2025-04-08,LOVE CONDO,Pass,1,1,0,0,1
JOY CONDOS POOL,Indoor Pool,2025-07-31,LOVE CONDO,Pass,1,1,0,0,1
JOY CONDOS POOL,Indoor Pool,2025-10-07,LOVE CONDO,Pass,0,0,0,0,0
JOY CONDOS POOL,Indoor Pool,2026-01-13,LOVE CONDO,Pass,0,0,0,0,0
JOY CONDOS POOL,Indoor Pool,2026-05-12,LOVE CONDO,Conditional Pass,4,1,1,2,2
JOY CONDOS POOL,Indoor Pool,2026-05-28,LOVE CONDO,Pass,0,0,0,0,0
JOY CONDOS POOL,Indoor Pool,2026-09-24,LOVE CONDO,Pass,2,2,0,0,2
JOY CONDOS SPA,Spa Indoor,2024-07-10,LOVE CONDO,Pass,0,0,0,0,0
JOY CONDOS SPA,Spa Indoor,2024-10-03,LOVE CONDO,Conditional Pass,1,0,1,0,1
JOY CONDOS SPA,Spa Indoor,2024-10-04,LOVE CONDO,Pass,0,0,0,0,0
JOY CONDOS SPA,Spa Indoor,2025-01-23,LOVE CONDO,Pass,2,2,0,0,2
JOY CONDOS SPA,Spa Indoor,2025-04-08,LOVE CONDO,Conditional Pass,3,1,0,2,2
JOY CONDOS SPA,Spa Indoor,2025-04-15,LOVE CONDO,Pass,1,1,0,0,1
JOY CONDOS SPA,Spa Indoor,2025-07-31,LOVE CONDO,Pass,2,2,0,0,2
JOY CONDOS SPA,Spa Indoor,2025-10-07,LOVE CONDO,Pass,0,0,0,0,0
JOY CONDOS SPA,Spa Indoor,2026-01-13,LOVE CONDO,Pass,0,0,0,0,0
JOY CONDOS SPA,Spa Indoor,2026-05-12,LOVE CONDO,Conditional Pass,4,2,0,2,2
JOY CONDOS SPA,Spa Indoor,2026-05-28,LOVE CONDO,Pass,0,0,0,0,0
JOY CONDOS SPA,Spa Indoor,2026-09-24,LOVE CONDO,Pass,2,2,0,0,2
KEELE STREET PUBLIC SCHOOL,Indoor Pool,2024-09-25,KEELE STREET PUBLIC SCHOOL,Pass,2,2,0,0,2
KEELE STREET PUBLIC SCHOOL,Indoor Pool,2024-12-06,KEELE STREET PUBLIC SCHOOL,Pass,1,1,0,0,1
KEELE STREET PUBLIC SCHOOL,Indoor Pool,2025-03-31,KEELE STREET PUBLIC SCHOOL,Pass,1,1,0,0,1
KEELE STREET PUBLIC SCHOOL,Indoor Pool,2025-06-16,KEELE STREET PUBLIC SCHOOL,Pass,0,0,0,0,0
KEELE STREET PUBLIC SCHOOL,Indoor Pool,2025-09-30,KEELE STREET PUBLIC SCHOOL,Pass,0,0,0,0,0
KEELE STREET PUBLIC SCHOOL,Indoor Pool,2025-12-19,KEELE STREET PUBLIC SCHOOL,Pass,1,1,0,0,1
KEELE STREET PUBLIC SCHOOL,Indoor Pool,2026-02-27,KEELE STREET PUBLIC SCHOOL,Pass,1,1,0,0,1
KEELE STREET PUBLIC SCHOOL,Indoor Pool,2026-06-19,KEELE STREET PUBLIC SCHOOL,Pass,3,2,1,0,1
KEELE STREET PUBLIC SCHOOL,Indoor Pool,2026-09-15,KEELE STREET PUBLIC SCHOOL,Conditional Pass,3,2,1,0,1
KEELEGATE TOWERS POOL,Outdoor Pool,2025-08-21,KEELEGATE TOWERS,Conditional Pass,6,4,2,0,4
KEELEGATE TOWERS POOL,Outdoor Pool,2026-07-15,KEELEGATE TOWERS,Closed,12,6,3,3,7
KEELEGATE TOWERS POOL,Outdoor Pool,2026-07-29,KEELEGATE TOWERS,Pass,1,1,0,0,1
KENSINGTON APARTMENTS LTD.,Indoor Pool,2024-07-17,KENSINGTON TOWERS,Pass,0,0,0,0,0
KENSINGTON APARTMENTS LTD.,Indoor Pool,2024-11-22,KENSINGTON TOWERS,Pass,0,0,0,0,0
KENSINGTON APARTMENTS LTD.,Indoor Pool,2025-03-04,KENSINGTON TOWERS,Pass,0,0,0,0,0
KENSINGTON APARTMENTS LTD.,Indoor Pool,2025-05-22,KENSINGTON TOWERS,Pass,3,3,0,0,3
KENSINGTON APARTMENTS LTD.,Indoor Pool,2025-09-05,KENSINGTON TOWERS,Pass,0,0,0,0,0
KENSINGTON APARTMENTS LTD.,Indoor Pool,2025-12-15,KENSINGTON TOWERS,Pass,2,2,0,0,2
KENSINGTON APARTMENTS LTD.,Indoor Pool,2026-03-05,KENSINGTON TOWERS,Pass,1,1,0,0,1
KENSINGTON APARTMENTS LTD.,Indoor Pool,2026-06-02,KENSINGTON TOWERS,Pass,0,0,0,0,0
KENSINGTON TOWERS,Spa Indoor,2024-07-17,KENSINGTON TOWERS,Pass,1,1,0,0,1
KENSINGTON TOWERS,Spa Indoor,2024-11-22,KENSINGTON TOWERS,Conditional Pass,1,0,0,1,1
KENSINGTON TOWERS,Spa Indoor,2024-11-27,KENSINGTON TOWERS,Pass,0,0,0,0,0
KENSINGTON TOWERS,Spa Indoor,2025-03-04,KENSINGTON TOWERS,Pass,1,1,0,0,1
KENSINGTON TOWERS,Spa Indoor,2025-05-22,KENSINGTON TOWERS,Pass,2,2,0,0,1
KENSINGTON TOWERS,Spa Indoor,2025-09-05,KENSINGTON TOWERS,Pass,0,0,0,0,0
KENSINGTON TOWERS,Spa Indoor,2025-12-15,KENSINGTON TOWERS,Pass,1,1,0,0,1
KENSINGTON TOWERS,Spa Indoor,2026-03-05,KENSINGTON TOWERS,Pass,0,0,0,0,0
KENSINGTON TOWERS,Spa Indoor,2026-06-02,KENSINGTON TOWERS,Pass,0,0,0,0,0
KENSINGTON TOWERS - OUTDOOR POOL,Outdoor Pool,2024-07-17,KENSINGTON TOWERS,Pass,0,0,0,0,0
KENSINGTON TOWERS - OUTDOOR POOL,Outdoor Pool,2024-10-15,KENSINGTON TOWERS,Conditional Pass,2,0,2,0,2
KENSINGTON TOWERS - OUTDOOR POOL,Outdoor Pool,2024-10-17,KENSINGTON TOWERS,Pass,0,0,0,0,0
KENSINGTON TOWERS - OUTDOOR POOL,Outdoor Pool,2025-09-05,KENSINGTON TOWERS,Pass,3,3,0,0,3
KENSINGTON TOWERS - OUTDOOR POOL,Outdoor Pool,2026-06-02,KENSINGTON TOWERS,Pass,3,3,0,0,1
KIDSTOWN LEISURE ( KIDSTOWN WATER PARK),Outdoor Pool,2026-06-16,KIDSTOWN LEISURE ( KIDSTOWN WATER PARK),Pass,0,0,0,0,0
KIDSTOWN LEISURE ( KIDSTOWN WATER PARK),Outdoor Pool,2026-08-13,KIDSTOWN LEISURE ( KIDSTOWN WATER PARK),Pass,0,0,0,0,0
KILGOUR ESTATE PHASE II,Indoor Pool,2024-08-21,KILGOUR ESTATES PHASE II,Pass,1,1,0,0,1
KILGOUR ESTATE PHASE II,Indoor Pool,2024-11-13,KILGOUR ESTATES PHASE II,Pass,1,1,0,0,1
KILGOUR ESTATE PHASE II,Indoor Pool,2025-02-06,KILGOUR ESTATES PHASE II,Pass,1,1,0,0,1
KILGOUR ESTATE PHASE II,Indoor Pool,2025-05-23,KILGOUR ESTATES PHASE II,Pass,3,3,0,0,2
KILGOUR ESTATE PHASE II,Indoor Pool,2025-12-19,KILGOUR ESTATES PHASE II,Conditional Pass,2,1,1,0,2
KILGOUR ESTATE PHASE II,Indoor Pool,2026-01-02,KILGOUR ESTATES PHASE II,Pass,0,0,0,0,0
KILGOUR ESTATE PHASE II,Indoor Pool,2026-04-08,KILGOUR ESTATES PHASE II,Pass,3,3,0,0,2
KILGOUR ESTATE PHASE II,Indoor Pool,2026-08-06,KILGOUR ESTATES PHASE II,Pass,0,0,0,0,0
KILGOUR ESTATE POOL PHASE I,Indoor Pool,2024-09-16,KILGOUR ESTATE POOL PHASE I,Pass,3,3,0,0,3
KILGOUR ESTATE POOL PHASE I,Indoor Pool,2024-12-19,KILGOUR ESTATE POOL PHASE I,Pass,1,1,0,0,1
KILGOUR ESTATE POOL PHASE I,Indoor Pool,2025-03-04,KILGOUR ESTATE POOL PHASE I,Conditional Pass,3,2,0,1,3
KILGOUR ESTATE POOL PHASE I,Indoor Pool,2025-03-31,KILGOUR ESTATE POOL PHASE I,Pass,0,0,0,0,0
KILGOUR ESTATE POOL PHASE I,Indoor Pool,2025-05-09,KILGOUR ESTATE POOL PHASE I,Pass,0,0,0,0,0
KILGOUR ESTATE POOL PHASE I,Indoor Pool,2025-11-19,KILGOUR ESTATE POOL PHASE I,Pass,0,0,0,0,0
KILGOUR ESTATE POOL PHASE I,Indoor Pool,2026-03-05,KILGOUR ESTATE POOL PHASE I,Pass,1,1,0,0,1
KILGOUR ESTATE POOL PHASE I,Indoor Pool,2026-04-08,KILGOUR ESTATE POOL PHASE I,Pass,4,4,0,0,2
KILGOUR ESTATE POOL PHASE I,Indoor Pool,2026-07-06,KILGOUR ESTATE POOL PHASE I,Pass,2,2,0,0,1
KILGOUR ESTATE SPA PHASE I,Spa Indoor,2024-09-16,KILGOUR ESTATE POOL PHASE I,Pass,1,1,0,0,1
KILGOUR ESTATE SPA PHASE I,Spa Indoor,2025-01-06,KILGOUR ESTATE POOL PHASE I,Pass,0,0,0,0,0
KILGOUR ESTATE SPA PHASE I,Spa Indoor,2025-05-09,KILGOUR ESTATE POOL PHASE I,Pass,0,0,0,0,0
KILGOUR ESTATE SPA PHASE I,Spa Indoor,2025-11-19,KILGOUR ESTATE POOL PHASE I,Pass,1,1,0,0,1
KILGOUR ESTATE SPA PHASE I,Spa Indoor,2026-03-05,KILGOUR ESTATE POOL PHASE I,Closed,2,0,0,2,2
KILGOUR ESTATE SPA PHASE I,Spa Indoor,2026-04-08,KILGOUR ESTATE POOL PHASE I,Pass,3,3,0,0,1
KILGOUR ESTATE SPA PHASE I,Spa Indoor,2026-07-14,KILGOUR ESTATE POOL PHASE I,Pass,1,1,0,0,1
KILGOUR ESTATES SPA - PHASE II,Spa Indoor,2024-08-21,KILGOUR ESTATES PHASE II,Pass,0,0,0,0,0
KILGOUR ESTATES SPA - PHASE II,Spa Indoor,2024-11-13,KILGOUR ESTATES PHASE II,Pass,1,1,0,0,1
KILGOUR ESTATES SPA - PHASE II,Spa Indoor,2025-02-06,KILGOUR ESTATES PHASE II,Conditional Pass,5,1,2,2,3
KILGOUR ESTATES SPA - PHASE II,Spa Indoor,2025-03-04,KILGOUR ESTATES PHASE II,Conditional Pass,4,0,2,2,3
KILGOUR ESTATES SPA - PHASE II,Spa Indoor,2025-03-24,KILGOUR ESTATES PHASE II,Pass,0,0,0,0,0
KILGOUR ESTATES SPA - PHASE II,Spa Indoor,2025-05-23,KILGOUR ESTATES PHASE II,Pass,4,4,0,0,3
KILGOUR ESTATES SPA - PHASE II,Spa Indoor,2025-12-19,KILGOUR ESTATES PHASE II,Conditional Pass,2,1,0,1,2
KILGOUR ESTATES SPA - PHASE II,Spa Indoor,2026-04-08,KILGOUR ESTATES PHASE II,Pass,3,3,0,0,2
KILGOUR ESTATES SPA - PHASE II,Spa Indoor,2026-08-07,KILGOUR ESTATES PHASE II,Conditional Pass,3,1,1,1,3
KING CHARLOTTE - CLASS B OUTDOOR,Outdoor Pool,2024-09-03,KING CHARLOTTE,Pass,0,0,0,0,0
KING CHARLOTTE - CLASS B OUTDOOR,Outdoor Pool,2026-07-22,KING CHARLOTTE,Conditional Pass,2,1,0,1,2
KING CHARLOTTE - CLASS B OUTDOOR,Outdoor Pool,2026-08-04,KING CHARLOTTE,Pass,3,2,1,0,3
KING CLUB POOL- CLASS B OUTDOOR,Outdoor Pool,2024-07-29,KING CLUB,Pass,0,0,0,0,0
KING CLUB POOL- CLASS B OUTDOOR,Outdoor Pool,2025-08-18,KING CLUB,Pass,0,0,0,0,0
KING CLUB POOL- CLASS B OUTDOOR,Outdoor Pool,2026-08-25,KING CLUB,Pass,1,1,0,0,1
KING TOWERS APT,Outdoor Pool,2025-07-09,KING TOWERS APT,Closed,9,3,1,5,6
KING TOWERS APT,Outdoor Pool,2025-07-15,KING TOWERS APT,Conditional Pass,10,7,1,2,2
KING TOWERS APT,Outdoor Pool,2025-07-28,KING TOWERS APT,Closed,9,5,1,3,6
KING TOWERS APT,Outdoor Pool,2026-07-27,KING TOWERS APT,Closed,5,1,1,3,3
KING TOWERS APT,Outdoor Pool,2026-08-04,KING TOWERS APT,Closed,1,0,0,1,1
KING TOWERS APT,Outdoor Pool,2026-08-06,KING TOWERS APT,Pass,2,2,0,0,2
KING WEST CENTRE 2,Indoor Pool,2024-10-24,KING WEST CENTRE 2,Pass,0,0,0,0,0
KING WEST CENTRE 2,Indoor Pool,2025-01-21,KING WEST CENTRE 2,Pass,0,0,0,0,0
KING WEST CENTRE 2,Indoor Pool,2025-04-16,KING WEST CENTRE 2,Pass,0,0,0,0,0
KING WEST CENTRE 2,Indoor Pool,2025-09-02,KING WEST CENTRE 2,Pass,0,0,0,0,0
KING WEST CENTRE 2,Indoor Pool,2025-11-04,KING WEST CENTRE 2,Pass,0,0,0,0,0
KING WEST CENTRE 2,Indoor Pool,2026-01-28,KING WEST CENTRE 2,Pass,0,0,0,0,0
KING WEST CENTRE 2,Indoor Pool,2026-04-24,KING WEST CENTRE 2,Pass,0,0,0,0,0
KING WEST CENTRE 2,Indoor Pool,2026-07-17,KING WEST CENTRE 2,Pass,0,0,0,0,0
KING WEST CENTRE 2 (SPA #1) EAST,Spa Indoor,2024-10-25,KING WEST CENTRE 2,Pass,0,0,0,0,0
KING WEST CENTRE 2 (SPA #1) EAST,Spa Indoor,2025-01-21,KING WEST CENTRE 2,Pass,0,0,0,0,0
KING WEST CENTRE 2 (SPA #1) EAST,Spa Indoor,2025-04-16,KING WEST CENTRE 2,Pass,0,0,0,0,0
KING WEST CENTRE 2 (SPA #1) EAST,Spa Indoor,2025-09-02,KING WEST CENTRE 2,Pass,0,0,0,0,0
KING WEST CENTRE 2 (SPA #1) EAST,Spa Indoor,2025-11-04,KING WEST CENTRE 2,Pass,0,0,0,0,0
KING WEST CENTRE 2 (SPA #1) EAST,Spa Indoor,2026-01-28,KING WEST CENTRE 2,Pass,0,0,0,0,0
KING WEST CENTRE 2 (SPA #1) EAST,Spa Indoor,2026-04-24,KING WEST CENTRE 2,Pass,0,0,0,0,0
KING WEST CENTRE 2 (SPA #1) EAST,Spa Indoor,2026-07-17,KING WEST CENTRE 2,Pass,0,0,0,0,0
KING WEST CENTRE 2 (SPA #2) WEST,Spa Indoor,2024-10-24,KING WEST CENTRE 2,Pass,0,0,0,0,0
KING WEST CENTRE 2 (SPA #2) WEST,Spa Indoor,2025-01-21,KING WEST CENTRE 2,Pass,0,0,0,0,0
KING WEST CENTRE 2 (SPA #2) WEST,Spa Indoor,2025-04-16,KING WEST CENTRE 2,Pass,0,0,0,0,0
KING WEST CENTRE 2 (SPA #2) WEST,Spa Indoor,2025-09-02,KING WEST CENTRE 2,Pass,0,0,0,0,0
KING WEST CENTRE 2 (SPA #2) WEST,Spa Indoor,2025-11-04,KING WEST CENTRE 2,Pass,0,0,0,0,0
KING WEST CENTRE 2 (SPA #2) WEST,Spa Indoor,2026-01-28,KING WEST CENTRE 2,Pass,0,0,0,0,0
KING WEST CENTRE 2 (SPA #2) WEST,Spa Indoor,2026-04-24,KING WEST CENTRE 2,Pass,0,0,0,0,0
KING WEST CENTRE 2 (SPA #2) WEST,Spa Indoor,2026-07-17,KING WEST CENTRE 2,Pass,0,0,0,0,0
KING'S TERRACE ON THE HUMBER,Indoor Pool,2024-09-13,KING'S TERRACE ON THE HUMBER,Pass,0,0,0,0,0
KING'S TERRACE ON THE HUMBER,Indoor Pool,2024-11-22,KING'S TERRACE ON THE HUMBER,Pass,0,0,0,0,0
KING'S TERRACE ON THE HUMBER,Indoor Pool,2025-01-23,KING'S TERRACE ON THE HUMBER,Pass,1,1,0,0,1
KING'S TERRACE ON THE HUMBER,Indoor Pool,2025-05-07,KING'S TERRACE ON THE HUMBER,Pass,0,0,0,0,0
KING'S TERRACE ON THE HUMBER,Indoor Pool,2025-08-13,KING'S TERRACE ON THE HUMBER,Pass,0,0,0,0,0
KING'S TERRACE ON THE HUMBER,Indoor Pool,2025-11-13,KING'S TERRACE ON THE HUMBER,Pass,1,1,0,0,1
KING'S TERRACE ON THE HUMBER,Indoor Pool,2026-02-17,KING'S TERRACE ON THE HUMBER,Pass,1,1,0,0,1
KING'S TERRACE ON THE HUMBER,Indoor Pool,2026-04-22,KING'S TERRACE ON THE HUMBER,Pass,1,1,0,0,1
KING'S TERRACE ON THE HUMBER,Indoor Pool,2026-08-20,KING'S TERRACE ON THE HUMBER,Conditional Pass,2,0,1,1,1
KING'S TERRACE ON THE HUMBER,Spa Indoor,2025-01-23,KING'S TERRACE ON THE HUMBER,Pass,1,1,0,0,1
KING'S TERRACE ON THE HUMBER,Spa Indoor,2025-05-07,KING'S TERRACE ON THE HUMBER,Pass,1,1,0,0,1
KING'S TERRACE ON THE HUMBER,Spa Indoor,2025-11-13,KING'S TERRACE ON THE HUMBER,Pass,1,1,0,0,1
KING'S TERRACE ON THE HUMBER,Spa Indoor,2026-02-17,KING'S TERRACE ON THE HUMBER,Pass,1,1,0,0,1
KING'S TERRACE ON THE HUMBER,Spa Indoor,2026-04-22,KING'S TERRACE ON THE HUMBER,Pass,1,0,1,0,1
KINGS LANDING CONDO,Indoor Pool,2024-07-30,KINGS LANDING CONDO,Pass,0,0,0,0,0
KINGS LANDING CONDO,Indoor Pool,2024-11-01,KINGS LANDING CONDO,Pass,0,0,0,0,0
KINGS LANDING CONDO,Indoor Pool,2025-03-07,KINGS LANDING CONDO,Pass,0,0,0,0,0
KINGS LANDING CONDO,Indoor Pool,2025-06-26,KINGS LANDING CONDO,Pass,0,0,0,0,0
KINGS LANDING CONDO,Indoor Pool,2025-09-24,KINGS LANDING CONDO,Pass,0,0,0,0,0
KINGS LANDING CONDO,Indoor Pool,2026-03-19,KINGS LANDING CONDO,Conditional Pass,1,0,0,1,1
KINGS LANDING CONDO,Indoor Pool,2026-03-23,KINGS LANDING CONDO,Pass,0,0,0,0,0
KINGS LANDING CONDO,Indoor Pool,2026-06-15,KINGS LANDING CONDO,Pass,0,0,0,0,0
KINGS LANDING CONDO,Spa Indoor,2026-03-19,KINGS LANDING CONDO,Pass,0,0,0,0,0
KINGSGATE,Indoor Pool,2024-07-10,KINGS GATE,Pass,0,0,0,0,0
KINGSGATE,Indoor Pool,2024-11-28,KINGS GATE,Pass,0,0,0,0,0
KINGSGATE,Indoor Pool,2025-03-24,KINGS GATE,Pass,0,0,0,0,0
KINGSGATE,Indoor Pool,2025-06-09,KINGS GATE,Pass,0,0,0,0,0
KINGSGATE,Indoor Pool,2025-09-19,KINGS GATE,Pass,0,0,0,0,0
KINGSGATE,Indoor Pool,2025-12-05,KINGS GATE,Pass,0,0,0,0,0
KINGSGATE,Indoor Pool,2026-03-17,KINGS GATE,Pass,0,0,0,0,0
KINGSGATE,Indoor Pool,2026-06-23,KINGS GATE,Pass,3,3,0,0,2
KINGSGATE SPA,Spa Indoor,2024-08-08,KINGS GATE,Pass,0,0,0,0,0
KINGSGATE SPA,Spa Indoor,2024-12-02,KINGS GATE,Pass,0,0,0,0,0
KINGSGATE SPA,Spa Indoor,2025-03-25,KINGS GATE,Pass,0,0,0,0,0
KINGSGATE SPA,Spa Indoor,2025-06-09,KINGS GATE,Pass,0,0,0,0,0
KINGSGATE SPA,Spa Indoor,2025-09-19,KINGS GATE,Pass,0,0,0,0,0
KINGSGATE SPA,Spa Indoor,2025-12-05,KINGS GATE,Pass,0,0,0,0,0
KINGSGATE SPA,Spa Indoor,2026-03-17,KINGS GATE,Pass,0,0,0,0,0
KINGSGATE SPA,Spa Indoor,2026-06-23,KINGS GATE,Pass,0,0,0,0,0
KINGSTON GALLOWAY COMM. CENTRE,Indoor Pool,2024-08-01,KINGSTON GALLOWAY COMM. CENTRE,Pass,2,1,1,0,2
KINGSTON GALLOWAY COMM. CENTRE,Indoor Pool,2024-11-19,KINGSTON GALLOWAY COMM. CENTRE,Conditional Pass,4,3,1,0,2
KINGSTON GALLOWAY COMM. CENTRE,Indoor Pool,2024-11-29,KINGSTON GALLOWAY COMM. CENTRE,Pass,0,0,0,0,0
KINGSTON GALLOWAY COMM. CENTRE,Indoor Pool,2025-02-06,KINGSTON GALLOWAY COMM. CENTRE,Conditional Pass,5,3,2,0,3
KINGSTON GALLOWAY COMM. CENTRE,Indoor Pool,2025-08-05,KINGSTON GALLOWAY COMM. CENTRE,Conditional Pass,4,2,2,0,3
KINGSTON GALLOWAY COMM. CENTRE,Indoor Pool,2026-06-25,KINGSTON GALLOWAY COMM. CENTRE,Pass,1,1,0,0,1
KINGSTON GALLOWAY COMM. CENTRE,Indoor Pool,2026-09-23,KINGSTON GALLOWAY COMM. CENTRE,Pass,0,0,0,0,0
KINGSVIEW APARTMENTS,Indoor Pool,2025-11-15,KINGSVIEW APARTMENTS,Conditional Pass,11,4,3,4,5
KINGSVIEW APARTMENTS,Indoor Pool,2025-12-22,KINGSVIEW APARTMENTS,Conditional Pass,12,6,2,4,6
KINGSVIEW APARTMENTS,Indoor Pool,2026-04-11,KINGSVIEW APARTMENTS,Pass,2,2,0,0,2
KINGSVIEW APARTMENTS,Indoor Pool,2026-09-15,KINGSVIEW APARTMENTS,Pass,4,3,1,0,3
KINGSWAY ON THE PARK,Indoor Pool,2024-08-22,KINGSWAY ON THE PARK,Pass,0,0,0,0,0
KINGSWAY ON THE PARK,Indoor Pool,2024-10-22,KINGSWAY ON THE PARK,Pass,0,0,0,0,0
KINGSWAY ON THE PARK,Indoor Pool,2025-01-21,KINGSWAY ON THE PARK,Pass,0,0,0,0,0
KINGSWAY ON THE PARK,Indoor Pool,2025-05-05,KINGSWAY ON THE PARK,Pass,0,0,0,0,0
KINGSWAY ON THE PARK,Indoor Pool,2025-09-09,KINGSWAY ON THE PARK,Pass,0,0,0,0,0
KINGSWAY ON THE PARK,Indoor Pool,2025-12-15,KINGSWAY ON THE PARK,Pass,0,0,0,0,0
KINGSWAY ON THE PARK,Indoor Pool,2026-03-12,KINGSWAY ON THE PARK,Pass,0,0,0,0,0
KINGSWAY ON THE PARK,Indoor Pool,2026-06-04,KINGSWAY ON THE PARK,Pass,0,0,0,0,0
KINGSWAY ON THE PARK,Indoor Pool,2026-08-27,KINGSWAY ON THE PARK,Pass,0,0,0,0,0
KIWANIS CLUB POOL,Outdoor Pool,2025-07-31,KIWANIS CLUB POOL,Pass,2,2,0,0,1
KIWANIS CLUB POOL,Outdoor Pool,2026-06-25,KIWANIS CLUB POOL,Pass,0,0,0,0,0
KNOB HILL PARK,Outdoor Pool,2024-08-21,KNOB HILL PARK,Conditional Pass,3,2,1,0,2
KNOB HILL PARK,Outdoor Pool,2025-07-16,KNOB HILL PARK,Pass,1,1,0,0,1
KNOB HILL PARK,Outdoor Pool,2026-06-12,KNOB HILL PARK,Pass,2,2,0,0,1
KNOB HILL PARK,Outdoor Pool,2026-09-02,KNOB HILL PARK,Pass,3,3,0,0,2
KNOB HILL PARK,Outdoor Pool,2026-09-03,KNOB HILL PARK,Pass,4,4,0,0,3
KNOB HILL PARK,Outdoor Pool,2026-09-04,KNOB HILL PARK,Pass,4,4,0,0,3
KOREAN SAUNA (SEOUL ZIMZILBANG KOREAN SAUNA) MEN'S COLD,Indoor Pool,2024-09-25,SEOUL JIMJILBANG KOREA SAUNA,Pass,0,0,0,0,0
KOREAN SAUNA (SEOUL ZIMZILBANG KOREAN SAUNA) MEN'S COLD,Indoor Pool,2024-12-03,SEOUL JIMJILBANG KOREA SAUNA,Pass,1,1,0,0,1
KOREAN SAUNA (SEOUL ZIMZILBANG KOREAN SAUNA) MEN'S COLD,Indoor Pool,2025-03-18,SEOUL JIMJILBANG KOREA SAUNA,Pass,0,0,0,0,0
KOREAN SAUNA (SEOUL ZIMZILBANG KOREAN SAUNA) MEN'S COLD,Indoor Pool,2025-06-24,SEOUL JIMJILBANG KOREA SAUNA,Pass,0,0,0,0,0
KOREAN SAUNA (SEOUL ZIMZILBANG KOREAN SAUNA) MEN'S COLD,Indoor Pool,2025-09-11,SEOUL JIMJILBANG KOREA SAUNA,Pass,1,1,0,0,1
KOREAN SAUNA (SEOUL ZIMZILBANG KOREAN SAUNA) MEN'S COLD,Indoor Pool,2025-12-17,SEOUL JIMJILBANG KOREA SAUNA,Pass,0,0,0,0,0
KOREAN SAUNA (SEOUL ZIMZILBANG KOREAN SAUNA) MEN'S COLD,Indoor Pool,2026-03-30,SEOUL JIMJILBANG KOREA SAUNA,Pass,0,0,0,0,0
KOREAN SAUNA (SEOUL ZIMZILBANG KOREAN SAUNA) MEN'S COLD,Indoor Pool,2026-06-26,SEOUL JIMJILBANG KOREA SAUNA,Pass,0,0,0,0,0
KOREAN SAUNA (SEOUL ZIMZILBANG KOREAN SAUNA) MEN'S HOT,Indoor Pool,2024-09-25,SEOUL JIMJILBANG KOREA SAUNA,Pass,1,1,0,0,1
KOREAN SAUNA (SEOUL ZIMZILBANG KOREAN SAUNA) MEN'S HOT,Indoor Pool,2024-12-03,SEOUL JIMJILBANG KOREA SAUNA,Pass,0,0,0,0,0
KOREAN SAUNA (SEOUL ZIMZILBANG KOREAN SAUNA) MEN'S HOT,Indoor Pool,2025-03-18,SEOUL JIMJILBANG KOREA SAUNA,Pass,1,1,0,0,1
KOREAN SAUNA (SEOUL ZIMZILBANG KOREAN SAUNA) MEN'S HOT,Indoor Pool,2025-06-24,SEOUL JIMJILBANG KOREA SAUNA,Pass,0,0,0,0,0
KOREAN SAUNA (SEOUL ZIMZILBANG KOREAN SAUNA) MEN'S HOT,Indoor Pool,2025-09-11,SEOUL JIMJILBANG KOREA SAUNA,Pass,1,1,0,0,1
KOREAN SAUNA (SEOUL ZIMZILBANG KOREAN SAUNA) MEN'S HOT,Indoor Pool,2025-12-17,SEOUL JIMJILBANG KOREA SAUNA,Pass,0,0,0,0,0
KOREAN SAUNA (SEOUL ZIMZILBANG KOREAN SAUNA) MEN'S HOT,Indoor Pool,2026-03-30,SEOUL JIMJILBANG KOREA SAUNA,Pass,0,0,0,0,0
KOREAN SAUNA (SEOUL ZIMZILBANG KOREAN SAUNA) MEN'S HOT,Indoor Pool,2026-06-26,SEOUL JIMJILBANG KOREA SAUNA,Pass,0,0,0,0,0
KOREAN SAUNA (SEOUL ZIMZILBANG KOREAN SAUNA) WOMEN'S COLD,Indoor Pool,2024-09-25,SEOUL JIMJILBANG KOREA SAUNA,Conditional Pass,5,2,1,2,3
KOREAN SAUNA (SEOUL ZIMZILBANG KOREAN SAUNA) WOMEN'S COLD,Indoor Pool,2024-10-28,SEOUL JIMJILBANG KOREA SAUNA,Pass,2,2,0,0,2
KOREAN SAUNA (SEOUL ZIMZILBANG KOREAN SAUNA) WOMEN'S COLD,Indoor Pool,2024-12-03,SEOUL JIMJILBANG KOREA SAUNA,Pass,1,1,0,0,1
KOREAN SAUNA (SEOUL ZIMZILBANG KOREAN SAUNA) WOMEN'S COLD,Indoor Pool,2025-03-18,SEOUL JIMJILBANG KOREA SAUNA,Pass,1,1,0,0,1
KOREAN SAUNA (SEOUL ZIMZILBANG KOREAN SAUNA) WOMEN'S COLD,Indoor Pool,2025-06-24,SEOUL JIMJILBANG KOREA SAUNA,Pass,0,0,0,0,0
KOREAN SAUNA (SEOUL ZIMZILBANG KOREAN SAUNA) WOMEN'S COLD,Indoor Pool,2025-09-11,SEOUL JIMJILBANG KOREA SAUNA,Conditional Pass,3,1,1,1,2
KOREAN SAUNA (SEOUL ZIMZILBANG KOREAN SAUNA) WOMEN'S COLD,Indoor Pool,2025-12-17,SEOUL JIMJILBANG KOREA SAUNA,Pass,1,1,0,0,1
KOREAN SAUNA (SEOUL ZIMZILBANG KOREAN SAUNA) WOMEN'S COLD,Indoor Pool,2026-03-30,SEOUL JIMJILBANG KOREA SAUNA,Pass,0,0,0,0,0
KOREAN SAUNA (SEOUL ZIMZILBANG KOREAN SAUNA) WOMEN'S COLD,Indoor Pool,2026-06-26,SEOUL JIMJILBANG KOREA SAUNA,Pass,0,0,0,0,0
KOREAN SAUNA (SEOUL ZIMZILBANG KOREAN SAUNA) WOMEN'S HOT,Indoor Pool,2024-09-25,SEOUL JIMJILBANG KOREA SAUNA,Pass,1,0,1,0,1
KOREAN SAUNA (SEOUL ZIMZILBANG KOREAN SAUNA) WOMEN'S HOT,Indoor Pool,2024-12-03,SEOUL JIMJILBANG KOREA SAUNA,Pass,1,1,0,0,1
KOREAN SAUNA (SEOUL ZIMZILBANG KOREAN SAUNA) WOMEN'S HOT,Indoor Pool,2025-03-18,SEOUL JIMJILBANG KOREA SAUNA,Pass,0,0,0,0,0
KOREAN SAUNA (SEOUL ZIMZILBANG KOREAN SAUNA) WOMEN'S HOT,Indoor Pool,2025-06-24,SEOUL JIMJILBANG KOREA SAUNA,Pass,0,0,0,0,0
KOREAN SAUNA (SEOUL ZIMZILBANG KOREAN SAUNA) WOMEN'S HOT,Indoor Pool,2025-09-11,SEOUL JIMJILBANG KOREA SAUNA,Pass,0,0,0,0,0
KOREAN SAUNA (SEOUL ZIMZILBANG KOREAN SAUNA) WOMEN'S HOT,Indoor Pool,2025-12-17,SEOUL JIMJILBANG KOREA SAUNA,Pass,0,0,0,0,0
KOREAN SAUNA (SEOUL ZIMZILBANG KOREAN SAUNA) WOMEN'S HOT,Indoor Pool,2026-03-30,SEOUL JIMJILBANG KOREA SAUNA,Pass,0,0,0,0,0
KOREAN SAUNA (SEOUL ZIMZILBANG KOREAN SAUNA) WOMEN'S HOT,Indoor Pool,2026-06-26,SEOUL JIMJILBANG KOREA SAUNA,Pass,0,0,0,0,0
L'AMOREAUX C.I. POOL,Indoor Pool,2024-07-25,L'AMOREAUX CI,Conditional Pass,2,1,0,1,2
L'AMOREAUX C.I. POOL,Indoor Pool,2024-10-09,L'AMOREAUX CI,Pass,0,0,0,0,0
L'AMOREAUX C.I. POOL,Indoor Pool,2025-01-22,L'AMOREAUX CI,Pass,2,1,1,0,2
L'AMOREAUX C.I. POOL,Indoor Pool,2025-06-02,L'AMOREAUX CI,Pass,2,1,1,0,2
L'AMOREAUX C.I. POOL,Indoor Pool,2025-09-25,L'AMOREAUX CI,Pass,1,1,0,0,1
L'AMOREAUX C.I. POOL,Indoor Pool,2025-12-12,L'AMOREAUX CI,Pass,1,1,0,0,1
L'AMOREAUX C.I. POOL,Indoor Pool,2026-02-13,L'AMOREAUX CI,Pass,2,2,0,0,1
L'AMOREAUX C.I. POOL,Indoor Pool,2026-05-05,L'AMOREAUX CI,Pass,1,1,0,0,1
LA FITNESS,Indoor Pool,2024-09-24,LA FITNESS,Pass,0,0,0,0,0
LA FITNESS,Indoor Pool,2024-10-28,LA FITNESS,Closed,2,0,0,2,2
LA FITNESS,Indoor Pool,2024-10-29,LA FITNESS,Pass,1,1,0,0,1
LA FITNESS,Indoor Pool,2025-02-07,LA FITNESS,Pass,2,2,0,0,1
LA FITNESS,Indoor Pool,2025-05-23,LA FITNESS,Conditional Pass,4,1,2,1,2
LA FITNESS,Indoor Pool,2025-05-28,LA FITNESS,Pass,0,0,0,0,0
LA FITNESS,Indoor Pool,2025-06-18,LA FITNESS,Closed,10,2,3,5,5
LA FITNESS,Indoor Pool,2025-07-02,LA FITNESS,Pass,0,0,0,0,0
LA FITNESS,Indoor Pool,2025-09-26,LA FITNESS,Pass,0,0,0,0,0
LA FITNESS,Indoor Pool,2025-12-15,LA FITNESS,Pass,1,1,0,0,1
LA FITNESS,Indoor Pool,2026-02-23,LA FITNESS,Pass,1,1,0,0,1
LA FITNESS,Indoor Pool,2026-04-21,LA FITNESS,Pass,1,1,0,0,1
LA FITNESS,Indoor Pool,2026-07-10,LA FITNESS,Pass,1,1,0,0,1
LA FITNESS,Spa Indoor,2024-10-29,LA FITNESS,Pass,0,0,0,0,0
LA FITNESS,Spa Indoor,2025-02-07,LA FITNESS,Pass,2,2,0,0,1
LA FITNESS,Spa Indoor,2025-06-18,LA FITNESS,Closed,7,1,1,5,3
LA FITNESS,Spa Indoor,2025-07-02,LA FITNESS,Pass,1,1,0,0,1
LA FITNESS,Spa Indoor,2025-12-15,LA FITNESS,Conditional Pass,1,0,1,0,1
LA FITNESS,Spa Indoor,2025-12-16,LA FITNESS,Pass,0,0,0,0,0
LA FITNESS,Spa Indoor,2026-04-21,LA FITNESS,Closed,5,2,1,2,4
LA FITNESS,Spa Indoor,2026-04-24,LA FITNESS,Pass,1,1,0,0,1
LA FITNESS - NORTH YORK - YONGE STREET,Indoor Pool,2024-09-30,LA FITNESS - NORTH YORK - YONGE STREET,Pass,3,3,0,0,2
LA FITNESS - NORTH YORK - YONGE STREET,Indoor Pool,2024-12-30,LA FITNESS - NORTH YORK - YONGE STREET,Pass,1,1,0,0,1
LA FITNESS - NORTH YORK - YONGE STREET,Indoor Pool,2025-03-14,LA FITNESS - NORTH YORK - YONGE STREET,Pass,3,3,0,0,3
LA FITNESS - NORTH YORK - YONGE STREET,Indoor Pool,2025-06-13,LA FITNESS - NORTH YORK - YONGE STREET,Pass,2,2,0,0,2
LA FITNESS - NORTH YORK - YONGE STREET,Indoor Pool,2025-11-07,LA FITNESS - NORTH YORK - YONGE STREET,Pass,3,2,1,0,3
LA FITNESS - NORTH YORK - YONGE STREET,Indoor Pool,2026-02-05,LA FITNESS - NORTH YORK - YONGE STREET,Pass,4,4,0,0,1
LA FITNESS - NORTH YORK - YONGE STREET,Indoor Pool,2026-05-27,LA FITNESS - NORTH YORK - YONGE STREET,Pass,3,3,0,0,2
LA FITNESS SCARBOROUGH WKR - INDOOR POOL CLASS B,Indoor Pool,2024-09-12,LA FITNESS,Conditional Pass,1,0,1,0,1
LA FITNESS SCARBOROUGH WKR - INDOOR POOL CLASS B,Indoor Pool,2024-10-07,LA FITNESS,Pass,0,0,0,0,0
LA FITNESS SCARBOROUGH WKR - INDOOR POOL CLASS B,Indoor Pool,2025-02-18,LA FITNESS,Conditional Pass,7,6,1,0,3
LA FITNESS SCARBOROUGH WKR - INDOOR POOL CLASS B,Indoor Pool,2025-02-20,LA FITNESS,Pass,0,0,0,0,0
LA FITNESS SCARBOROUGH WKR - INDOOR POOL CLASS B,Indoor Pool,2025-04-28,LA FITNESS,Pass,0,0,0,0,0
LA FITNESS SCARBOROUGH WKR - INDOOR POOL CLASS B,Indoor Pool,2025-07-25,LA FITNESS,Pass,0,0,0,0,0
LA FITNESS SCARBOROUGH WKR - INDOOR POOL CLASS B,Indoor Pool,2025-11-05,LA FITNESS,Conditional Pass,1,0,1,0,1
LA FITNESS SCARBOROUGH WKR - INDOOR POOL CLASS B,Indoor Pool,2025-11-06,LA FITNESS,Pass,0,0,0,0,0
LA FITNESS SCARBOROUGH WKR - INDOOR POOL CLASS B,Indoor Pool,2026-02-05,LA FITNESS,Pass,1,1,0,0,1
LA FITNESS SCARBOROUGH WKR - INDOOR POOL CLASS B,Indoor Pool,2026-02-11,LA FITNESS,Conditional Pass,4,2,1,1,3
LA FITNESS SCARBOROUGH WKR - INDOOR POOL CLASS B,Indoor Pool,2026-03-09,LA FITNESS,Pass,1,1,0,0,1
LA FITNESS SCARBOROUGH WKR - INDOOR POOL CLASS B,Indoor Pool,2026-05-28,LA FITNESS,Pass,1,1,0,0,1
LA FITNESS SCARBOROUGH WKR - INDOOR POOL CLASS B,Indoor Pool,2026-07-22,LA FITNESS,Pass,2,2,0,0,1
LA FITNESS SCARBOROUGH WKR - INDOOR POOL CLASS B,Indoor Pool,2026-09-10,LA FITNESS,Pass,1,1,0,0,1
LA FITNESS SCARBOROUGH WKR - SPA,Spa Indoor,2024-09-12,LA FITNESS,Conditional Pass,2,0,2,0,2
LA FITNESS SCARBOROUGH WKR - SPA,Spa Indoor,2024-10-09,LA FITNESS,Pass,0,0,0,0,0
LA FITNESS SCARBOROUGH WKR - SPA,Spa Indoor,2025-02-18,LA FITNESS,Pass,3,3,0,0,1
LA FITNESS SCARBOROUGH WKR - SPA,Spa Indoor,2025-05-02,LA FITNESS,Pass,0,0,0,0,0
LA FITNESS SCARBOROUGH WKR - SPA,Spa Indoor,2025-07-25,LA FITNESS,Pass,1,1,0,0,1
LA FITNESS SCARBOROUGH WKR - SPA,Spa Indoor,2025-11-05,LA FITNESS,Closed,2,0,0,2,2
LA FITNESS SCARBOROUGH WKR - SPA,Spa Indoor,2025-11-07,LA FITNESS,Conditional Pass,1,0,0,1,1
LA FITNESS SCARBOROUGH WKR - SPA,Spa Indoor,2025-12-10,LA FITNESS,Pass,0,0,0,0,0
LA FITNESS SCARBOROUGH WKR - SPA,Spa Indoor,2026-02-05,LA FITNESS,Pass,1,1,0,0,1
LA FITNESS SCARBOROUGH WKR - SPA,Spa Indoor,2026-02-11,LA FITNESS,Conditional Pass,3,2,1,0,3
LA FITNESS SCARBOROUGH WKR - SPA,Spa Indoor,2026-03-09,LA FITNESS,Pass,1,1,0,0,1
LA FITNESS SCARBOROUGH WKR - SPA,Spa Indoor,2026-05-28,LA FITNESS,Pass,1,1,0,0,1
LA FITNESS SCARBOROUGH WKR - SPA,Spa Indoor,2026-07-22,LA FITNESS,Conditional Pass,2,1,1,0,2
LA FITNESS SCARBOROUGH WKR - SPA,Spa Indoor,2026-07-31,LA FITNESS,Pass,0,0,0,0,0
LA FITNESS SCARBOROUGH WKR - SPA,Spa Indoor,2026-09-10,LA FITNESS,Pass,0,0,0,0,0
LA FITNESS SIGNATURE CLUB POOL,Indoor Pool,2024-08-20,LA FITNESS SIGNATURE CLUB,Pass,1,1,0,0,1
LA FITNESS SIGNATURE CLUB POOL,Indoor Pool,2025-03-04,LA FITNESS SIGNATURE CLUB,Conditional Pass,8,3,4,1,5
LA FITNESS SIGNATURE CLUB POOL,Indoor Pool,2025-04-24,LA FITNESS SIGNATURE CLUB,Pass,1,1,0,0,1
LA FITNESS SIGNATURE CLUB POOL,Indoor Pool,2025-05-23,LA FITNESS SIGNATURE CLUB,Pass,2,2,0,0,1
LA FITNESS SIGNATURE CLUB POOL,Indoor Pool,2025-09-08,LA FITNESS SIGNATURE CLUB,Pass,1,1,0,0,1
LA FITNESS SIGNATURE CLUB POOL,Indoor Pool,2025-12-19,LA FITNESS SIGNATURE CLUB,Conditional Pass,5,3,1,1,4
LA FITNESS SIGNATURE CLUB POOL,Indoor Pool,2026-02-02,LA FITNESS SIGNATURE CLUB,Conditional Pass,4,0,3,1,3
LA FITNESS SIGNATURE CLUB POOL,Indoor Pool,2026-03-09,LA FITNESS SIGNATURE CLUB,Conditional Pass,6,3,2,1,5
LA FITNESS SIGNATURE CLUB POOL,Indoor Pool,2026-06-09,LA FITNESS SIGNATURE CLUB,Conditional Pass,9,5,1,3,6
LA FITNESS TORONTO-KEELE,Indoor Pool,2024-09-04,LA FITNESS TORONTO-KEELE,Pass,2,2,0,0,2
LA FITNESS TORONTO-KEELE,Indoor Pool,2024-10-11,LA FITNESS TORONTO-KEELE,Conditional Pass,3,2,1,0,2
LA FITNESS TORONTO-KEELE,Indoor Pool,2024-10-23,LA FITNESS TORONTO-KEELE,Pass,4,3,1,0,3
LA FITNESS TORONTO-KEELE,Indoor Pool,2025-01-13,LA FITNESS TORONTO-KEELE,Pass,0,0,0,0,0
LA FITNESS TORONTO-KEELE,Indoor Pool,2025-06-05,LA FITNESS TORONTO-KEELE,Pass,0,0,0,0,0
LA FITNESS TORONTO-KEELE,Indoor Pool,2025-12-17,LA FITNESS TORONTO-KEELE,Conditional Pass,2,0,0,2,2
LA FITNESS TORONTO-KEELE,Indoor Pool,2026-02-18,LA FITNESS TORONTO-KEELE,Pass,1,1,0,0,1
LA FITNESS TORONTO-KEELE,Indoor Pool,2026-03-04,LA FITNESS TORONTO-KEELE,Pass,0,0,0,0,0
LA FITNESS TORONTO-KEELE,Indoor Pool,2026-06-26,LA FITNESS TORONTO-KEELE,Pass,0,0,0,0,0
LA ROSE APTS.,Indoor Pool,2024-09-30,LA ROSE APTS.,Pass,0,0,0,0,0
LA ROSE APTS.,Indoor Pool,2025-01-17,LA ROSE APTS.,Pass,0,0,0,0,0
LA ROSE APTS.,Indoor Pool,2025-04-29,LA ROSE APTS.,Conditional Pass,1,0,0,1,1
LA ROSE APTS.,Indoor Pool,2025-08-18,LA ROSE APTS.,Pass,0,0,0,0,0
LA ROSE APTS.,Indoor Pool,2025-11-20,LA ROSE APTS.,Closed,9,2,4,3,6
LA ROSE APTS.,Indoor Pool,2026-05-14,LA ROSE APTS.,Pass,1,1,0,0,1
LA ROSE APTS.,Indoor Pool,2026-08-24,LA ROSE APTS.,Conditional Pass,6,4,0,2,3
LAGO,Indoor Pool,2024-09-03,LAGO,Pass,0,0,0,0,0
LAGO,Indoor Pool,2024-11-06,LAGO,Pass,0,0,0,0,0
LAGO,Indoor Pool,2025-02-06,LAGO,Pass,0,0,0,0,0
LAGO,Indoor Pool,2025-04-03,LAGO,Pass,0,0,0,0,0
LAGO,Indoor Pool,2025-11-18,LAGO,Pass,0,0,0,0,0
LAGO,Indoor Pool,2026-02-11,LAGO,Pass,0,0,0,0,0
LAGO,Indoor Pool,2026-05-05,LAGO,Pass,0,0,0,0,0
LAGO,Indoor Pool,2026-09-21,LAGO,Pass,0,0,0,0,0
LAKE PROMINADE APARTMENTS (21 & 31 PARK BLVD),Outdoor Pool,2025-08-22,31 PARK BLVD.,Pass,0,0,0,0,0
LAKE PROMINADE APARTMENTS (21 & 31 PARK BLVD),Outdoor Pool,2026-07-28,31 PARK BLVD.,Closed,8,4,2,2,6
LAKE PROMINADE APARTMENTS (21 & 31 PARK BLVD),Outdoor Pool,2026-07-29,31 PARK BLVD.,Pass,1,1,0,0,1
LAKESHORE PARK ESTATES,Spa Indoor,2024-09-20,LAKESHORE PARK ESTATES,Pass,0,0,0,0,0
LAKESHORE PARK ESTATES,Spa Indoor,2024-12-30,LAKESHORE PARK ESTATES,Pass,0,0,0,0,0
LAKESHORE PARK ESTATES,Spa Indoor,2025-03-24,LAKESHORE PARK ESTATES,Pass,0,0,0,0,0
LAKESHORE PARK ESTATES,Spa Indoor,2026-03-17,LAKESHORE PARK ESTATES,Pass,0,0,0,0,0
LAKESHORE PARK ESTATES,Spa Indoor,2026-06-26,LAKESHORE PARK ESTATES,Closed,3,0,1,2,3
LAKESHORE PARK ESTATES,Spa Indoor,2026-06-29,LAKESHORE PARK ESTATES,Pass,0,0,0,0,0
LAKESHORE PARK ESTATES,Spa Indoor,2026-09-16,LAKESHORE PARK ESTATES,Pass,1,1,0,0,1
LAKESIDE PLACE - SPA,Spa Indoor,2026-03-18,LAKESIDE PLACE SPA,Pass,0,0,0,0,0
LAKESIDE PLACE - SPA,Spa Indoor,2026-06-26,LAKESIDE PLACE SPA,Pass,1,1,0,0,1
LAKESIDE PLACE - SPA,Spa Indoor,2026-09-17,LAKESIDE PLACE SPA,Pass,0,0,0,0,0
LAKESIDE VILLAGE,Outdoor Pool,2024-07-12,LAKESIDE VILLAGE,Pass,0,0,0,0,0
LAKESIDE VILLAGE,Outdoor Pool,2025-07-22,LAKESIDE VILLAGE,Conditional Pass,1,0,0,1,1
LAKESIDE VILLAGE,Outdoor Pool,2025-08-12,LAKESIDE VILLAGE,Pass,1,1,0,0,1
LAKESIDE VILLAGE,Outdoor Pool,2026-07-28,LAKESIDE VILLAGE,Pass,3,3,0,0,2
LAKEVIEW TOWERS OUTDOOR POOL,Outdoor Pool,2024-07-29,LAKEVIEW TOWERS,Pass,0,0,0,0,0
LAKEVIEW TOWERS OUTDOOR POOL,Outdoor Pool,2024-08-30,LAKEVIEW TOWERS,Closed,2,0,0,2,2
LAKEVIEW TOWERS OUTDOOR POOL,Outdoor Pool,2025-08-07,LAKEVIEW TOWERS,Conditional Pass,10,5,1,4,3
LAKEVIEW TOWERS OUTDOOR POOL,Outdoor Pool,2025-08-14,LAKEVIEW TOWERS,Pass,3,3,0,0,2
LAKEVIEW TOWERS OUTDOOR POOL,Outdoor Pool,2026-07-28,LAKEVIEW TOWERS,Conditional Pass,7,4,1,2,4
LAKEVIEW TOWERS OUTDOOR POOL,Outdoor Pool,2026-08-26,LAKEVIEW TOWERS,Closed,8,4,1,3,5
LAKEVIEW TOWERS OUTDOOR POOL,Outdoor Pool,2026-08-28,LAKEVIEW TOWERS,Conditional Pass,1,0,0,1,1
LAMBTON SQUARE,Outdoor Pool,2024-08-01,LAMBTON SQUARE,Conditional Pass,2,0,1,1,2
LAMBTON SQUARE,Outdoor Pool,2025-08-27,LAMBTON SQUARE,Pass,0,0,0,0,0
LAMBTON SQUARE,Outdoor Pool,2026-08-07,LAMBTON SQUARE,Closed,12,3,2,7,7
LAMBTON SQUARE,Outdoor Pool,2026-08-12,LAMBTON SQUARE,Closed,6,0,2,4,4
LAMBTON SQUARE,Outdoor Pool,2026-08-26,LAMBTON SQUARE,Pass,1,1,0,0,1
LAMBTON-KINGSWAY POOL,Outdoor Pool,2024-07-17,LAMBTON-KINGSWAY OUTDOOR POOL,Pass,0,0,0,0,0
LAMBTON-KINGSWAY POOL,Outdoor Pool,2025-07-15,LAMBTON-KINGSWAY OUTDOOR POOL,Conditional Pass,5,1,1,3,3
LAMBTON-KINGSWAY POOL,Outdoor Pool,2026-07-09,LAMBTON-KINGSWAY OUTDOOR POOL,Pass,1,1,0,0,1
LANTERN CLUB POOL,Outdoor Pool,2024-09-18,LANTERN CLUB,Pass,1,1,0,0,1
LANTERN CLUB POOL,Outdoor Pool,2025-06-12,LANTERN CLUB,Conditional Pass,2,1,0,1,2
LANTERN CLUB POOL,Outdoor Pool,2025-07-23,LANTERN CLUB,Conditional Pass,2,0,0,2,2
LANTERN CLUB POOL,Outdoor Pool,2025-08-20,LANTERN CLUB,Pass,0,0,0,0,0
LANTERN CLUB POOL,Outdoor Pool,2026-07-06,LANTERN CLUB,Pass,1,1,0,0,1
LANTERN CLUB POOL,Outdoor Pool,2026-09-01,LANTERN CLUB,Pass,0,0,0,0,0
LAP POOL - ETHENNONNHAWAHSTIHNEN' COMMUNITY RECREATION CENTRE,Indoor Pool,2024-08-20,ETHENNONNHAWAHSTIHNEN' COMMUNITY RECREATION CENTRE,Pass,0,0,0,0,0
LAP POOL - ETHENNONNHAWAHSTIHNEN' COMMUNITY RECREATION CENTRE,Indoor Pool,2024-11-07,ETHENNONNHAWAHSTIHNEN' COMMUNITY RECREATION CENTRE,Pass,0,0,0,0,0
LAP POOL - ETHENNONNHAWAHSTIHNEN' COMMUNITY RECREATION CENTRE,Indoor Pool,2025-02-06,ETHENNONNHAWAHSTIHNEN' COMMUNITY RECREATION CENTRE,Pass,1,1,0,0,1
LAP POOL - ETHENNONNHAWAHSTIHNEN' COMMUNITY RECREATION CENTRE,Indoor Pool,2025-04-28,ETHENNONNHAWAHSTIHNEN' COMMUNITY RECREATION CENTRE,Pass,1,1,0,0,1
LAP POOL - ETHENNONNHAWAHSTIHNEN' COMMUNITY RECREATION CENTRE,Indoor Pool,2025-08-08,ETHENNONNHAWAHSTIHNEN' COMMUNITY RECREATION CENTRE,Pass,0,0,0,0,0
LAP POOL - ETHENNONNHAWAHSTIHNEN' COMMUNITY RECREATION CENTRE,Indoor Pool,2025-10-16,ETHENNONNHAWAHSTIHNEN' COMMUNITY RECREATION CENTRE,Pass,0,0,0,0,0
LAP POOL - ETHENNONNHAWAHSTIHNEN' COMMUNITY RECREATION CENTRE,Indoor Pool,2026-01-21,ETHENNONNHAWAHSTIHNEN' COMMUNITY RECREATION CENTRE,Pass,0,0,0,0,0
LAP POOL - ETHENNONNHAWAHSTIHNEN' COMMUNITY RECREATION CENTRE,Indoor Pool,2026-06-05,ETHENNONNHAWAHSTIHNEN' COMMUNITY RECREATION CENTRE,Pass,1,1,0,0,1
LAP POOL WELLESLEY CC,Indoor Pool,2024-09-30,LAP POOL WELLESLEY CC,Pass,2,2,0,0,2
LAP POOL WELLESLEY CC,Indoor Pool,2024-11-15,LAP POOL WELLESLEY CC,Pass,1,1,0,0,1
LAP POOL WELLESLEY CC,Indoor Pool,2025-01-21,LAP POOL WELLESLEY CC,Pass,1,1,0,0,1
LAP POOL WELLESLEY CC,Indoor Pool,2025-04-22,LAP POOL WELLESLEY CC,Pass,0,0,0,0,0
LAP POOL WELLESLEY CC,Indoor Pool,2025-08-19,LAP POOL WELLESLEY CC,Pass,1,1,0,0,1
LAP POOL WELLESLEY CC,Indoor Pool,2025-11-26,LAP POOL WELLESLEY CC,Pass,1,1,0,0,1
LAP POOL WELLESLEY CC,Indoor Pool,2026-01-19,LAP POOL WELLESLEY CC,Pass,2,2,0,0,2
LAP POOL WELLESLEY CC,Indoor Pool,2026-05-01,LAP POOL WELLESLEY CC,Pass,0,0,0,0,0
LAWRENCE HEIGHTS COMMUNITY,Outdoor Pool,2024-08-15,LAWRENCE HEIGHTS COMMUNITY,Pass,3,3,0,0,2
LAWRENCE HEIGHTS COMMUNITY,Outdoor Pool,2025-07-08,LAWRENCE HEIGHTS COMMUNITY,Pass,2,2,0,0,2
LAWRENCE HEIGHTS COMMUNITY,Outdoor Pool,2026-08-14,LAWRENCE HEIGHTS COMMUNITY,Pass,2,2,0,0,2
LAWRENCE PARK CONDOMINIUMS,Indoor Pool,2024-09-17,LAWRENCE PARK CONDOMINIUM,Closed,12,7,1,4,5
LAWRENCE PARK CONDOMINIUMS,Indoor Pool,2024-09-19,LAWRENCE PARK CONDOMINIUM,Conditional Pass,2,1,0,1,2
LAWRENCE PARK CONDOMINIUMS,Indoor Pool,2024-10-07,LAWRENCE PARK CONDOMINIUM,Pass,0,0,0,0,0
LAWRENCE PARK CONDOMINIUMS,Indoor Pool,2024-12-04,LAWRENCE PARK CONDOMINIUM,Conditional Pass,5,3,1,1,4
LAWRENCE PARK CONDOMINIUMS,Indoor Pool,2025-01-27,LAWRENCE PARK CONDOMINIUM,Pass,3,3,0,0,1
LAWRENCE PARK CONDOMINIUMS,Indoor Pool,2025-04-15,LAWRENCE PARK CONDOMINIUM,Pass,4,4,0,0,2
LAWRENCE PARK CONDOMINIUMS,Indoor Pool,2025-07-24,LAWRENCE PARK CONDOMINIUM,Conditional Pass,4,2,1,1,3
LAWRENCE PARK CONDOMINIUMS,Indoor Pool,2025-07-28,LAWRENCE PARK CONDOMINIUM,Pass,0,0,0,0,0
LAWRENCE PARK CONDOMINIUMS,Indoor Pool,2025-10-31,LAWRENCE PARK CONDOMINIUM,Pass,6,3,3,0,4
LAWRENCE PARK CONDOMINIUMS,Indoor Pool,2026-01-14,LAWRENCE PARK CONDOMINIUM,Pass,4,3,1,0,1
LAWRENCE PARK CONDOMINIUMS,Indoor Pool,2026-04-21,LAWRENCE PARK CONDOMINIUM,Conditional Pass,3,0,2,1,2
LAWRENCE PARK CONDOMINIUMS,Indoor Pool,2026-04-28,LAWRENCE PARK CONDOMINIUM,Pass,0,0,0,0,0
LAWRENCE PARK CONDOMINIUMS SPA,Spa Indoor,2024-09-19,LAWRENCE PARK CONDOMINIUM,Conditional Pass,5,4,0,1,2
LAWRENCE PARK CONDOMINIUMS SPA,Spa Indoor,2024-10-07,LAWRENCE PARK CONDOMINIUM,Pass,0,0,0,0,0
LAWRENCE PARK CONDOMINIUMS SPA,Spa Indoor,2025-01-27,LAWRENCE PARK CONDOMINIUM,Conditional Pass,3,1,0,2,3
LAWRENCE PARK CONDOMINIUMS SPA,Spa Indoor,2025-02-07,LAWRENCE PARK CONDOMINIUM,Pass,0,0,0,0,0
LAWRENCE PARK CONDOMINIUMS SPA,Spa Indoor,2025-04-15,LAWRENCE PARK CONDOMINIUM,Pass,4,4,0,0,2
LAWRENCE PARK CONDOMINIUMS SPA,Spa Indoor,2025-07-24,LAWRENCE PARK CONDOMINIUM,Conditional Pass,3,2,0,1,2
LAWRENCE PARK CONDOMINIUMS SPA,Spa Indoor,2025-07-28,LAWRENCE PARK CONDOMINIUM,Pass,0,0,0,0,0
LAWRENCE PARK CONDOMINIUMS SPA,Spa Indoor,2025-10-31,LAWRENCE PARK CONDOMINIUM,Pass,4,4,0,0,2
LAWRENCE PARK CONDOMINIUMS SPA,Spa Indoor,2026-01-22,LAWRENCE PARK CONDOMINIUM,Conditional Pass,1,0,0,1,1
LAWRENCE PARK CONDOMINIUMS SPA,Spa Indoor,2026-01-28,LAWRENCE PARK CONDOMINIUM,Conditional Pass,1,0,0,1,1
LAWRENCE PARK CONDOMINIUMS SPA,Spa Indoor,2026-03-03,LAWRENCE PARK CONDOMINIUM,Pass,0,0,0,0,0
LAWRENCE PARK CONDOMINIUMS SPA,Spa Indoor,2026-04-21,LAWRENCE PARK CONDOMINIUM,Conditional Pass,4,1,1,2,2
LAWRENCE PARK CONDOMINIUMS SPA,Spa Indoor,2026-05-12,LAWRENCE PARK CONDOMINIUM,Pass,1,1,0,0,1
LEASIDE CLUB,Indoor Pool,2024-12-13,33 FREDERICK TODD WAY,Pass,1,1,0,0,1
LEASIDE CLUB,Indoor Pool,2025-02-27,33 FREDERICK TODD WAY,Pass,3,3,0,0,2
LEASIDE CLUB,Indoor Pool,2025-11-17,33 FREDERICK TODD WAY,Conditional Pass,2,1,1,0,2
LEASIDE CLUB,Indoor Pool,2026-02-12,33 FREDERICK TODD WAY,Pass,1,1,0,0,1
LEASIDE CLUB,Indoor Pool,2026-06-17,33 FREDERICK TODD WAY,Pass,1,1,0,0,1
LEASIDE CLUB,Spa Indoor,2024-12-13,33 FREDERICK TODD WAY,Pass,3,3,0,0,3
LEASIDE CLUB,Spa Indoor,2025-02-27,33 FREDERICK TODD WAY,Pass,2,2,0,0,1
LEASIDE CLUB,Spa Indoor,2025-11-17,33 FREDERICK TODD WAY,Pass,0,0,0,0,0
LEASIDE CLUB,Spa Indoor,2026-06-17,33 FREDERICK TODD WAY,Conditional Pass,4,0,3,1,3
LEASIDE GARDENS SWIMMING POOL,Indoor Pool,2024-09-24,LEASIDE MEMORIAL COMMUNITY GARDENS,Pass,0,0,0,0,0
LEASIDE GARDENS SWIMMING POOL,Indoor Pool,2024-12-12,LEASIDE MEMORIAL COMMUNITY GARDENS,Pass,2,2,0,0,2
LEASIDE GARDENS SWIMMING POOL,Indoor Pool,2025-03-10,LEASIDE MEMORIAL COMMUNITY GARDENS,Pass,1,1,0,0,1
LEASIDE GARDENS SWIMMING POOL,Indoor Pool,2025-06-04,LEASIDE MEMORIAL COMMUNITY GARDENS,Pass,0,0,0,0,0
LEASIDE GARDENS SWIMMING POOL,Indoor Pool,2025-10-08,LEASIDE MEMORIAL COMMUNITY GARDENS,Pass,0,0,0,0,0
LEASIDE GARDENS SWIMMING POOL,Indoor Pool,2026-01-08,LEASIDE MEMORIAL COMMUNITY GARDENS,Pass,0,0,0,0,0
LEASIDE GARDENS SWIMMING POOL,Indoor Pool,2026-03-12,LEASIDE MEMORIAL COMMUNITY GARDENS,Pass,0,0,0,0,0
LEASIDE GARDENS SWIMMING POOL,Indoor Pool,2026-06-15,LEASIDE MEMORIAL COMMUNITY GARDENS,Pass,0,0,0,0,0
LEASIDE PARK OUTDOOR POOL,Outdoor Pool,2024-07-29,LEASIDE PARK,Pass,3,3,0,0,3
LEASIDE PARK OUTDOOR POOL,Outdoor Pool,2025-07-14,LEASIDE PARK,Closed,6,1,3,2,5
LEASIDE PARK OUTDOOR POOL,Outdoor Pool,2025-07-16,LEASIDE PARK,Pass,1,1,0,0,1
LEASIDE PARK OUTDOOR POOL,Outdoor Pool,2026-07-20,LEASIDE PARK,Conditional Pass,7,3,3,1,5
LEDBURY PARK POOL,Outdoor Pool,2025-07-03,LEDBURY PARK,Pass,4,4,0,0,3
LEDBURY PARK POOL,Outdoor Pool,2026-07-15,LEDBURY PARK,Pass,0,0,0,0,0
LEGACY REC CENTRE,Indoor Pool,2024-10-18,HERON'S HILL,Pass,1,1,0,0,1
LEGACY REC CENTRE,Indoor Pool,2025-03-26,HERON'S HILL,Pass,2,2,0,0,2
LEGACY REC CENTRE,Indoor Pool,2025-06-25,HERON'S HILL,Pass,4,4,0,0,3
LEGACY REC CENTRE,Indoor Pool,2025-09-18,HERON'S HILL,Pass,2,2,0,0,2
LEGACY REC CENTRE,Indoor Pool,2026-02-27,HERON'S HILL,Pass,3,3,0,0,3
LEGACY REC CENTRE,Indoor Pool,2026-04-22,HERON'S HILL,Pass,5,5,0,0,4
LEGACY REC CENTRE,Indoor Pool,2026-09-17,HERON'S HILL,Pass,1,1,0,0,1
LEGACY REC CENTRE,Spa Indoor,2024-10-18,HERON'S HILL,Pass,1,1,0,0,1
LEGACY REC CENTRE,Spa Indoor,2025-03-26,HERON'S HILL,Pass,4,4,0,0,4
LEGACY REC CENTRE,Spa Indoor,2025-06-25,HERON'S HILL,Pass,2,2,0,0,2
LEGACY REC CENTRE,Spa Indoor,2025-09-18,HERON'S HILL,Pass,0,0,0,0,0
LEGACY REC CENTRE,Spa Indoor,2026-02-27,HERON'S HILL,Pass,1,1,0,0,1
LEGACY REC CENTRE,Spa Indoor,2026-04-22,HERON'S HILL,Pass,2,2,0,0,2
LEGACY REC CENTRE,Spa Indoor,2026-09-17,HERON'S HILL,Pass,1,0,1,0,1
LEGENDS AT TAM O'SHANTER,Indoor Pool,2024-08-01,LEGENDS AT TAM O'SHANTER,Conditional Pass,3,1,2,0,2
LEGENDS AT TAM O'SHANTER,Indoor Pool,2024-08-15,LEGENDS AT TAM O'SHANTER,Pass,0,0,0,0,0
LEGENDS AT TAM O'SHANTER,Indoor Pool,2024-10-22,LEGENDS AT TAM O'SHANTER,Pass,1,0,1,0,1
LEGENDS AT TAM O'SHANTER,Indoor Pool,2025-01-17,LEGENDS AT TAM O'SHANTER,Pass,1,1,0,0,1
LEGENDS AT TAM O'SHANTER,Indoor Pool,2025-05-21,LEGENDS AT TAM O'SHANTER,Conditional Pass,5,2,0,3,3
LEGENDS AT TAM O'SHANTER,Indoor Pool,2025-09-03,LEGENDS AT TAM O'SHANTER,Pass,1,0,1,0,1
LEGENDS AT TAM O'SHANTER,Indoor Pool,2025-11-12,LEGENDS AT TAM O'SHANTER,Pass,1,1,0,0,1
LEGENDS AT TAM O'SHANTER,Indoor Pool,2026-02-05,LEGENDS AT TAM O'SHANTER,Conditional Pass,3,0,3,0,3
LEGENDS AT TAM O'SHANTER,Indoor Pool,2026-02-20,LEGENDS AT TAM O'SHANTER,Pass,0,0,0,0,0
LEGENDS AT TAM O'SHANTER,Indoor Pool,2026-05-01,LEGENDS AT TAM O'SHANTER,Pass,0,0,0,0,0
LEGENDS AT TAM O'SHANTER,Indoor Pool,2026-09-23,LEGENDS AT TAM O'SHANTER,Pass,0,0,0,0,0
LEGENDS AT TAM O'SHANTER,Spa Indoor,2024-10-22,LEGENDS AT TAM O'SHANTER,Pass,2,1,1,0,1
LEGENDS AT TAM O'SHANTER,Spa Indoor,2025-01-17,LEGENDS AT TAM O'SHANTER,Conditional Pass,3,1,1,1,2
LEGENDS AT TAM O'SHANTER,Spa Indoor,2025-01-30,LEGENDS AT TAM O'SHANTER,Pass,2,2,0,0,2
LEGENDS AT TAM O'SHANTER,Spa Indoor,2025-05-21,LEGENDS AT TAM O'SHANTER,Conditional Pass,3,2,0,1,3
LEGENDS AT TAM O'SHANTER,Spa Indoor,2025-09-03,LEGENDS AT TAM O'SHANTER,Pass,2,1,1,0,2
LEGENDS AT TAM O'SHANTER,Spa Indoor,2026-02-23,LEGENDS AT TAM O'SHANTER,Pass,0,0,0,0,0
LEISURE POOL - ETHENNONNHAWAHSTIHNEN' COMMUNITY RECREATION CENTRE,Indoor Pool,2024-08-20,ETHENNONNHAWAHSTIHNEN' COMMUNITY RECREATION CENTRE,Pass,0,0,0,0,0
LEISURE POOL - ETHENNONNHAWAHSTIHNEN' COMMUNITY RECREATION CENTRE,Indoor Pool,2024-11-07,ETHENNONNHAWAHSTIHNEN' COMMUNITY RECREATION CENTRE,Pass,0,0,0,0,0
LEISURE POOL - ETHENNONNHAWAHSTIHNEN' COMMUNITY RECREATION CENTRE,Indoor Pool,2025-02-06,ETHENNONNHAWAHSTIHNEN' COMMUNITY RECREATION CENTRE,Pass,1,1,0,0,1
LEISURE POOL - ETHENNONNHAWAHSTIHNEN' COMMUNITY RECREATION CENTRE,Indoor Pool,2025-04-28,ETHENNONNHAWAHSTIHNEN' COMMUNITY RECREATION CENTRE,Pass,1,1,0,0,1
LEISURE POOL - ETHENNONNHAWAHSTIHNEN' COMMUNITY RECREATION CENTRE,Indoor Pool,2025-08-08,ETHENNONNHAWAHSTIHNEN' COMMUNITY RECREATION CENTRE,Pass,0,0,0,0,0
LEISURE POOL - ETHENNONNHAWAHSTIHNEN' COMMUNITY RECREATION CENTRE,Indoor Pool,2025-10-16,ETHENNONNHAWAHSTIHNEN' COMMUNITY RECREATION CENTRE,Pass,0,0,0,0,0
LEISURE POOL - ETHENNONNHAWAHSTIHNEN' COMMUNITY RECREATION CENTRE,Indoor Pool,2026-01-21,ETHENNONNHAWAHSTIHNEN' COMMUNITY RECREATION CENTRE,Pass,0,0,0,0,0
LEISURE POOL - ETHENNONNHAWAHSTIHNEN' COMMUNITY RECREATION CENTRE,Indoor Pool,2026-06-05,ETHENNONNHAWAHSTIHNEN' COMMUNITY RECREATION CENTRE,Pass,0,0,0,0,0
LEISURE POOL - WELLESLEY CC,Indoor Pool,2024-09-30,LAP POOL WELLESLEY CC,Pass,2,2,0,0,2
LEISURE POOL - WELLESLEY CC,Indoor Pool,2024-11-15,LAP POOL WELLESLEY CC,Pass,1,1,0,0,1
LEISURE POOL - WELLESLEY CC,Indoor Pool,2025-01-21,LAP POOL WELLESLEY CC,Pass,1,1,0,0,1
LEISURE POOL - WELLESLEY CC,Indoor Pool,2025-04-22,LAP POOL WELLESLEY CC,Pass,0,0,0,0,0
LEISURE POOL - WELLESLEY CC,Indoor Pool,2025-08-19,LAP POOL WELLESLEY CC,Pass,1,1,0,0,1
LEISURE POOL - WELLESLEY CC,Indoor Pool,2025-11-26,LAP POOL WELLESLEY CC,Pass,1,1,0,0,1
LEISURE POOL - WELLESLEY CC,Indoor Pool,2026-01-19,LAP POOL WELLESLEY CC,Pass,2,2,0,0,2
LEISURE POOL - WELLESLEY CC,Indoor Pool,2026-05-01,LAP POOL WELLESLEY CC,Pass,0,0,0,0,0
LESLIE BOUTIQUE RESIDENCES,Spa Indoor,2024-09-17,LESLIE BOUTIQUE RESIDENCES,Pass,0,0,0,0,0
LESLIE BOUTIQUE RESIDENCES,Spa Indoor,2024-12-23,LESLIE BOUTIQUE RESIDENCES,Pass,0,0,0,0,0
LESLIE BOUTIQUE RESIDENCES,Spa Indoor,2025-03-20,LESLIE BOUTIQUE RESIDENCES,Pass,0,0,0,0,0
LESLIE BOUTIQUE RESIDENCES,Spa Indoor,2025-06-10,LESLIE BOUTIQUE RESIDENCES,Pass,0,0,0,0,0
LESLIE BOUTIQUE RESIDENCES,Spa Indoor,2025-09-26,LESLIE BOUTIQUE RESIDENCES,Pass,0,0,0,0,0
LESLIE BOUTIQUE RESIDENCES,Spa Indoor,2025-11-26,LESLIE BOUTIQUE RESIDENCES,Pass,2,1,1,0,1
LESLIE BOUTIQUE RESIDENCES,Spa Indoor,2026-02-09,LESLIE BOUTIQUE RESIDENCES,Pass,0,0,0,0,0
LESLIE BOUTIQUE RESIDENCES,Spa Indoor,2026-06-17,LESLIE BOUTIQUE RESIDENCES,Pass,1,1,0,0,1
LESLIE/FINCH POOL,Outdoor Pool,2025-07-02,2 TREE SPARROWAY POOL,Conditional Pass,6,0,4,2,4
LESLIE/FINCH POOL,Outdoor Pool,2026-08-11,2 TREE SPARROWAY POOL,Conditional Pass,10,6,2,2,5
LESLIE/FINCH POOL,Outdoor Pool,2026-08-14,2 TREE SPARROWAY POOL,Pass,4,3,1,0,3
LESTER B PEARSON COLLEGIATE INSTITUTE,Indoor Pool,2024-08-02,LESTER B PEARSON COLLEGIATE INSTITUTE,Pass,1,1,0,0,1
LESTER B PEARSON COLLEGIATE INSTITUTE,Indoor Pool,2024-10-28,LESTER B PEARSON COLLEGIATE INSTITUTE,Pass,0,0,0,0,0
LESTER B PEARSON COLLEGIATE INSTITUTE,Indoor Pool,2025-01-22,LESTER B PEARSON COLLEGIATE INSTITUTE,Pass,0,0,0,0,0
LESTER B PEARSON COLLEGIATE INSTITUTE,Indoor Pool,2025-04-09,LESTER B PEARSON COLLEGIATE INSTITUTE,Pass,1,1,0,0,1
LESTER B PEARSON COLLEGIATE INSTITUTE,Indoor Pool,2025-11-12,LESTER B PEARSON COLLEGIATE INSTITUTE,Pass,1,1,0,0,1
LESTER B PEARSON COLLEGIATE INSTITUTE,Indoor Pool,2026-02-02,LESTER B PEARSON COLLEGIATE INSTITUTE,Pass,0,0,0,0,0
LESTER B PEARSON COLLEGIATE INSTITUTE,Indoor Pool,2026-04-20,LESTER B PEARSON COLLEGIATE INSTITUTE,Conditional Pass,2,1,1,0,2
LESTER B PEARSON COLLEGIATE INSTITUTE,Indoor Pool,2026-04-23,LESTER B PEARSON COLLEGIATE INSTITUTE,Pass,0,0,0,0,0
LESTER B PEARSON COLLEGIATE INSTITUTE,Indoor Pool,2026-07-28,LESTER B PEARSON COLLEGIATE INSTITUTE,Pass,1,1,0,0,1
LEXINGTON CONDOMINIUMS,Indoor Pool,2024-07-30,LEXINGTON CONDOMINIUMS,Pass,0,0,0,0,0
LEXINGTON CONDOMINIUMS,Indoor Pool,2024-10-03,LEXINGTON CONDOMINIUMS,Pass,0,0,0,0,0
LEXINGTON CONDOMINIUMS,Indoor Pool,2025-01-23,LEXINGTON CONDOMINIUMS,Pass,0,0,0,0,0
LEXINGTON CONDOMINIUMS,Indoor Pool,2025-04-23,LEXINGTON CONDOMINIUMS,Pass,0,0,0,0,0
LEXINGTON CONDOMINIUMS,Indoor Pool,2025-10-01,LEXINGTON CONDOMINIUMS,Conditional Pass,2,1,0,1,2
LEXINGTON CONDOMINIUMS,Indoor Pool,2025-10-17,LEXINGTON CONDOMINIUMS,Pass,0,0,0,0,0
LEXINGTON CONDOMINIUMS,Indoor Pool,2026-04-10,LEXINGTON CONDOMINIUMS,Closed,2,0,0,2,2
LEXINGTON CONDOMINIUMS,Indoor Pool,2026-04-13,LEXINGTON CONDOMINIUMS,Pass,0,0,0,0,0
LEXINGTON CONDOMINIUMS,Indoor Pool,2026-07-27,LEXINGTON CONDOMINIUMS,Pass,0,0,0,0,0
LIBERTY HOUSE,Outdoor Pool,2025-07-15,LIBERTY HOUSE,Pass,1,1,0,0,1
LIBERTY HOUSE,Outdoor Pool,2026-07-08,LIBERTY HOUSE,Pass,0,0,0,0,0
LIDO POOL AT ELM,Spa Outdoor,2025-06-23,LIDO POOL AT ELM - 25 DALHOUSIE ST,Conditional Pass,3,0,1,2,3
LIDO POOL AT ELM,Spa Outdoor,2025-08-21,LIDO POOL AT ELM - 25 DALHOUSIE ST,Conditional Pass,4,0,0,4,4
LIDO POOL AT ELM,Spa Outdoor,2026-06-05,LIDO POOL AT ELM - 25 DALHOUSIE ST,Pass,0,0,0,0,0
LIDO POOL AT ELM,Spa Outdoor,2026-09-15,LIDO POOL AT ELM - 25 DALHOUSIE ST,Closed,6,1,2,3,5
LILLIAN PARK (LAP POOL),Indoor Pool,2024-09-16,LILLIAN PARK (LAP POOL),Pass,0,0,0,0,0
LILLIAN PARK (LAP POOL),Indoor Pool,2024-11-29,LILLIAN PARK (LAP POOL),Pass,4,3,1,0,2
LILLIAN PARK (LAP POOL),Indoor Pool,2025-02-12,LILLIAN PARK (LAP POOL),Pass,4,4,0,0,2
LILLIAN PARK (LAP POOL),Indoor Pool,2025-05-14,LILLIAN PARK (LAP POOL),Pass,1,1,0,0,1
LILLIAN PARK (LAP POOL),Indoor Pool,2025-08-21,LILLIAN PARK (LAP POOL),Pass,3,3,0,0,1
LILLIAN PARK (LAP POOL),Indoor Pool,2025-11-19,LILLIAN PARK (LAP POOL),Pass,0,0,0,0,0
LILLIAN PARK (LAP POOL),Indoor Pool,2026-01-30,LILLIAN PARK (LAP POOL),Pass,0,0,0,0,0
LILLIAN PARK (LAP POOL),Indoor Pool,2026-04-13,LILLIAN PARK (LAP POOL),Pass,0,0,0,0,0
LILLIAN PARK (LOUNGE POOL),Indoor Pool,2024-09-16,LILLIAN PARK (LAP POOL),Conditional Pass,2,1,1,0,1
LILLIAN PARK (LOUNGE POOL),Indoor Pool,2024-09-26,LILLIAN PARK (LAP POOL),Pass,0,0,0,0,0
LILLIAN PARK (LOUNGE POOL),Indoor Pool,2024-11-29,LILLIAN PARK (LAP POOL),Pass,2,1,1,0,2
LILLIAN PARK (LOUNGE POOL),Indoor Pool,2025-02-12,LILLIAN PARK (LAP POOL),Pass,5,5,0,0,3
LILLIAN PARK (LOUNGE POOL),Indoor Pool,2025-05-14,LILLIAN PARK (LAP POOL),Pass,2,2,0,0,1
LILLIAN PARK (LOUNGE POOL),Indoor Pool,2025-08-21,LILLIAN PARK (LAP POOL),Pass,3,3,0,0,1
LILLIAN PARK (LOUNGE POOL),Indoor Pool,2025-11-19,LILLIAN PARK (LAP POOL),Pass,0,0,0,0,0
LILLIAN PARK (LOUNGE POOL),Indoor Pool,2026-01-30,LILLIAN PARK (LAP POOL),Pass,0,0,0,0,0
LILLIAN PARK (LOUNGE POOL),Indoor Pool,2026-04-13,LILLIAN PARK (LAP POOL),Pass,1,1,0,0,1
LILLIAN PARK SPA,Spa Indoor,2024-09-16,LILLIAN PARK (LAP POOL),Pass,0,0,0,0,0
LILLIAN PARK SPA,Spa Indoor,2024-11-29,LILLIAN PARK (LAP POOL),Pass,2,1,1,0,2
LILLIAN PARK SPA,Spa Indoor,2025-02-12,LILLIAN PARK (LAP POOL),Conditional Pass,10,7,1,2,4
LILLIAN PARK SPA,Spa Indoor,2025-03-05,LILLIAN PARK (LAP POOL),Pass,6,6,0,0,2
LILLIAN PARK SPA,Spa Indoor,2025-05-14,LILLIAN PARK (LAP POOL),Conditional Pass,5,3,1,1,2
LILLIAN PARK SPA,Spa Indoor,2025-05-23,LILLIAN PARK (LAP POOL),Pass,0,0,0,0,0
LILLIAN PARK SPA,Spa Indoor,2025-08-21,LILLIAN PARK (LAP POOL),Closed,7,4,1,2,4
LILLIAN PARK SPA,Spa Indoor,2025-08-28,LILLIAN PARK (LAP POOL),Pass,0,0,0,0,0
LILLIAN PARK SPA,Spa Indoor,2025-11-19,LILLIAN PARK (LAP POOL),Pass,0,0,0,0,0
LILLIAN PARK SPA,Spa Indoor,2026-01-30,LILLIAN PARK (LAP POOL),Pass,0,0,0,0,0
LILLIAN PARK SPA,Spa Indoor,2026-04-13,LILLIAN PARK (LAP POOL),Conditional Pass,4,1,2,1,3
LILLIAN PARK SPA,Spa Indoor,2026-05-28,LILLIAN PARK (LAP POOL),Pass,0,0,0,0,0
LINE 5 - 9TH FLR POOL,Outdoor Pool,2025-07-25,LINE 5 - 9TH FLR POOL,Pass,1,1,0,0,1
LINE 5 - 9TH FLR POOL,Outdoor Pool,2026-09-03,LINE 5 - 9TH FLR POOL,Pass,3,3,0,0,2
LINE 5 CONDOS SPA,Spa Indoor,2025-05-05,LINE 5 - 9TH FLR POOL,Pass,1,1,0,0,1
LINE 5 CONDOS SPA,Spa Indoor,2025-09-11,LINE 5 - 9TH FLR POOL,Pass,6,6,0,0,3
LINE 5 CONDOS SPA,Spa Indoor,2025-12-04,LINE 5 - 9TH FLR POOL,Pass,2,2,0,0,2
LINE 5 CONDOS SPA,Spa Indoor,2026-03-13,LINE 5 - 9TH FLR POOL,Pass,1,1,0,0,1
LINE 5 CONDOS SPA,Spa Indoor,2026-09-03,LINE 5 - 9TH FLR POOL,Conditional Pass,5,0,4,1,2
LINKWOOD VILLAGE REC. CENTRE INDOOR POOL,Indoor Pool,2024-10-23,LINKWOOD VILLAGE REC. CENTRE,Pass,5,4,1,0,3
LINKWOOD VILLAGE REC. CENTRE INDOOR POOL,Indoor Pool,2025-04-10,LINKWOOD VILLAGE REC. CENTRE,Pass,1,1,0,0,1
LINKWOOD VILLAGE REC. CENTRE INDOOR POOL,Indoor Pool,2025-10-27,LINKWOOD VILLAGE REC. CENTRE,Pass,4,4,0,0,3
LINKWOOD VILLAGE REC. CENTRE INDOOR POOL,Indoor Pool,2026-02-24,LINKWOOD VILLAGE REC. CENTRE,Conditional Pass,6,2,3,1,4
LINKWOOD VILLAGE REC. CENTRE INDOOR POOL,Indoor Pool,2026-03-20,LINKWOOD VILLAGE REC. CENTRE,Pass,0,0,0,0,0
LINKWOOD VILLAGE REC. CENTRE INDOOR POOL,Indoor Pool,2026-04-16,LINKWOOD VILLAGE REC. CENTRE,Conditional Pass,6,2,4,0,4
LINKWOOD VILLAGE REC. CENTRE INDOOR POOL,Indoor Pool,2026-09-17,LINKWOOD VILLAGE REC. CENTRE,Conditional Pass,6,2,2,2,4
LIVING LIFE ON THE AVENUE,Spa Indoor,2024-07-12,LIVING LIFE ON THE AVENUE,Pass,3,3,0,0,2
LIVING LIFE ON THE AVENUE,Spa Indoor,2024-10-30,LIVING LIFE ON THE AVENUE,Pass,2,2,0,0,2
LIVING LIFE ON THE AVENUE,Spa Indoor,2025-01-14,LIVING LIFE ON THE AVENUE,Conditional Pass,8,4,3,1,3
LIVING LIFE ON THE AVENUE,Spa Indoor,2025-01-22,LIVING LIFE ON THE AVENUE,Pass,0,0,0,0,0
LIVING LIFE ON THE AVENUE,Spa Indoor,2025-04-09,LIVING LIFE ON THE AVENUE,Pass,0,0,0,0,0
LIVING LIFE ON THE AVENUE,Spa Indoor,2025-07-15,LIVING LIFE ON THE AVENUE,Pass,0,0,0,0,0
LIVING LIFE ON THE AVENUE,Spa Indoor,2025-11-06,LIVING LIFE ON THE AVENUE,Pass,2,2,0,0,1
LIVING LIFE ON THE AVENUE,Spa Indoor,2026-03-04,LIVING LIFE ON THE AVENUE,Conditional Pass,3,2,0,1,2
LIVING LIFE ON THE AVENUE,Spa Indoor,2026-05-12,LIVING LIFE ON THE AVENUE,Pass,3,3,0,0,2
LIVLOFTS CONDOS,Spa Outdoor,2025-08-26,LIVLOFTS CONDOS,Closed,9,6,0,3,5
LIVLOFTS CONDOS,Spa Outdoor,2026-08-04,LIVLOFTS CONDOS,Pass,0,0,0,0,0
LOGGIA,Spa Indoor,2024-11-19,LOGGIA CLUB,Pass,0,0,0,0,0
LOGGIA,Spa Indoor,2025-03-20,LOGGIA CLUB,Pass,0,0,0,0,0
LOGGIA,Spa Indoor,2025-07-21,LOGGIA CLUB,Pass,0,0,0,0,0
LOGGIA,Spa Indoor,2025-12-22,LOGGIA CLUB,Pass,0,0,0,0,0
LOGGIA,Spa Indoor,2025-12-23,LOGGIA CLUB,Pass,0,0,0,0,0
LOGGIA,Spa Indoor,2026-03-31,LOGGIA CLUB,Pass,0,0,0,0,0
LOGGIA,Spa Indoor,2026-06-29,LOGGIA CLUB,Pass,0,0,0,0,0
LOGGIA,Spa Indoor,2026-08-13,LOGGIA CLUB,Pass,6,6,0,0,3
LOWER VILLAGE GATE CONDOMINIUMS,Outdoor Pool,2024-08-28,LOWER VILLAGE GATE CONDOMINIUMS,Pass,3,3,0,0,2
LOWER VILLAGE GATE CONDOMINIUMS,Outdoor Pool,2025-07-04,LOWER VILLAGE GATE CONDOMINIUMS,Conditional Pass,7,5,1,1,4
LOWER VILLAGE GATE CONDOMINIUMS,Outdoor Pool,2025-07-21,LOWER VILLAGE GATE CONDOMINIUMS,Pass,0,0,0,0,0
LOWER VILLAGE GATE CONDOMINIUMS,Outdoor Pool,2026-05-27,LOWER VILLAGE GATE CONDOMINIUMS,Pass,2,2,0,0,2
LUMIERE CONDOMINIUM,Indoor Pool,2024-07-12,LUMIERE CONDOMINIUM,Pass,0,0,0,0,0
LUMIERE CONDOMINIUM,Indoor Pool,2024-10-09,LUMIERE CONDOMINIUM,Pass,0,0,0,0,0
LUMIERE CONDOMINIUM,Indoor Pool,2025-01-13,LUMIERE CONDOMINIUM,Pass,0,0,0,0,0
LUMIERE CONDOMINIUM,Indoor Pool,2025-04-25,LUMIERE CONDOMINIUM,Pass,0,0,0,0,0
LUMIERE CONDOMINIUM,Indoor Pool,2025-10-01,LUMIERE CONDOMINIUM,Conditional Pass,2,1,0,1,2
LUMIERE CONDOMINIUM,Indoor Pool,2025-11-05,LUMIERE CONDOMINIUM,Pass,0,0,0,0,0
LUMIERE CONDOMINIUM,Indoor Pool,2026-02-26,LUMIERE CONDOMINIUM,Pass,0,0,0,0,0
LUMIERE CONDOMINIUM,Indoor Pool,2026-05-14,LUMIERE CONDOMINIUM,Pass,0,0,0,0,0
LUMIERE CONDOMINIUM,Indoor Pool,2026-09-17,LUMIERE CONDOMINIUM,Pass,2,2,0,0,2
LUNA,Spa Outdoor,2024-08-30,8 TELEGRAM MEWS,Pass,0,0,0,0,0
LUNA,Spa Outdoor,2025-08-21,8 TELEGRAM MEWS,Pass,0,0,0,0,0
LUNA (BROOKFIELD PROPERTIES),Outdoor Pool,2024-08-30,8 TELEGRAM MEWS,Pass,0,0,0,0,0
LUNA (BROOKFIELD PROPERTIES),Outdoor Pool,2025-08-26,8 TELEGRAM MEWS,Pass,0,0,0,0,0
LUXE RESIDENCES,Indoor Pool,2024-09-16,LUXE RESIDENCES,Closed,2,0,0,2,2
LUXE RESIDENCES,Indoor Pool,2024-09-17,LUXE RESIDENCES,Pass,0,0,0,0,0
LUXE RESIDENCES,Indoor Pool,2024-12-10,LUXE RESIDENCES,Pass,0,0,0,0,0
LUXE RESIDENCES,Indoor Pool,2025-03-28,LUXE RESIDENCES,Pass,2,2,0,0,2
LUXE RESIDENCES,Indoor Pool,2025-06-12,LUXE RESIDENCES,Pass,0,0,0,0,0
LUXE RESIDENCES,Indoor Pool,2025-09-30,LUXE RESIDENCES,Pass,1,1,0,0,1
LUXE RESIDENCES,Indoor Pool,2025-12-12,LUXE RESIDENCES,Conditional Pass,4,3,1,0,4
LUXE RESIDENCES,Indoor Pool,2026-01-02,LUXE RESIDENCES,Pass,0,0,0,0,0
LUXE RESIDENCES,Indoor Pool,2026-05-04,LUXE RESIDENCES,Pass,1,1,0,0,1
LUXE RESIDENCES,Indoor Pool,2026-07-30,LUXE RESIDENCES,Pass,2,2,0,0,2
LYNDHURST CENTRE INDOOR POOL,Indoor Pool,2025-01-06,LYNDHURST CENTRE INDOOR POOL,Pass,0,0,0,0,0
LYNDHURST CENTRE INDOOR POOL,Indoor Pool,2025-04-03,LYNDHURST CENTRE INDOOR POOL,Pass,0,0,0,0,0
LYNDHURST CENTRE INDOOR POOL,Indoor Pool,2026-01-09,LYNDHURST CENTRE INDOOR POOL,Pass,0,0,0,0,0
LYNDHURST CENTRE INDOOR POOL,Indoor Pool,2026-04-17,LYNDHURST CENTRE INDOOR POOL,Pass,2,1,1,0,1
LYNDHURST CENTRE INDOOR POOL,Indoor Pool,2026-07-07,LYNDHURST CENTRE INDOOR POOL,Pass,2,2,0,0,1
M.T.C.C. # 565 LEXINGTON CONDOMINIUMS,Spa Indoor,2024-07-30,LEXINGTON CONDOMINIUMS,Pass,3,2,1,0,2
M.T.C.C. # 565 LEXINGTON CONDOMINIUMS,Spa Indoor,2024-10-03,LEXINGTON CONDOMINIUMS,Pass,0,0,0,0,0
M.T.C.C. # 565 LEXINGTON CONDOMINIUMS,Spa Indoor,2025-01-23,LEXINGTON CONDOMINIUMS,Pass,0,0,0,0,0
M.T.C.C. # 565 LEXINGTON CONDOMINIUMS,Spa Indoor,2025-04-23,LEXINGTON CONDOMINIUMS,Pass,0,0,0,0,0
M.T.C.C. # 565 LEXINGTON CONDOMINIUMS,Spa Indoor,2025-10-01,LEXINGTON CONDOMINIUMS,Conditional Pass,2,1,0,1,2
M.T.C.C. # 565 LEXINGTON CONDOMINIUMS,Spa Indoor,2025-10-17,LEXINGTON CONDOMINIUMS,Pass,0,0,0,0,0
M.T.C.C. # 565 LEXINGTON CONDOMINIUMS,Spa Indoor,2026-04-10,LEXINGTON CONDOMINIUMS,Closed,2,0,0,2,2
M.T.C.C. # 565 LEXINGTON CONDOMINIUMS,Spa Indoor,2026-04-13,LEXINGTON CONDOMINIUMS,Pass,0,0,0,0,0
M.T.C.C. # 565 LEXINGTON CONDOMINIUMS,Spa Indoor,2026-07-27,LEXINGTON CONDOMINIUMS,Pass,0,0,0,0,0
M.T.C.C. #717 CONDOMINIUM,Spa Indoor,2024-07-10,55 PRINCE ARTHUR AVENUE CONDOMINIUMS,Pass,0,0,0,0,0
M.T.C.C. #717 CONDOMINIUM,Spa Indoor,2024-10-29,55 PRINCE ARTHUR AVENUE CONDOMINIUMS,Pass,0,0,0,0,0
M.T.C.C. #717 CONDOMINIUM,Spa Indoor,2025-02-06,55 PRINCE ARTHUR AVENUE CONDOMINIUMS,Pass,0,0,0,0,0
M.T.C.C. #717 CONDOMINIUM,Spa Indoor,2025-04-30,55 PRINCE ARTHUR AVENUE CONDOMINIUMS,Pass,0,0,0,0,0
M.T.C.C. #717 CONDOMINIUM,Spa Indoor,2025-07-31,55 PRINCE ARTHUR AVENUE CONDOMINIUMS,Pass,0,0,0,0,0
M.T.C.C. #717 CONDOMINIUM,Spa Indoor,2025-12-11,55 PRINCE ARTHUR AVENUE CONDOMINIUMS,Pass,0,0,0,0,0
M.T.C.C. #717 CONDOMINIUM,Spa Indoor,2026-03-19,55 PRINCE ARTHUR AVENUE CONDOMINIUMS,Pass,0,0,0,0,0
M.T.C.C. #717 CONDOMINIUM,Spa Indoor,2026-06-18,55 PRINCE ARTHUR AVENUE CONDOMINIUMS,Pass,0,0,0,0,0
M.T.C.C. #755 - THE COSMOPOLITAN SPA,Spa Indoor,2024-09-30,25 MAITLAND ST,Pass,1,1,0,0,1
M.T.C.C. #755 - THE COSMOPOLITAN SPA,Spa Indoor,2024-12-30,25 MAITLAND ST,Pass,1,0,1,0,1
M.T.C.C. #755 - THE COSMOPOLITAN SPA,Spa Indoor,2025-03-24,25 MAITLAND ST,Pass,0,0,0,0,0
M.T.C.C. #755 - THE COSMOPOLITAN SPA,Spa Indoor,2025-07-07,25 MAITLAND ST,Pass,0,0,0,0,0
M.T.C.C. #755 - THE COSMOPOLITAN SPA,Spa Indoor,2025-11-20,25 MAITLAND ST,Pass,1,1,0,0,1
M.T.C.C. #755 - THE COSMOPOLITAN SPA,Spa Indoor,2026-03-26,25 MAITLAND ST,Pass,0,0,0,0,0
M.T.C.C. #755 - THE COSMOPOLITAN SPA,Spa Indoor,2026-06-25,25 MAITLAND ST,Pass,2,2,0,0,1
M.T.C.C. #755 - THE COSMOPOLITAN SPA,Spa Indoor,2026-09-17,25 MAITLAND ST,Pass,0,0,0,0,0
M.T.C.C. #905 L'ESPRIT CONDOMINIUM,Indoor Pool,2024-09-24,15 MAITLAND PL,Pass,2,2,0,0,2
M.T.C.C. #905 L'ESPRIT CONDOMINIUM,Indoor Pool,2024-12-18,15 MAITLAND PL,Pass,2,2,0,0,2
M.T.C.C. #905 L'ESPRIT CONDOMINIUM,Indoor Pool,2025-03-20,15 MAITLAND PL,Pass,2,2,0,0,1
M.T.C.C. #905 L'ESPRIT CONDOMINIUM,Indoor Pool,2025-06-05,15 MAITLAND PL,Pass,1,1,0,0,1
M.T.C.C. #905 L'ESPRIT CONDOMINIUM,Indoor Pool,2025-11-10,15 MAITLAND PL,Pass,2,2,0,0,2
M.T.C.C. #905 L'ESPRIT CONDOMINIUM,Indoor Pool,2026-03-23,15 MAITLAND PL,Pass,1,1,0,0,1
M.T.C.C. #905 L'ESPRIT CONDOMINIUM,Indoor Pool,2026-06-22,15 MAITLAND PL,Pass,1,1,0,0,1
M.T.C.C. 646 SOUTH POOL,Indoor Pool,2024-09-20,70 ROSEHILL AVE,Pass,2,2,0,0,1
M.T.C.C. 646 SOUTH POOL,Indoor Pool,2024-12-30,70 ROSEHILL AVE,Conditional Pass,2,1,1,0,1
M.T.C.C. 646 SOUTH POOL,Indoor Pool,2025-02-22,70 ROSEHILL AVE,Pass,0,0,0,0,0
M.T.C.C. 646 SOUTH POOL,Indoor Pool,2025-05-16,70 ROSEHILL AVE,Pass,4,4,0,0,1
M.T.C.C. 646 SOUTH POOL,Indoor Pool,2025-09-10,70 ROSEHILL AVE,Pass,0,0,0,0,0
M.T.C.C. 646 SOUTH POOL,Indoor Pool,2025-12-01,70 ROSEHILL AVE,Pass,1,1,0,0,1
M.T.C.C. 646 SOUTH POOL,Indoor Pool,2026-03-26,70 ROSEHILL AVE,Pass,0,0,0,0,0
M.T.C.C. 646 SOUTH POOL,Indoor Pool,2026-05-28,70 ROSEHILL AVE,Pass,0,0,0,0,0
M.T.C.C. 755 - THE COSMOPOLITAN,Outdoor Pool,2024-09-30,25 MAITLAND ST,Pass,6,6,0,0,3
M.T.C.C. 755 - THE COSMOPOLITAN,Outdoor Pool,2025-07-07,25 MAITLAND ST,Pass,5,5,0,0,2
M.T.C.C. 755 - THE COSMOPOLITAN,Outdoor Pool,2026-09-17,25 MAITLAND ST,Pass,4,4,0,0,3
M2M CONDOMINIUM OUTDOOR POOL,Outdoor Pool,2025-01-03,M2M CONDOMINIUM OUTDOOR POOL,Pass,0,0,0,0,0
M2M CONDOMINIUM OUTDOOR POOL,Outdoor Pool,2025-05-23,M2M CONDOMINIUM OUTDOOR POOL,Pass,0,0,0,0,0
M2M CONDOMINIUM OUTDOOR POOL,Outdoor Pool,2025-09-11,M2M CONDOMINIUM OUTDOOR POOL,Conditional Pass,3,0,0,3,3
M2M CONDOMINIUM OUTDOOR POOL,Outdoor Pool,2025-09-16,M2M CONDOMINIUM OUTDOOR POOL,Pass,0,0,0,0,0
M2M CONDOMINIUM OUTDOOR POOL,Outdoor Pool,2026-07-23,M2M CONDOMINIUM OUTDOOR POOL,Conditional Pass,5,1,2,2,3
MADISON SPA,Spa Indoor,2024-09-25,MADISON,Closed,6,5,0,1,4
MADISON SPA,Spa Indoor,2024-09-27,MADISON,Pass,0,0,0,0,0
MADISON SPA,Spa Indoor,2024-11-28,MADISON,Pass,2,2,0,0,2
MADISON SPA,Spa Indoor,2025-02-10,MADISON,Pass,1,1,0,0,1
MADISON SPA,Spa Indoor,2025-05-06,MADISON,Pass,4,4,0,0,2
MADISON SPA,Spa Indoor,2025-09-03,MADISON,Pass,2,2,0,0,2
MADISON SPA,Spa Indoor,2025-12-01,MADISON,Pass,2,2,0,0,2
MADISON SPA,Spa Indoor,2026-02-05,MADISON,Conditional Pass,3,0,1,2,2
MADISON SPA,Spa Indoor,2026-03-17,MADISON,Pass,0,0,0,0,0
MADISON SPA,Spa Indoor,2026-06-16,MADISON,Pass,0,0,0,0,0
MADISON SWIMMING POOL,Indoor Pool,2024-09-25,MADISON,Closed,8,4,2,2,4
MADISON SWIMMING POOL,Indoor Pool,2024-09-27,MADISON,Pass,0,0,0,0,0
MADISON SWIMMING POOL,Indoor Pool,2024-11-28,MADISON,Pass,2,2,0,0,2
MADISON SWIMMING POOL,Indoor Pool,2025-02-10,MADISON,Pass,6,6,0,0,4
MADISON SWIMMING POOL,Indoor Pool,2025-05-06,MADISON,Pass,7,6,1,0,4
MADISON SWIMMING POOL,Indoor Pool,2025-09-03,MADISON,Pass,2,2,0,0,2
MADISON SWIMMING POOL,Indoor Pool,2025-12-01,MADISON,Pass,6,6,0,0,3
MADISON SWIMMING POOL,Indoor Pool,2026-02-05,MADISON,Conditional Pass,7,3,2,2,4
MADISON SWIMMING POOL,Indoor Pool,2026-02-23,MADISON,Pass,3,3,0,0,1
MADISON SWIMMING POOL,Indoor Pool,2026-06-16,MADISON,Pass,2,2,0,0,2
MAIN SQUARE COMMUNITY  RECREATION CENTRE,Indoor Pool,2024-10-21,MAIN SQUARE COMMUNITY  RECREATION CENTRE,Pass,2,1,1,0,2
MAIN SQUARE COMMUNITY  RECREATION CENTRE,Indoor Pool,2025-01-09,MAIN SQUARE COMMUNITY  RECREATION CENTRE,Pass,0,0,0,0,0
MAIN SQUARE COMMUNITY  RECREATION CENTRE,Indoor Pool,2025-04-11,MAIN SQUARE COMMUNITY  RECREATION CENTRE,Pass,0,0,0,0,0
MAIN SQUARE COMMUNITY  RECREATION CENTRE,Indoor Pool,2025-08-22,MAIN SQUARE COMMUNITY  RECREATION CENTRE,Pass,1,1,0,0,1
MAIN SQUARE COMMUNITY  RECREATION CENTRE,Indoor Pool,2025-10-23,MAIN SQUARE COMMUNITY  RECREATION CENTRE,Pass,0,0,0,0,0
MAIN SQUARE COMMUNITY  RECREATION CENTRE,Indoor Pool,2026-01-07,MAIN SQUARE COMMUNITY  RECREATION CENTRE,Conditional Pass,2,1,0,1,2
MAIN SQUARE COMMUNITY  RECREATION CENTRE,Indoor Pool,2026-01-08,MAIN SQUARE COMMUNITY  RECREATION CENTRE,Pass,0,0,0,0,0
MAIN SQUARE COMMUNITY  RECREATION CENTRE,Indoor Pool,2026-02-10,MAIN SQUARE COMMUNITY  RECREATION CENTRE,Pass,1,1,0,0,1
MAIN SQUARE COMMUNITY  RECREATION CENTRE,Indoor Pool,2026-05-12,MAIN SQUARE COMMUNITY  RECREATION CENTRE,Conditional Pass,2,1,0,1,2
MAIN SQUARE COMMUNITY  RECREATION CENTRE,Indoor Pool,2026-05-27,MAIN SQUARE COMMUNITY  RECREATION CENTRE,Pass,0,0,0,0,0
MAJORCA TOWERS OUTDOOR POOL,Outdoor Pool,2024-07-15,MAJORCA TOWERS,Conditional Pass,5,2,1,2,3
MAJORCA TOWERS OUTDOOR POOL,Outdoor Pool,2024-07-31,MAJORCA TOWERS,Pass,0,0,0,0,0
MAJORCA TOWERS OUTDOOR POOL,Outdoor Pool,2025-07-30,MAJORCA TOWERS,Conditional Pass,4,0,3,1,4
MAJORCA TOWERS OUTDOOR POOL,Outdoor Pool,2025-08-05,MAJORCA TOWERS,Pass,0,0,0,0,0
MALIBU AT HARBOURFRONT,Indoor Pool,2024-07-17,MALIBU AT HARBOURFRONT,Pass,0,0,0,0,0
MALIBU AT HARBOURFRONT,Indoor Pool,2024-10-23,MALIBU AT HARBOURFRONT,Pass,0,0,0,0,0
MALIBU AT HARBOURFRONT,Indoor Pool,2025-02-03,MALIBU AT HARBOURFRONT,Pass,0,0,0,0,0
MALIBU AT HARBOURFRONT,Indoor Pool,2025-05-08,MALIBU AT HARBOURFRONT,Pass,0,0,0,0,0
MALIBU AT HARBOURFRONT,Indoor Pool,2025-09-08,MALIBU AT HARBOURFRONT,Closed,2,0,0,2,2
MALIBU AT HARBOURFRONT,Indoor Pool,2025-09-11,MALIBU AT HARBOURFRONT,Pass,0,0,0,0,0
MALIBU AT HARBOURFRONT,Indoor Pool,2025-11-18,MALIBU AT HARBOURFRONT,Pass,0,0,0,0,0
MALIBU AT HARBOURFRONT,Indoor Pool,2026-01-30,MALIBU AT HARBOURFRONT,Pass,0,0,0,0,0
MALIBU AT HARBOURFRONT,Indoor Pool,2026-05-11,MALIBU AT HARBOURFRONT,Closed,2,0,0,2,2
MALIBU AT HARBOURFRONT,Indoor Pool,2026-05-15,MALIBU AT HARBOURFRONT,Pass,0,0,0,0,0
MALIBU AT HARBOURFRONT,Indoor Pool,2026-08-17,MALIBU AT HARBOURFRONT,Pass,0,0,0,0,0
MALIBU OF HARBOURFRONT,Spa Indoor,2024-07-17,MALIBU AT HARBOURFRONT,Pass,0,0,0,0,0
MALIBU OF HARBOURFRONT,Spa Indoor,2025-02-03,MALIBU AT HARBOURFRONT,Pass,0,0,0,0,0
MALIBU OF HARBOURFRONT,Spa Indoor,2025-05-08,MALIBU AT HARBOURFRONT,Pass,0,0,0,0,0
MALIBU OF HARBOURFRONT,Spa Indoor,2025-09-08,MALIBU AT HARBOURFRONT,Closed,3,0,0,3,3
MALIBU OF HARBOURFRONT,Spa Indoor,2025-09-11,MALIBU AT HARBOURFRONT,Pass,0,0,0,0,0
MALIBU OF HARBOURFRONT,Spa Indoor,2025-11-18,MALIBU AT HARBOURFRONT,Pass,0,0,0,0,0
MALIBU OF HARBOURFRONT,Spa Indoor,2026-01-30,MALIBU AT HARBOURFRONT,Pass,0,0,0,0,0
MALIBU OF HARBOURFRONT,Spa Indoor,2026-05-11,MALIBU AT HARBOURFRONT,Closed,2,0,0,2,2
MALIBU OF HARBOURFRONT,Spa Indoor,2026-05-15,MALIBU AT HARBOURFRONT,Pass,0,0,0,0,0
MALIBU OF HARBOURFRONT,Spa Indoor,2026-08-17,MALIBU AT HARBOURFRONT,Pass,0,0,0,0,0
MALVERN COLLEGIATE INSTITUTE,Indoor Pool,2024-09-18,MALVERN COLLEGIATE INSTITUTE,Pass,0,0,0,0,0
MALVERN COLLEGIATE INSTITUTE,Indoor Pool,2024-12-19,MALVERN COLLEGIATE INSTITUTE,Pass,0,0,0,0,0
MALVERN COLLEGIATE INSTITUTE,Indoor Pool,2025-03-20,MALVERN COLLEGIATE INSTITUTE,Pass,1,1,0,0,1
MALVERN COLLEGIATE INSTITUTE,Indoor Pool,2025-09-09,MALVERN COLLEGIATE INSTITUTE,Pass,0,0,0,0,0
MALVERN COLLEGIATE INSTITUTE,Indoor Pool,2025-11-06,MALVERN COLLEGIATE INSTITUTE,Pass,1,1,0,0,1
MALVERN COLLEGIATE INSTITUTE,Indoor Pool,2026-02-20,MALVERN COLLEGIATE INSTITUTE,Pass,0,0,0,0,0
MALVERN COLLEGIATE INSTITUTE,Indoor Pool,2026-06-01,MALVERN COLLEGIATE INSTITUTE,Pass,0,0,0,0,0
MALVERN COLLEGIATE INSTITUTE,Indoor Pool,2026-09-14,MALVERN COLLEGIATE INSTITUTE,Pass,0,0,0,0,0
MANHATTAN PLACE POOL,Indoor Pool,2024-09-30,MANHATTEN PLACE,Pass,0,0,0,0,0
MANHATTAN PLACE POOL,Indoor Pool,2024-12-16,MANHATTEN PLACE,Pass,1,0,1,0,1
MANHATTAN PLACE POOL,Indoor Pool,2025-03-12,MANHATTEN PLACE,Pass,0,0,0,0,0
MANHATTAN PLACE POOL,Indoor Pool,2025-05-27,MANHATTEN PLACE,Pass,0,0,0,0,0
MANHATTAN PLACE POOL,Indoor Pool,2025-10-01,MANHATTEN PLACE,Pass,0,0,0,0,0
MANHATTAN PLACE POOL,Indoor Pool,2026-01-28,MANHATTEN PLACE,Pass,0,0,0,0,0
MANHATTAN PLACE POOL,Indoor Pool,2026-05-11,MANHATTEN PLACE,Pass,0,0,0,0,0
MANHATTAN PLACE POOL,Indoor Pool,2026-07-21,MANHATTEN PLACE,Pass,1,1,0,0,1
MANSIONS OF HUMBERWOOD,Indoor Pool,2024-09-23,MANSIONS OF HUMBERWOOD,Pass,0,0,0,0,0
MANSIONS OF HUMBERWOOD,Indoor Pool,2024-11-28,MANSIONS OF HUMBERWOOD,Pass,2,1,1,0,2
MANSIONS OF HUMBERWOOD,Indoor Pool,2025-03-19,MANSIONS OF HUMBERWOOD,Pass,0,0,0,0,0
MANSIONS OF HUMBERWOOD,Indoor Pool,2025-06-27,MANSIONS OF HUMBERWOOD,Pass,4,4,0,0,2
MANSIONS OF HUMBERWOOD,Indoor Pool,2025-10-02,MANSIONS OF HUMBERWOOD,Conditional Pass,1,0,0,1,1
MANSIONS OF HUMBERWOOD,Indoor Pool,2025-10-03,MANSIONS OF HUMBERWOOD,Pass,0,0,0,0,0
MANSIONS OF HUMBERWOOD,Indoor Pool,2026-02-17,MANSIONS OF HUMBERWOOD,Pass,1,1,0,0,1
MANSIONS OF HUMBERWOOD,Indoor Pool,2026-04-10,MANSIONS OF HUMBERWOOD,Pass,3,3,0,0,2
MANSIONS OF HUMBERWOOD,Indoor Pool,2026-08-24,MANSIONS OF HUMBERWOOD,Pass,3,2,1,0,2
MANSIONS OF HUMBERWOOD,Spa Indoor,2024-09-23,MANSIONS OF HUMBERWOOD,Pass,1,1,0,0,1
MANSIONS OF HUMBERWOOD,Spa Indoor,2024-11-28,MANSIONS OF HUMBERWOOD,Pass,0,0,0,0,0
MANSIONS OF HUMBERWOOD,Spa Indoor,2025-03-19,MANSIONS OF HUMBERWOOD,Pass,1,1,0,0,1
MANSIONS OF HUMBERWOOD,Spa Indoor,2025-06-27,MANSIONS OF HUMBERWOOD,Pass,3,2,1,0,2
MANSIONS OF HUMBERWOOD,Spa Indoor,2026-02-17,MANSIONS OF HUMBERWOOD,Pass,1,1,0,0,1
MANSIONS OF HUMBERWOOD,Spa Indoor,2026-04-10,MANSIONS OF HUMBERWOOD,Pass,3,3,0,0,2
MANSIONS OF HUMBERWOOD,Spa Indoor,2026-08-24,MANSIONS OF HUMBERWOOD,Pass,3,2,1,0,2
MANULIFE CENTRE (RESIDENTIAL TOWER),Indoor Pool,2024-07-08,MANULIFE CENTRE (RESIDENTIAL TOWER),Closed,5,0,1,4,4
MANULIFE CENTRE (RESIDENTIAL TOWER),Indoor Pool,2024-07-09,MANULIFE CENTRE (RESIDENTIAL TOWER),Conditional Pass,2,0,0,2,2
MANULIFE CENTRE (RESIDENTIAL TOWER),Indoor Pool,2024-09-09,MANULIFE CENTRE (RESIDENTIAL TOWER),Closed,3,1,0,2,3
MANULIFE CENTRE (RESIDENTIAL TOWER),Indoor Pool,2024-10-04,MANULIFE CENTRE (RESIDENTIAL TOWER),Pass,0,0,0,0,0
MANULIFE CENTRE (RESIDENTIAL TOWER),Indoor Pool,2025-01-07,MANULIFE CENTRE (RESIDENTIAL TOWER),Pass,0,0,0,0,0
MANULIFE CENTRE (RESIDENTIAL TOWER),Indoor Pool,2025-04-01,MANULIFE CENTRE (RESIDENTIAL TOWER),Pass,0,0,0,0,0
MANULIFE CENTRE (RESIDENTIAL TOWER),Indoor Pool,2025-07-14,MANULIFE CENTRE (RESIDENTIAL TOWER),Pass,0,0,0,0,0
MANULIFE CENTRE (RESIDENTIAL TOWER),Indoor Pool,2025-10-06,MANULIFE CENTRE (RESIDENTIAL TOWER),Pass,1,1,0,0,1
MANULIFE CENTRE (RESIDENTIAL TOWER),Indoor Pool,2026-01-06,MANULIFE CENTRE (RESIDENTIAL TOWER),Pass,1,1,0,0,1
MANULIFE CENTRE (RESIDENTIAL TOWER),Indoor Pool,2026-04-08,MANULIFE CENTRE (RESIDENTIAL TOWER),Pass,0,0,0,0,0
MANULIFE CENTRE (RESIDENTIAL TOWER),Indoor Pool,2026-07-09,MANULIFE CENTRE (RESIDENTIAL TOWER),Pass,0,0,0,0,0
MAPLE CREEK CONDOMINIUM,Outdoor Pool,2024-07-30,MAPLE CREEK CONDOMINIUM,Pass,3,3,0,0,3
MAPLE CREEK CONDOMINIUM,Outdoor Pool,2025-08-19,MAPLE CREEK CONDOMINIUM,Pass,0,0,0,0,0
MAPLE HOUSE,Outdoor Pool,2024-09-12,MAPLE HOUSE - 151 MILL ST,Pass,8,8,0,0,3
MAPLE HOUSE,Outdoor Pool,2025-08-20,MAPLE HOUSE - 151 MILL ST,Pass,0,0,0,0,0
MAPLE HOUSE,Outdoor Pool,2026-08-19,MAPLE HOUSE - 151 MILL ST,Conditional Pass,1,0,0,1,1
MAPLE HOUSE,Outdoor Pool,2026-08-21,MAPLE HOUSE - 151 MILL ST,Pass,0,0,0,0,0
MAPLE LEAF SQUARE,Outdoor Pool,2024-07-17,65 BREMNER BLVD,Conditional Pass,4,2,2,0,3
MAPLE LEAF SQUARE,Outdoor Pool,2024-07-29,65 BREMNER BLVD,Pass,0,0,0,0,0
MAPLE LEAF SQUARE,Outdoor Pool,2026-06-16,65 BREMNER BLVD,Pass,2,2,0,0,2
MAPLE LEAF SQUARE,Outdoor Pool,2026-09-10,65 BREMNER BLVD,Conditional Pass,4,3,1,0,3
MAPLE LEAF SQUARE,Outdoor Pool,2026-09-17,65 BREMNER BLVD,Pass,0,0,0,0,0
MAPLEDALE CONDOMINIUM,Indoor Pool,2024-10-16,MAPLEDALE CONDOMINIUM,Conditional Pass,4,2,1,1,2
MAPLEDALE CONDOMINIUM,Indoor Pool,2024-10-29,MAPLEDALE CONDOMINIUM,Pass,0,0,0,0,0
MAPLEDALE CONDOMINIUM,Indoor Pool,2025-01-23,MAPLEDALE CONDOMINIUM,Pass,0,0,0,0,0
MAPLEDALE CONDOMINIUM,Indoor Pool,2025-04-30,MAPLEDALE CONDOMINIUM,Pass,0,0,0,0,0
MAPLEDALE CONDOMINIUM,Indoor Pool,2025-07-17,MAPLEDALE CONDOMINIUM,Pass,1,1,0,0,1
MAPLEDALE CONDOMINIUM,Indoor Pool,2025-10-20,MAPLEDALE CONDOMINIUM,Pass,0,0,0,0,0
MAPLEDALE CONDOMINIUM,Indoor Pool,2026-03-02,MAPLEDALE CONDOMINIUM,Pass,2,2,0,0,2
MAPLEDALE CONDOMINIUM,Indoor Pool,2026-07-31,MAPLEDALE CONDOMINIUM,Pass,0,0,0,0,0
MARIOTT- INDOOR SPA,Spa Indoor,2024-11-28,MARIOTT- INDOOR SPA,Pass,1,1,0,0,1
MARIOTT- INDOOR SPA,Spa Indoor,2025-02-05,MARIOTT- INDOOR SPA,Pass,0,0,0,0,0
MARIOTT- INDOOR SPA,Spa Indoor,2025-05-08,MARIOTT- INDOOR SPA,Pass,0,0,0,0,0
MARIOTT- INDOOR SPA,Spa Indoor,2025-12-04,MARIOTT- INDOOR SPA,Conditional Pass,1,0,0,1,1
MARIOTT- INDOOR SPA,Spa Indoor,2026-02-13,MARIOTT- INDOOR SPA,Closed,6,1,0,5,4
MARIOTT- INDOOR SPA,Spa Indoor,2026-03-27,MARIOTT- INDOOR SPA,Pass,0,0,0,0,0
MARIOTT- INDOOR SPA,Spa Indoor,2026-08-19,MARIOTT- INDOOR SPA,Pass,0,0,0,0,0
MARKET SQUARE,Indoor Pool,2024-07-23,MARKET SQUARE,Pass,1,1,0,0,1
MARKET SQUARE,Indoor Pool,2024-10-22,MARKET SQUARE,Pass,0,0,0,0,0
MARKET SQUARE,Indoor Pool,2025-02-25,MARKET SQUARE,Pass,0,0,0,0,0
MARKET SQUARE,Indoor Pool,2025-06-05,MARKET SQUARE,Pass,0,0,0,0,0
MARKET SQUARE,Indoor Pool,2025-09-24,MARKET SQUARE,Pass,0,0,0,0,0
MARKET SQUARE,Indoor Pool,2025-11-26,MARKET SQUARE,Pass,0,0,0,0,0
MARKET SQUARE,Indoor Pool,2026-03-10,MARKET SQUARE,Pass,0,0,0,0,0
MARKET SQUARE,Indoor Pool,2026-06-02,MARKET SQUARE,Pass,0,0,0,0,0
MARKET SQUARE,Spa Indoor,2024-07-23,MARKET SQUARE,Pass,0,0,0,0,0
MARKET SQUARE,Spa Indoor,2024-10-22,MARKET SQUARE,Conditional Pass,2,0,1,1,2
MARKET SQUARE,Spa Indoor,2024-10-29,MARKET SQUARE,Pass,0,0,0,0,0
MARKHAM CORNERS,Outdoor Pool,2024-08-13,A REALSTAR PROPERTY,Pass,2,1,1,0,2
MARKHAM CORNERS,Outdoor Pool,2025-07-03,A REALSTAR PROPERTY,Conditional Pass,4,3,0,1,2
MARKHAM CORNERS,Outdoor Pool,2025-07-08,A REALSTAR PROPERTY,Pass,0,0,0,0,0
MARKHAM CORNERS,Outdoor Pool,2026-07-10,A REALSTAR PROPERTY,Pass,1,1,0,0,1
MARQUIS AT NORTHTOWN INC,Indoor Pool,2024-09-30,MARQUIS AT NORTHTOWN INC,Pass,1,1,0,0,1
MARQUIS AT NORTHTOWN INC,Indoor Pool,2024-11-18,MARQUIS AT NORTHTOWN INC,Conditional Pass,3,1,1,1,3
MARQUIS AT NORTHTOWN INC,Indoor Pool,2024-12-10,MARQUIS AT NORTHTOWN INC,Pass,0,0,0,0,0
MARQUIS AT NORTHTOWN INC,Indoor Pool,2025-09-05,MARQUIS AT NORTHTOWN INC,Pass,0,0,0,0,0
MARQUIS AT NORTHTOWN INC,Indoor Pool,2025-12-03,MARQUIS AT NORTHTOWN INC,Pass,2,2,0,0,2
MARQUIS AT NORTHTOWN INC,Indoor Pool,2026-03-20,MARQUIS AT NORTHTOWN INC,Pass,0,0,0,0,0
MARQUIS AT NORTHTOWN INC,Indoor Pool,2026-06-26,MARQUIS AT NORTHTOWN INC,Pass,0,0,0,0,0
MARQUIS AT NORTHTOWN INC SPA,Spa Indoor,2024-09-30,MARQUIS AT NORTHTOWN INC,Pass,0,0,0,0,0
MARQUIS AT NORTHTOWN INC SPA,Spa Indoor,2024-11-18,MARQUIS AT NORTHTOWN INC,Conditional Pass,2,1,0,1,1
MARQUIS AT NORTHTOWN INC SPA,Spa Indoor,2024-12-10,MARQUIS AT NORTHTOWN INC,Pass,0,0,0,0,0
MARQUIS AT NORTHTOWN INC SPA,Spa Indoor,2025-09-05,MARQUIS AT NORTHTOWN INC,Pass,2,2,0,0,2
MARQUIS AT NORTHTOWN INC SPA,Spa Indoor,2025-12-03,MARQUIS AT NORTHTOWN INC,Pass,0,0,0,0,0
MARQUIS AT NORTHTOWN INC SPA,Spa Indoor,2026-03-20,MARQUIS AT NORTHTOWN INC,Pass,0,0,0,0,0
MARQUIS AT NORTHTOWN INC SPA,Spa Indoor,2026-06-26,MARQUIS AT NORTHTOWN INC,Pass,1,1,0,0,1
MARRIOT,Indoor Pool,2024-08-28,MARIOTT- INDOOR SPA,Pass,2,2,0,0,1
MARRIOT,Indoor Pool,2024-11-28,MARIOTT- INDOOR SPA,Pass,2,2,0,0,1
MARRIOT,Indoor Pool,2025-02-05,MARIOTT- INDOOR SPA,Pass,2,2,0,0,1
MARRIOT,Indoor Pool,2025-05-08,MARIOTT- INDOOR SPA,Pass,1,1,0,0,1
MARRIOT,Indoor Pool,2025-12-04,MARIOTT- INDOOR SPA,Conditional Pass,4,2,0,2,3
MARRIOT,Indoor Pool,2026-02-13,MARIOTT- INDOOR SPA,Conditional Pass,2,1,0,1,2
MARRIOT,Indoor Pool,2026-03-27,MARIOTT- INDOOR SPA,Pass,0,0,0,0,0
MARRIOT,Indoor Pool,2026-08-19,MARIOTT- INDOOR SPA,Pass,0,0,0,0,0
MARRIOTT HOTEL EATON CENTRE,Indoor Pool,2024-09-06,MARRIOTT HOTEL EATON CENTRE,Pass,0,0,0,0,0
MARRIOTT HOTEL EATON CENTRE,Indoor Pool,2024-11-28,MARRIOTT HOTEL EATON CENTRE,Pass,0,0,0,0,0
MARRIOTT HOTEL EATON CENTRE,Indoor Pool,2025-01-15,MARRIOTT HOTEL EATON CENTRE,Closed,6,1,1,4,4
MARRIOTT HOTEL EATON CENTRE,Indoor Pool,2025-01-17,MARRIOTT HOTEL EATON CENTRE,Pass,2,2,0,0,2
MARRIOTT HOTEL EATON CENTRE,Indoor Pool,2025-04-09,MARRIOTT HOTEL EATON CENTRE,Pass,0,0,0,0,0
MARRIOTT HOTEL EATON CENTRE,Indoor Pool,2025-09-23,MARRIOTT HOTEL EATON CENTRE,Conditional Pass,4,1,0,3,3
MARRIOTT HOTEL EATON CENTRE,Indoor Pool,2025-10-22,MARRIOTT HOTEL EATON CENTRE,Conditional Pass,3,1,0,2,3
MARRIOTT HOTEL EATON CENTRE,Indoor Pool,2025-11-04,MARRIOTT HOTEL EATON CENTRE,Conditional Pass,4,0,2,2,4
MARRIOTT HOTEL EATON CENTRE,Indoor Pool,2026-02-10,MARRIOTT HOTEL EATON CENTRE,Pass,1,1,0,0,1
MARRIOTT HOTEL EATON CENTRE,Indoor Pool,2026-05-05,MARRIOTT HOTEL EATON CENTRE,Conditional Pass,1,0,0,1,1
MARRIOTT HOTEL EATON CENTRE,Indoor Pool,2026-05-08,MARRIOTT HOTEL EATON CENTRE,Pass,0,0,0,0,0
MARRIOTT HOTEL EATON CENTRE,Indoor Pool,2026-09-22,MARRIOTT HOTEL EATON CENTRE,Pass,0,0,0,0,0
MARRIOTT HOTEL EATON CENTRE,Spa Indoor,2025-01-15,MARRIOTT HOTEL EATON CENTRE,Closed,2,0,0,2,2
MARRIOTT HOTEL EATON CENTRE,Spa Indoor,2025-09-23,MARRIOTT HOTEL EATON CENTRE,Conditional Pass,2,0,1,1,2
MARRIOTT HOTEL EATON CENTRE,Spa Indoor,2025-11-04,MARRIOTT HOTEL EATON CENTRE,Conditional Pass,3,0,0,3,3
MARRIOTT HOTEL EATON CENTRE,Spa Indoor,2026-02-10,MARRIOTT HOTEL EATON CENTRE,Pass,0,0,0,0,0
MARTINIQUE TOWERS,Indoor Pool,2025-11-12,MARTINIQUE TOWERS,Pass,1,0,1,0,1
MARTINIQUE TOWERS,Indoor Pool,2026-03-25,MARTINIQUE TOWERS,Pass,3,2,1,0,2
MARTINIQUE TOWERS,Indoor Pool,2026-06-26,MARTINIQUE TOWERS,Pass,3,3,0,0,3
MARY MC CORMICK RECREATION CENTRE,Indoor Pool,2024-09-16,MARY MC CORMICK RECREATION CENTRE,Conditional Pass,2,0,1,1,2
MARY MC CORMICK RECREATION CENTRE,Indoor Pool,2024-09-24,MARY MC CORMICK RECREATION CENTRE,Pass,0,0,0,0,0
MARY MC CORMICK RECREATION CENTRE,Indoor Pool,2024-12-10,MARY MC CORMICK RECREATION CENTRE,Pass,0,0,0,0,0
MARY MC CORMICK RECREATION CENTRE,Indoor Pool,2025-03-11,MARY MC CORMICK RECREATION CENTRE,Pass,6,6,0,0,3
MARY MC CORMICK RECREATION CENTRE,Indoor Pool,2025-09-09,MARY MC CORMICK RECREATION CENTRE,Conditional Pass,7,3,1,3,4
MARY MC CORMICK RECREATION CENTRE,Indoor Pool,2025-12-18,MARY MC CORMICK RECREATION CENTRE,Pass,2,2,0,0,1
MARY MC CORMICK RECREATION CENTRE,Indoor Pool,2026-02-12,MARY MC CORMICK RECREATION CENTRE,Pass,5,5,0,0,3
MARY MC CORMICK RECREATION CENTRE,Indoor Pool,2026-06-30,MARY MC CORMICK RECREATION CENTRE,Pass,2,2,0,0,2
MARY MC CORMICK RECREATION CENTRE,Indoor Pool,2026-08-17,MARY MC CORMICK RECREATION CENTRE,Pass,2,2,0,0,2
MARYVALE WALK POOL,Outdoor Pool,2024-07-26,MARYVALE JES,Conditional Pass,2,0,1,1,2
MARYVALE WALK POOL,Outdoor Pool,2024-07-29,MARYVALE JES,Pass,0,0,0,0,0
MARYVALE WALK POOL,Outdoor Pool,2025-07-15,MARYVALE JES,Pass,1,1,0,0,1
MARYVALE WALK POOL,Outdoor Pool,2025-09-11,MARYVALE JES,Pass,1,1,0,0,1
MARYVALE WALK POOL,Outdoor Pool,2026-07-08,MARYVALE JES,Conditional Pass,3,2,0,1,3
MARYVALE WALK POOL,Outdoor Pool,2026-07-28,MARYVALE JES,Conditional Pass,2,1,0,1,2
MARYVALE WALK POOL,Outdoor Pool,2026-08-20,MARYVALE JES,Pass,1,1,0,0,1
MATTY ECKLER RECREATION CENTRE,Indoor Pool,2024-07-22,MATTY ECKLER RECREATION CENTRE,Pass,2,2,0,0,2
MATTY ECKLER RECREATION CENTRE,Indoor Pool,2024-10-25,MATTY ECKLER RECREATION CENTRE,Pass,0,0,0,0,0
MATTY ECKLER RECREATION CENTRE,Indoor Pool,2025-01-23,MATTY ECKLER RECREATION CENTRE,Pass,1,1,0,0,1
MATTY ECKLER RECREATION CENTRE,Indoor Pool,2025-04-28,MATTY ECKLER RECREATION CENTRE,Pass,1,1,0,0,1
MATTY ECKLER RECREATION CENTRE,Indoor Pool,2025-07-08,MATTY ECKLER RECREATION CENTRE,Pass,0,0,0,0,0
MATTY ECKLER RECREATION CENTRE,Indoor Pool,2025-10-14,MATTY ECKLER RECREATION CENTRE,Pass,2,2,0,0,2
MATTY ECKLER RECREATION CENTRE,Indoor Pool,2026-01-13,MATTY ECKLER RECREATION CENTRE,Pass,0,0,0,0,0
MATTY ECKLER RECREATION CENTRE,Indoor Pool,2026-04-13,MATTY ECKLER RECREATION CENTRE,Pass,3,3,0,0,2
MATTY ECKLER RECREATION CENTRE,Indoor Pool,2026-07-07,MATTY ECKLER RECREATION CENTRE,Pass,1,1,0,0,1
MAY TOWER SHARED FACILITIES POOL,Indoor Pool,2024-09-03,MAY TOWER SHARED FACILITIES,Pass,0,0,0,0,0
MAY TOWER SHARED FACILITIES POOL,Indoor Pool,2024-11-12,MAY TOWER SHARED FACILITIES,Pass,0,0,0,0,0
MAY TOWER SHARED FACILITIES POOL,Indoor Pool,2025-02-11,MAY TOWER SHARED FACILITIES,Closed,4,3,0,1,4
MAY TOWER SHARED FACILITIES POOL,Indoor Pool,2025-02-12,MAY TOWER SHARED FACILITIES,Pass,1,1,0,0,1
MAY TOWER SHARED FACILITIES POOL,Indoor Pool,2025-04-30,MAY TOWER SHARED FACILITIES,Pass,2,2,0,0,2
MAY TOWER SHARED FACILITIES POOL,Indoor Pool,2025-07-18,MAY TOWER SHARED FACILITIES,Pass,2,2,0,0,2
MAY TOWER SHARED FACILITIES POOL,Indoor Pool,2026-03-04,MAY TOWER SHARED FACILITIES,Conditional Pass,2,0,1,1,2
MAY TOWER SHARED FACILITIES POOL,Indoor Pool,2026-03-10,MAY TOWER SHARED FACILITIES,Pass,0,0,0,0,0
MAY TOWER SHARED FACILITIES POOL,Indoor Pool,2026-05-12,MAY TOWER SHARED FACILITIES,Pass,2,2,0,0,1
MAY TOWER SHARED FACILITIES POOL,Indoor Pool,2026-07-16,MAY TOWER SHARED FACILITIES,Pass,0,0,0,0,0
MAYFAIR CLUBS,Indoor Pool,2024-09-10,MAYFAIR RACQUET & FITNESS CLUB,Pass,2,2,0,0,2
MAYFAIR CLUBS,Indoor Pool,2024-12-20,MAYFAIR RACQUET & FITNESS CLUB,Pass,1,1,0,0,1
MAYFAIR CLUBS,Indoor Pool,2025-03-10,MAYFAIR RACQUET & FITNESS CLUB,Pass,2,2,0,0,2
MAYFAIR CLUBS,Indoor Pool,2025-06-24,MAYFAIR RACQUET & FITNESS CLUB,Pass,1,1,0,0,1
MAYFAIR CLUBS,Indoor Pool,2025-09-03,MAYFAIR RACQUET & FITNESS CLUB,Pass,2,1,1,0,2
MAYFAIR CLUBS,Indoor Pool,2025-10-30,MAYFAIR RACQUET & FITNESS CLUB,Pass,2,2,0,0,1
MAYFAIR CLUBS,Indoor Pool,2026-02-05,MAYFAIR RACQUET & FITNESS CLUB,Pass,0,0,0,0,0
MAYFAIR CLUBS,Indoor Pool,2026-05-27,MAYFAIR RACQUET & FITNESS CLUB,Pass,0,0,0,0,0
MAYFAIR CLUBS,Indoor Pool,2026-09-02,MAYFAIR RACQUET & FITNESS CLUB,Pass,0,0,0,0,0
MAYFAIR CLUBS,Spa Indoor,2024-09-10,MAYFAIR RACQUET & FITNESS CLUB,Conditional Pass,2,0,2,0,2
MAYFAIR CLUBS,Spa Indoor,2024-09-16,MAYFAIR RACQUET & FITNESS CLUB,Conditional Pass,5,1,1,3,4
MAYFAIR CLUBS,Spa Indoor,2024-09-17,MAYFAIR RACQUET & FITNESS CLUB,Pass,0,0,0,0,0
MAYFAIR CLUBS,Spa Indoor,2024-09-23,MAYFAIR RACQUET & FITNESS CLUB,Pass,0,0,0,0,0
MAYFAIR CLUBS,Spa Indoor,2024-12-20,MAYFAIR RACQUET & FITNESS CLUB,Pass,0,0,0,0,0
MAYFAIR CLUBS,Spa Indoor,2024-12-27,MAYFAIR RACQUET & FITNESS CLUB,Pass,2,2,0,0,2
MAYFAIR CLUBS,Spa Indoor,2025-03-10,MAYFAIR RACQUET & FITNESS CLUB,Pass,0,0,0,0,0
MAYFAIR CLUBS,Spa Indoor,2025-06-24,MAYFAIR RACQUET & FITNESS CLUB,Pass,1,1,0,0,1
MAYFAIR CLUBS,Spa Indoor,2025-09-03,MAYFAIR RACQUET & FITNESS CLUB,Pass,1,1,0,0,1
MAYFAIR CLUBS,Spa Indoor,2025-11-04,MAYFAIR RACQUET & FITNESS CLUB,Pass,1,1,0,0,1
MAYFAIR CLUBS,Spa Indoor,2026-02-25,MAYFAIR RACQUET & FITNESS CLUB,Pass,1,1,0,0,1
MAYFAIR CLUBS,Spa Indoor,2026-03-13,MAYFAIR RACQUET & FITNESS CLUB,Pass,1,1,0,0,1
MAYFAIR CLUBS,Spa Indoor,2026-09-24,MAYFAIR RACQUET & FITNESS CLUB,Pass,0,0,0,0,0
MAYFAIR ON THE GREEN,Indoor Pool,2024-07-16,MAYFAIR ON THE GREEN,Closed,6,1,1,4,4
MAYFAIR ON THE GREEN,Indoor Pool,2025-01-03,MAYFAIR ON THE GREEN,Pass,0,0,0,0,0
MAYFAIR ON THE GREEN,Indoor Pool,2025-03-12,MAYFAIR ON THE GREEN,Conditional Pass,2,1,1,0,2
MAYFAIR ON THE GREEN,Indoor Pool,2025-03-28,MAYFAIR ON THE GREEN,Pass,0,0,0,0,0
MAYFAIR ON THE GREEN,Indoor Pool,2025-05-12,MAYFAIR ON THE GREEN,Conditional Pass,2,0,2,0,2
MAYFAIR ON THE GREEN,Indoor Pool,2025-05-27,MAYFAIR ON THE GREEN,Pass,0,0,0,0,0
MAYFAIR ON THE GREEN,Indoor Pool,2025-08-07,MAYFAIR ON THE GREEN,Pass,3,3,0,0,2
MAYFAIR ON THE GREEN,Indoor Pool,2025-10-22,MAYFAIR ON THE GREEN,Pass,1,1,0,0,1
MAYFAIR ON THE GREEN,Indoor Pool,2026-01-19,MAYFAIR ON THE GREEN,Conditional Pass,3,1,2,0,3
MAYFAIR ON THE GREEN,Indoor Pool,2026-01-28,MAYFAIR ON THE GREEN,Pass,0,0,0,0,0
MAYFAIR ON THE GREEN,Indoor Pool,2026-04-10,MAYFAIR ON THE GREEN,Pass,0,0,0,0,0
MAYFAIR ON THE GREEN,Indoor Pool,2026-07-29,MAYFAIR ON THE GREEN,Pass,1,1,0,0,1
MAYFAIR ON THE GREEN (PUBLIC SPA),Spa Indoor,2025-01-03,MAYFAIR ON THE GREEN,Pass,2,1,1,0,2
MAYFAIR ON THE GREEN (PUBLIC SPA),Spa Indoor,2025-03-18,MAYFAIR ON THE GREEN,Pass,1,1,0,0,1
MAYFAIR ON THE GREEN (PUBLIC SPA),Spa Indoor,2025-03-28,MAYFAIR ON THE GREEN,Pass,0,0,0,0,0
MAYFAIR ON THE GREEN (PUBLIC SPA),Spa Indoor,2025-05-12,MAYFAIR ON THE GREEN,Pass,0,0,0,0,0
MAYFAIR ON THE GREEN (PUBLIC SPA),Spa Indoor,2025-05-27,MAYFAIR ON THE GREEN,Pass,1,1,0,0,1
MAYFAIR ON THE GREEN (PUBLIC SPA),Spa Indoor,2025-08-07,MAYFAIR ON THE GREEN,Pass,4,3,1,0,3
MAYFAIR ON THE GREEN (PUBLIC SPA),Spa Indoor,2025-10-22,MAYFAIR ON THE GREEN,Pass,1,1,0,0,1
MAYFAIR ON THE GREEN (PUBLIC SPA),Spa Indoor,2026-01-19,MAYFAIR ON THE GREEN,Conditional Pass,3,1,1,1,2
MAYFAIR ON THE GREEN (PUBLIC SPA),Spa Indoor,2026-01-28,MAYFAIR ON THE GREEN,Pass,1,1,0,0,1
MAYFAIR ON THE GREEN (PUBLIC SPA),Spa Indoor,2026-07-29,MAYFAIR ON THE GREEN,Pass,1,1,0,0,1
MAYFAIR RACQUET CLUB - MAIN LARGE POOL,Indoor Pool,2024-07-10,MAYFAIR RACQUET CLUB,Pass,0,0,0,0,0
MAYFAIR RACQUET CLUB - MAIN LARGE POOL,Indoor Pool,2024-10-03,MAYFAIR RACQUET CLUB,Pass,1,1,0,0,1
MAYFAIR RACQUET CLUB - MAIN LARGE POOL,Indoor Pool,2025-01-14,MAYFAIR RACQUET CLUB,Pass,1,1,0,0,1
MAYFAIR RACQUET CLUB - MAIN LARGE POOL,Indoor Pool,2025-04-23,MAYFAIR RACQUET CLUB,Pass,0,0,0,0,0
MAYFAIR RACQUET CLUB - MAIN LARGE POOL,Indoor Pool,2025-08-20,MAYFAIR RACQUET CLUB,Pass,1,1,0,0,1
MAYFAIR RACQUET CLUB - MAIN LARGE POOL,Indoor Pool,2025-10-27,MAYFAIR RACQUET CLUB,Pass,1,1,0,0,1
MAYFAIR RACQUET CLUB - MAIN LARGE POOL,Indoor Pool,2026-01-14,MAYFAIR RACQUET CLUB,Pass,0,0,0,0,0
MAYFAIR RACQUET CLUB - MAIN LARGE POOL,Indoor Pool,2026-04-27,MAYFAIR RACQUET CLUB,Pass,3,2,1,0,3
MAYFAIR RACQUET CLUB - SMALL BABY POOL,Indoor Pool,2024-07-10,MAYFAIR RACQUET CLUB,Pass,0,0,0,0,0
MAYFAIR RACQUET CLUB - SMALL BABY POOL,Indoor Pool,2024-10-03,MAYFAIR RACQUET CLUB,Pass,1,1,0,0,1
MAYFAIR RACQUET CLUB - SMALL BABY POOL,Indoor Pool,2025-01-14,MAYFAIR RACQUET CLUB,Pass,0,0,0,0,0
MAYFAIR RACQUET CLUB - SMALL BABY POOL,Indoor Pool,2025-04-23,MAYFAIR RACQUET CLUB,Pass,0,0,0,0,0
MAYFAIR RACQUET CLUB - SMALL BABY POOL,Indoor Pool,2025-08-20,MAYFAIR RACQUET CLUB,Pass,2,2,0,0,2
MAYFAIR RACQUET CLUB - SMALL BABY POOL,Indoor Pool,2025-10-27,MAYFAIR RACQUET CLUB,Pass,1,1,0,0,1
MAYFAIR RACQUET CLUB - SMALL BABY POOL,Indoor Pool,2026-01-14,MAYFAIR RACQUET CLUB,Pass,1,1,0,0,1
MAYFAIR RACQUET CLUB - SMALL BABY POOL,Indoor Pool,2026-04-27,MAYFAIR RACQUET CLUB,Pass,0,0,0,0,0
MCCOWAN PLACE,Outdoor Pool,2025-06-19,MCCOWAN PLACE,Pass,1,1,0,0,1
MCCOWAN PLACE,Outdoor Pool,2026-06-23,MCCOWAN PLACE,Pass,1,1,0,0,1
MCCOWAN PLACE,Outdoor Pool,2026-09-02,MCCOWAN PLACE,Pass,1,1,0,0,1
MCDONALD FAMILY YMCA,Indoor Pool,2025-12-16,MCDONALD FAMILY YMCA,Pass,0,0,0,0,0
MCDONALD FAMILY YMCA,Indoor Pool,2026-03-24,MCDONALD FAMILY YMCA,Pass,0,0,0,0,0
MCDONALD FAMILY YMCA,Indoor Pool,2026-06-30,MCDONALD FAMILY YMCA,Pass,0,0,0,0,0
MCGREGOR PARK POOL,Outdoor Pool,2024-08-06,MCGREGOR PARK POOL,Conditional Pass,3,2,1,0,3
MCGREGOR PARK POOL,Outdoor Pool,2024-08-09,MCGREGOR PARK POOL,Pass,0,0,0,0,0
MCGREGOR PARK POOL,Outdoor Pool,2025-07-24,MCGREGOR PARK POOL,Pass,2,2,0,0,1
MCGREGOR PARK POOL,Outdoor Pool,2026-07-06,MCGREGOR PARK POOL,Pass,1,1,0,0,1
MCGREGOR PARK POOL,Outdoor Pool,2026-09-03,MCGREGOR PARK POOL,Pass,4,4,0,0,3
ME LIVING CONDOMINIUMS,Outdoor Pool,2025-07-21,ME LIVING CONDOMINIUMS,Closed,2,0,0,2,2
ME LIVING CONDOMINIUMS,Outdoor Pool,2025-07-22,ME LIVING CONDOMINIUMS,Conditional Pass,1,0,1,0,1
ME LIVING CONDOMINIUMS,Outdoor Pool,2025-08-26,ME LIVING CONDOMINIUMS,Pass,0,0,0,0,0
ME LIVING CONDOMINIUMS,Outdoor Pool,2026-06-05,ME LIVING CONDOMINIUMS,Pass,1,1,0,0,1
ME LIVING CONDOMINIUMS,Outdoor Pool,2026-07-27,ME LIVING CONDOMINIUMS,Pass,2,2,0,0,2
MEMORIAL POOL,Indoor Pool,2024-08-27,MEMORIAL POOL & HEALTH CLUB,Pass,1,1,0,0,1
MEMORIAL POOL,Indoor Pool,2024-12-13,MEMORIAL POOL & HEALTH CLUB,Pass,0,0,0,0,0
MEMORIAL POOL,Indoor Pool,2025-03-25,MEMORIAL POOL & HEALTH CLUB,Pass,1,1,0,0,1
MEMORIAL POOL,Indoor Pool,2025-05-20,MEMORIAL POOL & HEALTH CLUB,Conditional Pass,7,4,2,1,3
MEMORIAL POOL,Indoor Pool,2025-06-24,MEMORIAL POOL & HEALTH CLUB,Conditional Pass,4,2,1,1,2
MEMORIAL POOL,Indoor Pool,2025-08-28,MEMORIAL POOL & HEALTH CLUB,Pass,0,0,0,0,0
MEMORIAL POOL,Indoor Pool,2025-11-21,MEMORIAL POOL & HEALTH CLUB,Pass,0,0,0,0,0
MEMORIAL POOL,Indoor Pool,2026-01-13,MEMORIAL POOL & HEALTH CLUB,Conditional Pass,2,1,1,0,2
MEMORIAL POOL,Indoor Pool,2026-06-26,MEMORIAL POOL & HEALTH CLUB,Conditional Pass,2,0,1,1,2
MEMORIAL POOL,Indoor Pool,2026-07-30,MEMORIAL POOL & HEALTH CLUB,Pass,0,0,0,0,0
MERCHANDISE LOFTS,Indoor Pool,2024-08-13,MERCHANDISE LOFTS CLASS B INDOOR POOL,Pass,0,0,0,0,0
MERCHANDISE LOFTS,Indoor Pool,2024-11-01,MERCHANDISE LOFTS CLASS B INDOOR POOL,Pass,0,0,0,0,0
MERCHANDISE LOFTS,Indoor Pool,2026-03-17,MERCHANDISE LOFTS CLASS B INDOOR POOL,Conditional Pass,5,2,0,3,3
MERCHANDISE LOFTS,Indoor Pool,2026-03-30,MERCHANDISE LOFTS CLASS B INDOOR POOL,Pass,0,0,0,0,0
MERCHANDISE LOFTS,Indoor Pool,2026-06-22,MERCHANDISE LOFTS CLASS B INDOOR POOL,Pass,0,0,0,0,0
MERIDIAN SHARED FACILITIES POOL,Indoor Pool,2024-09-18,MERIDIAN RESIDENCES,Pass,2,2,0,0,2
MERIDIAN SHARED FACILITIES POOL,Indoor Pool,2024-12-23,MERIDIAN RESIDENCES,Pass,2,2,0,0,2
MERIDIAN SHARED FACILITIES POOL,Indoor Pool,2025-03-17,MERIDIAN RESIDENCES,Pass,3,2,1,0,2
MERIDIAN SHARED FACILITIES POOL,Indoor Pool,2025-05-09,MERIDIAN RESIDENCES,Pass,2,2,0,0,1
MERIDIAN SHARED FACILITIES POOL,Indoor Pool,2025-09-03,MERIDIAN RESIDENCES,Pass,1,0,1,0,1
MERIDIAN SHARED FACILITIES POOL,Indoor Pool,2026-03-03,MERIDIAN RESIDENCES,Pass,2,2,0,0,2
MERIDIAN SHARED FACILITIES POOL,Indoor Pool,2026-06-16,MERIDIAN RESIDENCES,Pass,0,0,0,0,0
MERIDIAN SHARED FACILITIES SPA,Spa Indoor,2024-09-24,MERIDIAN RESIDENCES,Pass,2,1,1,0,2
MERIDIAN SHARED FACILITIES SPA,Spa Indoor,2024-12-23,MERIDIAN RESIDENCES,Pass,0,0,0,0,0
MERIDIAN SHARED FACILITIES SPA,Spa Indoor,2025-03-17,MERIDIAN RESIDENCES,Pass,0,0,0,0,0
MERIDIAN SHARED FACILITIES SPA,Spa Indoor,2025-05-09,MERIDIAN RESIDENCES,Pass,2,2,0,0,2
MERIDIAN SHARED FACILITIES SPA,Spa Indoor,2025-09-03,MERIDIAN RESIDENCES,Pass,0,0,0,0,0
MERIDIAN SHARED FACILITIES SPA,Spa Indoor,2026-03-03,MERIDIAN RESIDENCES,Pass,0,0,0,0,0
MERIDIAN SHARED FACILITIES SPA,Spa Indoor,2026-06-16,MERIDIAN RESIDENCES,Pass,0,0,0,0,0
METRO PLACE - SPA,Spa Indoor,2024-07-15,METRO PLACE,Pass,1,1,0,0,1
METRO PLACE - SPA,Spa Indoor,2024-11-15,METRO PLACE,Pass,5,4,1,0,2
METRO PLACE - SPA,Spa Indoor,2025-01-09,METRO PLACE,Pass,1,0,1,0,1
METRO PLACE - SPA,Spa Indoor,2025-04-03,METRO PLACE,Pass,1,1,0,0,1
METRO PLACE - SPA,Spa Indoor,2025-08-25,METRO PLACE,Pass,0,0,0,0,0
METRO PLACE - SPA,Spa Indoor,2025-11-03,METRO PLACE,Pass,2,2,0,0,2
METRO PLACE - SPA,Spa Indoor,2026-01-27,METRO PLACE,Conditional Pass,3,0,2,1,2
METRO PLACE - SPA,Spa Indoor,2026-01-30,METRO PLACE,Closed,5,1,1,3,5
METRO PLACE - SPA,Spa Indoor,2026-02-05,METRO PLACE,Pass,0,0,0,0,0
METRO PLACE - SPA,Spa Indoor,2026-05-15,METRO PLACE,Pass,3,3,0,0,2
METRO PLACE - SPA,Spa Indoor,2026-09-14,METRO PLACE,Pass,1,1,0,0,1
METRO PLACE POOL,Indoor Pool,2024-07-15,METRO PLACE,Pass,0,0,0,0,0
METRO PLACE POOL,Indoor Pool,2024-10-18,METRO PLACE,Pass,1,1,0,0,1
METRO PLACE POOL,Indoor Pool,2025-01-09,METRO PLACE,Pass,1,1,0,0,1
METRO PLACE POOL,Indoor Pool,2025-04-03,METRO PLACE,Pass,0,0,0,0,0
METRO PLACE POOL,Indoor Pool,2025-08-25,METRO PLACE,Pass,2,2,0,0,2
METRO PLACE POOL,Indoor Pool,2025-11-03,METRO PLACE,Pass,3,3,0,0,3
METRO PLACE POOL,Indoor Pool,2026-01-27,METRO PLACE,Pass,1,1,0,0,1
METRO PLACE POOL,Indoor Pool,2026-05-15,METRO PLACE,Pass,4,4,0,0,2
METRO PLACE POOL,Indoor Pool,2026-09-14,METRO PLACE,Pass,0,0,0,0,0
METROGATE SOLARIS CONDOMINIUM POOL,Indoor Pool,2024-07-16,METROGATE SOLARIS CONDOMINIUM POOL,Pass,0,0,0,0,0
METROGATE SOLARIS CONDOMINIUM POOL,Indoor Pool,2024-10-31,METROGATE SOLARIS CONDOMINIUM POOL,Pass,0,0,0,0,0
METROGATE SOLARIS CONDOMINIUM POOL,Indoor Pool,2025-01-20,METROGATE SOLARIS CONDOMINIUM POOL,Pass,1,1,0,0,1
METROGATE SOLARIS CONDOMINIUM POOL,Indoor Pool,2025-05-02,METROGATE SOLARIS CONDOMINIUM POOL,Pass,1,1,0,0,1
METROGATE SOLARIS CONDOMINIUM POOL,Indoor Pool,2025-08-05,METROGATE SOLARIS CONDOMINIUM POOL,Conditional Pass,4,1,1,2,4
METROGATE SOLARIS CONDOMINIUM POOL,Indoor Pool,2025-08-08,METROGATE SOLARIS CONDOMINIUM POOL,Pass,2,1,1,0,2
METROGATE SOLARIS CONDOMINIUM POOL,Indoor Pool,2025-10-16,METROGATE SOLARIS CONDOMINIUM POOL,Conditional Pass,1,0,0,1,1
METROGATE SOLARIS CONDOMINIUM POOL,Indoor Pool,2025-10-20,METROGATE SOLARIS CONDOMINIUM POOL,Pass,0,0,0,0,0
METROGATE SOLARIS CONDOMINIUM POOL,Indoor Pool,2026-01-23,METROGATE SOLARIS CONDOMINIUM POOL,Pass,0,0,0,0,0
METROGATE SOLARIS CONDOMINIUM POOL,Indoor Pool,2026-06-22,METROGATE SOLARIS CONDOMINIUM POOL,Pass,1,1,0,0,1
METROGATE SOLARIS CONDOMINIUM POOL,Indoor Pool,2026-09-15,METROGATE SOLARIS CONDOMINIUM POOL,Conditional Pass,2,1,1,0,2
METROGATE SOLARIS CONDOMINIUM POOL,Indoor Pool,2026-09-21,METROGATE SOLARIS CONDOMINIUM POOL,Pass,0,0,0,0,0
METROGATE SOLARIS CONDOMINIUM SPA,Spa Indoor,2024-07-16,METROGATE SOLARIS CONDOMINIUM POOL,Pass,0,0,0,0,0
METROGATE SOLARIS CONDOMINIUM SPA,Spa Indoor,2024-10-31,METROGATE SOLARIS CONDOMINIUM POOL,Pass,1,1,0,0,1
METROGATE SOLARIS CONDOMINIUM SPA,Spa Indoor,2025-01-20,METROGATE SOLARIS CONDOMINIUM POOL,Pass,1,1,0,0,1
METROGATE SOLARIS CONDOMINIUM SPA,Spa Indoor,2025-05-02,METROGATE SOLARIS CONDOMINIUM POOL,Conditional Pass,2,0,1,1,1
METROGATE SOLARIS CONDOMINIUM SPA,Spa Indoor,2025-05-07,METROGATE SOLARIS CONDOMINIUM POOL,Pass,0,0,0,0,0
METROGATE SOLARIS CONDOMINIUM SPA,Spa Indoor,2025-08-05,METROGATE SOLARIS CONDOMINIUM POOL,Conditional Pass,3,0,0,3,3
METROGATE SOLARIS CONDOMINIUM SPA,Spa Indoor,2025-08-08,METROGATE SOLARIS CONDOMINIUM POOL,Pass,0,0,0,0,0
METROGATE SOLARIS CONDOMINIUM SPA,Spa Indoor,2025-10-16,METROGATE SOLARIS CONDOMINIUM POOL,Conditional Pass,2,1,0,1,1
METROGATE SOLARIS CONDOMINIUM SPA,Spa Indoor,2025-10-20,METROGATE SOLARIS CONDOMINIUM POOL,Pass,0,0,0,0,0
METROGATE SOLARIS CONDOMINIUM SPA,Spa Indoor,2026-01-23,METROGATE SOLARIS CONDOMINIUM POOL,Pass,0,0,0,0,0
METROGATE SOLARIS CONDOMINIUM SPA,Spa Indoor,2026-06-22,METROGATE SOLARIS CONDOMINIUM POOL,Pass,0,0,0,0,0
METROGATE SOLARIS CONDOMINIUM SPA,Spa Indoor,2026-09-15,METROGATE SOLARIS CONDOMINIUM POOL,Conditional Pass,6,2,3,1,4
METROGATE SOLARIS CONDOMINIUM SPA,Spa Indoor,2026-09-21,METROGATE SOLARIS CONDOMINIUM POOL,Pass,0,0,0,0,0
METROPOITAN TORONTO CONDOMINIUM #555,Indoor Pool,2024-07-23,METROPOITAN TORONTO CONDOMINIUM,Pass,0,0,0,0,0
METROPOITAN TORONTO CONDOMINIUM #555,Indoor Pool,2024-11-19,METROPOITAN TORONTO CONDOMINIUM,Pass,0,0,0,0,0
METROPOITAN TORONTO CONDOMINIUM #555,Indoor Pool,2025-02-12,METROPOITAN TORONTO CONDOMINIUM,Pass,1,1,0,0,1
METROPOITAN TORONTO CONDOMINIUM #555,Indoor Pool,2025-05-06,METROPOITAN TORONTO CONDOMINIUM,Pass,0,0,0,0,0
METROPOITAN TORONTO CONDOMINIUM #555,Indoor Pool,2025-08-20,METROPOITAN TORONTO CONDOMINIUM,Pass,0,0,0,0,0
METROPOITAN TORONTO CONDOMINIUM #555,Indoor Pool,2025-11-18,METROPOITAN TORONTO CONDOMINIUM,Pass,0,0,0,0,0
METROPOITAN TORONTO CONDOMINIUM #555,Indoor Pool,2026-02-18,METROPOITAN TORONTO CONDOMINIUM,Pass,0,0,0,0,0
METROPOITAN TORONTO CONDOMINIUM #555,Indoor Pool,2026-05-20,METROPOITAN TORONTO CONDOMINIUM,Pass,0,0,0,0,0
MILAN CONDOMINIUMS,Indoor Pool,2024-07-10,MILAN CONDOMINIUMS,Pass,0,0,0,0,0
MILAN CONDOMINIUMS,Indoor Pool,2024-10-07,MILAN CONDOMINIUMS,Conditional Pass,2,1,1,0,1
MILAN CONDOMINIUMS,Indoor Pool,2024-10-08,MILAN CONDOMINIUMS,Pass,0,0,0,0,0
MILAN CONDOMINIUMS,Indoor Pool,2025-03-26,MILAN CONDOMINIUMS,Pass,5,5,0,0,1
MILAN CONDOMINIUMS,Indoor Pool,2025-06-17,MILAN CONDOMINIUMS,Pass,3,3,0,0,2
MILAN CONDOMINIUMS,Indoor Pool,2025-12-01,MILAN CONDOMINIUMS,Pass,0,0,0,0,0
MILAN CONDOMINIUMS,Indoor Pool,2026-03-25,MILAN CONDOMINIUMS,Pass,1,1,0,0,1
MILAN CONDOMINIUMS,Indoor Pool,2026-06-11,MILAN CONDOMINIUMS,Pass,2,2,0,0,2
MILAN CONDOMINIUMS,Spa Indoor,2024-07-10,MILAN CONDOMINIUMS,Pass,1,1,0,0,1
MILAN CONDOMINIUMS,Spa Indoor,2024-10-07,MILAN CONDOMINIUMS,Conditional Pass,2,1,1,0,1
MILAN CONDOMINIUMS,Spa Indoor,2025-03-26,MILAN CONDOMINIUMS,Pass,6,6,0,0,2
MILAN CONDOMINIUMS,Spa Indoor,2025-06-17,MILAN CONDOMINIUMS,Pass,3,3,0,0,2
MILAN CONDOMINIUMS,Spa Indoor,2025-12-01,MILAN CONDOMINIUMS,Pass,2,2,0,0,2
MILAN CONDOMINIUMS,Spa Indoor,2026-03-25,MILAN CONDOMINIUMS,Pass,2,2,0,0,1
MILAN CONDOMINIUMS,Spa Indoor,2026-06-11,MILAN CONDOMINIUMS,Pass,1,1,0,0,1
MILES NADAL JEWISH COMMUNITY,Spa Indoor,2024-08-27,MILES NADAL JEWISH COMMUNITY CENTRE,Pass,0,0,0,0,0
MILES NADAL JEWISH COMMUNITY,Spa Indoor,2024-12-27,MILES NADAL JEWISH COMMUNITY CENTRE,Conditional Pass,3,2,1,0,2
MILES NADAL JEWISH COMMUNITY,Spa Indoor,2024-12-30,MILES NADAL JEWISH COMMUNITY CENTRE,Pass,0,0,0,0,0
MILES NADAL JEWISH COMMUNITY,Spa Indoor,2025-03-26,MILES NADAL JEWISH COMMUNITY CENTRE,Pass,0,0,0,0,0
MILES NADAL JEWISH COMMUNITY,Spa Indoor,2025-06-25,MILES NADAL JEWISH COMMUNITY CENTRE,Pass,1,1,0,0,1
MILES NADAL JEWISH COMMUNITY,Spa Indoor,2025-09-30,MILES NADAL JEWISH COMMUNITY CENTRE,Pass,0,0,0,0,0
MILES NADAL JEWISH COMMUNITY,Spa Indoor,2025-12-18,MILES NADAL JEWISH COMMUNITY CENTRE,Pass,0,0,0,0,0
MILES NADAL JEWISH COMMUNITY,Spa Indoor,2026-03-26,MILES NADAL JEWISH COMMUNITY CENTRE,Pass,1,1,0,0,1
MILES NADAL JEWISH COMMUNITY,Spa Indoor,2026-06-25,MILES NADAL JEWISH COMMUNITY CENTRE,Pass,0,0,0,0,0
MILES NADAL JEWISH COMMUNITY CENTER (MENS),Spa Indoor,2024-08-27,MILES NADAL JEWISH COMMUNITY CENTRE,Conditional Pass,1,0,1,0,1
MILES NADAL JEWISH COMMUNITY CENTER (MENS),Spa Indoor,2024-09-16,MILES NADAL JEWISH COMMUNITY CENTRE,Pass,0,0,0,0,0
MILES NADAL JEWISH COMMUNITY CENTER (MENS),Spa Indoor,2024-12-27,MILES NADAL JEWISH COMMUNITY CENTRE,Closed,5,2,1,2,4
MILES NADAL JEWISH COMMUNITY CENTER (MENS),Spa Indoor,2024-12-30,MILES NADAL JEWISH COMMUNITY CENTRE,Pass,0,0,0,0,0
MILES NADAL JEWISH COMMUNITY CENTER (MENS),Spa Indoor,2025-03-26,MILES NADAL JEWISH COMMUNITY CENTRE,Pass,0,0,0,0,0
MILES NADAL JEWISH COMMUNITY CENTER (MENS),Spa Indoor,2025-09-30,MILES NADAL JEWISH COMMUNITY CENTRE,Pass,1,1,0,0,1
MILES NADAL JEWISH COMMUNITY CENTER (MENS),Spa Indoor,2025-12-18,MILES NADAL JEWISH COMMUNITY CENTRE,Pass,0,0,0,0,0
MILES NADAL JEWISH COMMUNITY CENTER (MENS),Spa Indoor,2026-04-17,MILES NADAL JEWISH COMMUNITY CENTRE,Pass,0,0,0,0,0
MILES NADAL JEWISH COMMUNITY CENTER (MENS),Spa Indoor,2026-06-25,MILES NADAL JEWISH COMMUNITY CENTRE,Pass,0,0,0,0,0
MILES NADAL JEWISH COMMUNITY CENTRE,Indoor Pool,2024-08-27,MILES NADAL JEWISH COMMUNITY CENTRE,Pass,0,0,0,0,0
MILES NADAL JEWISH COMMUNITY CENTRE,Indoor Pool,2024-12-27,MILES NADAL JEWISH COMMUNITY CENTRE,Conditional Pass,2,1,0,1,2
MILES NADAL JEWISH COMMUNITY CENTRE,Indoor Pool,2025-03-18,MILES NADAL JEWISH COMMUNITY CENTRE,Pass,0,0,0,0,0
MILES NADAL JEWISH COMMUNITY CENTRE,Indoor Pool,2025-06-25,MILES NADAL JEWISH COMMUNITY CENTRE,Pass,1,1,0,0,1
MILES NADAL JEWISH COMMUNITY CENTRE,Indoor Pool,2025-09-30,MILES NADAL JEWISH COMMUNITY CENTRE,Pass,0,0,0,0,0
MILES NADAL JEWISH COMMUNITY CENTRE,Indoor Pool,2025-12-18,MILES NADAL JEWISH COMMUNITY CENTRE,Pass,0,0,0,0,0
MILES NADAL JEWISH COMMUNITY CENTRE,Indoor Pool,2026-03-26,MILES NADAL JEWISH COMMUNITY CENTRE,Pass,0,0,0,0,0
MILES NADAL JEWISH COMMUNITY CENTRE,Indoor Pool,2026-06-25,MILES NADAL JEWISH COMMUNITY CENTRE,Pass,0,0,0,0,0
MILLGATE MANOR,Indoor Pool,2024-08-13,MILLGATE MANOR,Pass,0,0,0,0,0
MILLGATE MANOR,Indoor Pool,2024-12-03,MILLGATE MANOR,Pass,0,0,0,0,0
MILLGATE MANOR,Indoor Pool,2025-03-05,MILLGATE MANOR,Pass,0,0,0,0,0
MILLGATE MANOR,Indoor Pool,2025-06-20,MILLGATE MANOR,Pass,0,0,0,0,0
MILLGATE MANOR,Indoor Pool,2025-08-08,MILLGATE MANOR,Pass,0,0,0,0,0
MILLGATE MANOR,Indoor Pool,2025-10-23,MILLGATE MANOR,Pass,0,0,0,0,0
MILLGATE MANOR,Indoor Pool,2026-02-03,MILLGATE MANOR,Conditional Pass,1,0,0,1,1
MILLGATE MANOR,Indoor Pool,2026-02-06,MILLGATE MANOR,Pass,0,0,0,0,0
MILLGATE MANOR,Indoor Pool,2026-04-21,MILLGATE MANOR,Pass,0,0,0,0,0
MILLGATE MANOR,Outdoor Pool,2024-08-06,MILLGATE MANOR,Conditional Pass,1,0,0,1,1
MILLGATE MANOR,Outdoor Pool,2025-08-08,MILLGATE MANOR,Pass,1,1,0,0,1
MILLGATE MANOR,Outdoor Pool,2026-06-19,MILLGATE MANOR,Pass,0,0,0,0,0
MILLGATE MANOR,Spa Indoor,2024-12-03,MILLGATE MANOR,Conditional Pass,4,2,1,1,2
MILLGATE MANOR,Spa Indoor,2024-12-04,MILLGATE MANOR,Pass,1,1,0,0,1
MILLGATE MANOR,Spa Indoor,2025-03-28,MILLGATE MANOR,Pass,0,0,0,0,0
MILLGATE MANOR,Spa Indoor,2026-02-03,MILLGATE MANOR,Conditional Pass,2,0,0,2,2
MILNER COURT,Outdoor Pool,2024-07-25,13:00-21:00,Pass,0,0,0,0,0
MILNER COURT,Outdoor Pool,2025-07-22,13:00-21:00,Pass,0,0,0,0,0
MILNER COURT,Outdoor Pool,2025-08-25,13:00-21:00,Pass,1,1,0,0,1
MILNER COURT,Outdoor Pool,2026-07-14,13:00-21:00,Pass,0,0,0,0,0
MIMICO CREEK CLUB,Outdoor Pool,2026-06-12,TIDES AT MYSTIC POINTE,Pass,1,1,0,0,1
MIMICO CREEK CLUB,Spa Indoor,2024-07-16,TIDES AT MYSTIC POINTE,Pass,0,0,0,0,0
MIMICO CREEK CLUB,Spa Indoor,2024-11-12,TIDES AT MYSTIC POINTE,Pass,0,0,0,0,0
MIMICO CREEK CLUB,Spa Indoor,2025-03-28,TIDES AT MYSTIC POINTE,Pass,0,0,0,0,0
MIMICO CREEK CLUB,Spa Indoor,2025-06-30,TIDES AT MYSTIC POINTE,Pass,0,0,0,0,0
MIMICO CREEK CLUB,Spa Indoor,2025-12-18,TIDES AT MYSTIC POINTE,Pass,0,0,0,0,0
MIMICO CREEK CLUB,Spa Indoor,2026-03-30,TIDES AT MYSTIC POINTE,Pass,0,0,0,0,0
MIMICO CREEK CLUB,Spa Outdoor,2024-07-16,TIDES AT MYSTIC POINTE,Closed,2,0,0,2,2
MIMICO CREEK CLUB,Spa Outdoor,2024-08-27,TIDES AT MYSTIC POINTE,Pass,0,0,0,0,0
MIMICO CREEK CLUB,Spa Outdoor,2025-07-18,TIDES AT MYSTIC POINTE,Pass,0,0,0,0,0
MIMICO CREEK CLUB,Spa Outdoor,2026-06-12,TIDES AT MYSTIC POINTE,Pass,0,0,0,0,0
MINTO APARTMENTS,Indoor Pool,2024-09-23,MINTO APARTMENTS,Conditional Pass,1,0,0,1,1
MINTO APARTMENTS,Indoor Pool,2024-09-27,MINTO APARTMENTS,Pass,0,0,0,0,0
MINTO APARTMENTS,Indoor Pool,2025-03-20,MINTO APARTMENTS,Pass,0,0,0,0,0
MINTO APARTMENTS,Indoor Pool,2025-06-03,MINTO APARTMENTS,Pass,0,0,0,0,0
MINTO APARTMENTS,Indoor Pool,2025-10-20,MINTO APARTMENTS,Pass,0,0,0,0,0
MINTO APARTMENTS,Indoor Pool,2026-03-11,MINTO APARTMENTS,Pass,1,1,0,0,1
MINTO APARTMENTS,Indoor Pool,2026-06-02,MINTO APARTMENTS,Pass,1,1,0,0,1
MINTO APARTMENTS,Indoor Pool,2026-09-16,MINTO APARTMENTS,Pass,4,4,0,0,2
MINTO GARDENS POOL,Indoor Pool,2024-07-31,MINTO GARDENS,Pass,0,0,0,0,0
MINTO GARDENS POOL,Indoor Pool,2024-10-28,MINTO GARDENS,Pass,1,1,0,0,1
MINTO GARDENS POOL,Indoor Pool,2025-02-04,MINTO GARDENS,Pass,0,0,0,0,0
MINTO GARDENS POOL,Indoor Pool,2025-04-24,MINTO GARDENS,Pass,0,0,0,0,0
MINTO GARDENS POOL,Indoor Pool,2025-08-11,MINTO GARDENS,Pass,1,1,0,0,1
MINTO GARDENS POOL,Indoor Pool,2025-10-17,MINTO GARDENS,Pass,0,0,0,0,0
MINTO GARDENS POOL,Indoor Pool,2026-01-13,MINTO GARDENS,Conditional Pass,2,0,1,1,2
MINTO GARDENS POOL,Indoor Pool,2026-03-31,MINTO GARDENS,Pass,0,0,0,0,0
MINTO GARDENS POOL,Indoor Pool,2026-06-01,MINTO GARDENS,Pass,1,1,0,0,1
MINTO GARDENS POOL,Indoor Pool,2026-09-23,MINTO GARDENS,Pass,0,0,0,0,0
MINTO PHASE I,Outdoor Pool,2024-09-06,MINTO I,Pass,0,0,0,0,0
MINTO PHASE II,Outdoor Pool,2024-09-27,MINTO II,Pass,0,0,0,0,0
MINTO PLAZA CONDOMINUIM,Indoor Pool,2024-07-09,MINTO PLAZA CONDOMINUIM,Pass,0,0,0,0,0
MINTO PLAZA CONDOMINUIM,Indoor Pool,2024-10-21,MINTO PLAZA CONDOMINUIM,Pass,0,0,0,0,0
MINTO PLAZA CONDOMINUIM,Indoor Pool,2025-03-17,MINTO PLAZA CONDOMINUIM,Conditional Pass,3,1,0,2,3
MINTO PLAZA CONDOMINUIM,Indoor Pool,2025-04-03,MINTO PLAZA CONDOMINUIM,Closed,4,0,0,4,4
MINTO PLAZA CONDOMINUIM,Indoor Pool,2025-04-07,MINTO PLAZA CONDOMINUIM,Conditional Pass,1,0,0,1,1
MINTO PLAZA CONDOMINUIM,Indoor Pool,2025-05-01,MINTO PLAZA CONDOMINUIM,Pass,0,0,0,0,0
MINTO PLAZA CONDOMINUIM,Indoor Pool,2025-10-10,MINTO PLAZA CONDOMINUIM,Pass,0,0,0,0,0
MINTO PLAZA CONDOMINUIM,Indoor Pool,2026-04-28,MINTO PLAZA CONDOMINUIM,Pass,0,0,0,0,0
MINTO PLAZA CONDOMINUIM,Indoor Pool,2026-09-18,MINTO PLAZA CONDOMINUIM,Closed,4,1,1,2,3
MIRABELLA CONDO EAST POOL,Indoor Pool,2024-07-18,MARABELLA CONDO EAST POOL,Pass,1,0,1,0,1
MIRABELLA CONDO EAST POOL,Indoor Pool,2024-11-12,MARABELLA CONDO EAST POOL,Pass,1,1,0,0,1
MIRABELLA CONDO EAST POOL,Indoor Pool,2025-03-24,MARABELLA CONDO EAST POOL,Pass,1,1,0,0,1
MIRABELLA CONDO EAST POOL,Indoor Pool,2025-06-18,MARABELLA CONDO EAST POOL,Pass,1,1,0,0,1
MIRABELLA CONDO EAST POOL,Indoor Pool,2025-11-18,MARABELLA CONDO EAST POOL,Pass,0,0,0,0,0
MIRABELLA CONDO EAST POOL,Indoor Pool,2026-03-23,MARABELLA CONDO EAST POOL,Pass,4,4,0,0,3
MIRABELLA CONDO EAST POOL,Indoor Pool,2026-06-08,MARABELLA CONDO EAST POOL,Pass,2,2,0,0,1
MIRABELLA CONDO EAST POOL,Indoor Pool,2026-07-07,MARABELLA CONDO EAST POOL,Pass,3,3,0,0,2
MIRABELLA CONDOS WEST POOL,Indoor Pool,2024-07-18,MIRABELLA CONDOS WEST POOL,Pass,2,0,2,0,2
MIRABELLA CONDOS WEST POOL,Indoor Pool,2024-11-12,MIRABELLA CONDOS WEST POOL,Pass,1,1,0,0,1
MIRABELLA CONDOS WEST POOL,Indoor Pool,2025-03-24,MIRABELLA CONDOS WEST POOL,Pass,1,1,0,0,1
MIRABELLA CONDOS WEST POOL,Indoor Pool,2025-06-18,MIRABELLA CONDOS WEST POOL,Pass,1,1,0,0,1
MIRABELLA CONDOS WEST POOL,Indoor Pool,2026-03-23,MIRABELLA CONDOS WEST POOL,Closed,6,4,0,2,5
MIRABELLA CONDOS WEST POOL,Indoor Pool,2026-03-30,MIRABELLA CONDOS WEST POOL,Pass,0,0,0,0,0
MIRABELLA CONDOS WEST POOL,Indoor Pool,2026-06-15,MIRABELLA CONDOS WEST POOL,Pass,1,1,0,0,1
MIRABELLA CONDOS WEST POOL,Indoor Pool,2026-07-07,MIRABELLA CONDOS WEST POOL,Pass,3,3,0,0,2
MITCHELL FIELD COMMUNITY POOL,Outdoor Pool,2024-07-18,MITCHELL FIELD COMMUNITY POOL,Pass,2,2,0,0,2
MITCHELL FIELD COMMUNITY POOL,Outdoor Pool,2025-07-17,MITCHELL FIELD COMMUNITY POOL,Pass,2,2,0,0,2
MITCHELL FIELD COMMUNITY POOL,Outdoor Pool,2026-07-22,MITCHELL FIELD COMMUNITY POOL,Pass,1,1,0,0,1
MONA LISA RESIDENCES - LAP POOL,Indoor Pool,2024-09-27,MONA LISA RESIDENCES,Pass,0,0,0,0,0
MONA LISA RESIDENCES - LAP POOL,Indoor Pool,2024-12-23,MONA LISA RESIDENCES,Conditional Pass,4,3,0,1,3
MONA LISA RESIDENCES - LAP POOL,Indoor Pool,2025-01-24,MONA LISA RESIDENCES,Pass,0,0,0,0,0
MONA LISA RESIDENCES - LAP POOL,Indoor Pool,2025-05-01,MONA LISA RESIDENCES,Pass,1,1,0,0,1
MONA LISA RESIDENCES - LAP POOL,Indoor Pool,2025-09-15,MONA LISA RESIDENCES,Conditional Pass,5,3,0,2,3
MONA LISA RESIDENCES - LAP POOL,Indoor Pool,2025-10-15,MONA LISA RESIDENCES,Pass,0,0,0,0,0
MONA LISA RESIDENCES - LAP POOL,Indoor Pool,2026-02-03,MONA LISA RESIDENCES,Pass,1,1,0,0,1
MONA LISA RESIDENCES - LAP POOL,Indoor Pool,2026-06-10,MONA LISA RESIDENCES,Pass,2,2,0,0,1
MONA LISA RESIDENCES - LEISURE POOL,Indoor Pool,2024-09-27,MONA LISA RESIDENCES,Pass,1,1,0,0,1
MONA LISA RESIDENCES - LEISURE POOL,Indoor Pool,2024-12-23,MONA LISA RESIDENCES,Pass,0,0,0,0,0
MONA LISA RESIDENCES - LEISURE POOL,Indoor Pool,2025-01-24,MONA LISA RESIDENCES,Pass,0,0,0,0,0
MONA LISA RESIDENCES - LEISURE POOL,Indoor Pool,2025-05-01,MONA LISA RESIDENCES,Pass,2,2,0,0,2
MONA LISA RESIDENCES - LEISURE POOL,Indoor Pool,2025-09-15,MONA LISA RESIDENCES,Pass,2,2,0,0,2
MONA LISA RESIDENCES - LEISURE POOL,Indoor Pool,2025-10-15,MONA LISA RESIDENCES,Pass,1,1,0,0,1
MONA LISA RESIDENCES - LEISURE POOL,Indoor Pool,2026-02-03,MONA LISA RESIDENCES,Pass,1,1,0,0,1
MONA LISA RESIDENCES - LEISURE POOL,Indoor Pool,2026-06-10,MONA LISA RESIDENCES,Pass,2,2,0,0,1
MONA LISA RESIDENCES - SPA,Spa Indoor,2024-09-27,MONA LISA RESIDENCES,Pass,0,0,0,0,0
MONA LISA RESIDENCES - SPA,Spa Indoor,2024-12-23,MONA LISA RESIDENCES,Conditional Pass,7,5,0,2,5
MONA LISA RESIDENCES - SPA,Spa Indoor,2025-01-24,MONA LISA RESIDENCES,Pass,1,1,0,0,1
MONA LISA RESIDENCES - SPA,Spa Indoor,2025-05-01,MONA LISA RESIDENCES,Closed,6,2,1,3,3
MONA LISA RESIDENCES - SPA,Spa Indoor,2025-05-06,MONA LISA RESIDENCES,Pass,0,0,0,0,0
MONA LISA RESIDENCES - SPA,Spa Indoor,2025-10-15,MONA LISA RESIDENCES,Pass,0,0,0,0,0
MONA LISA RESIDENCES - SPA,Spa Indoor,2026-06-10,MONA LISA RESIDENCES,Pass,4,3,1,0,3
MONARCH PARK SWIMMING POOL,Outdoor Pool,2025-07-21,MONARCH PARK,Conditional Pass,2,1,1,0,2
MONARCH PARK SWIMMING POOL,Outdoor Pool,2025-08-29,MONARCH PARK,Conditional Pass,1,0,1,0,1
MONARCH PARK SWIMMING POOL,Outdoor Pool,2026-06-23,MONARCH PARK,Pass,1,1,0,0,1
MONDE,Outdoor Pool,2024-07-23,MONDE,Pass,2,1,1,0,1
MONDE,Outdoor Pool,2025-07-07,MONDE,Conditional Pass,3,2,0,1,3
MONDE,Outdoor Pool,2025-07-18,MONDE,Conditional Pass,1,0,0,1,1
MONDE,Outdoor Pool,2025-07-22,MONDE,Pass,0,0,0,0,0
MONDE,Outdoor Pool,2025-09-18,MONDE,Pass,0,0,0,0,0
MONDE,Outdoor Pool,2026-06-15,MONDE,Pass,3,3,0,0,2
MONDE,Outdoor Pool,2026-09-23,MONDE,Pass,0,0,0,0,0
MONDE - MEN'S SPA,Spa Indoor,2024-07-23,MONDE,Pass,0,0,0,0,0
MONDE - MEN'S SPA,Spa Indoor,2024-10-31,MONDE,Pass,0,0,0,0,0
MONDE - MEN'S SPA,Spa Indoor,2025-03-10,MONDE,Pass,1,1,0,0,1
MONDE - MEN'S SPA,Spa Indoor,2025-06-24,MONDE,Conditional Pass,1,0,0,1,1
MONDE - MEN'S SPA,Spa Indoor,2025-07-07,MONDE,Conditional Pass,1,0,0,1,1
MONDE - MEN'S SPA,Spa Indoor,2025-07-18,MONDE,Pass,0,0,0,0,0
MONDE - MEN'S SPA,Spa Indoor,2025-09-18,MONDE,Pass,0,0,0,0,0
MONDE - MEN'S SPA,Spa Indoor,2025-11-20,MONDE,Pass,0,0,0,0,0
MONDE - MEN'S SPA,Spa Indoor,2026-03-04,MONDE,Pass,0,0,0,0,0
MONDE - MEN'S SPA,Spa Indoor,2026-06-15,MONDE,Pass,0,0,0,0,0
MONDE - MEN'S SPA,Spa Indoor,2026-09-23,MONDE,Conditional Pass,1,0,0,1,1
MONDE WOMEN'S SPA,Spa Indoor,2024-07-23,MONDE,Pass,0,0,0,0,0
MONDE WOMEN'S SPA,Spa Indoor,2024-10-31,MONDE,Pass,0,0,0,0,0
MONDE WOMEN'S SPA,Spa Indoor,2025-03-10,MONDE,Pass,2,2,0,0,2
MONDE WOMEN'S SPA,Spa Indoor,2025-06-24,MONDE,Pass,0,0,0,0,0
MONDE WOMEN'S SPA,Spa Indoor,2025-09-18,MONDE,Pass,0,0,0,0,0
MONDE WOMEN'S SPA,Spa Indoor,2025-11-20,MONDE,Pass,0,0,0,0,0
MONDE WOMEN'S SPA,Spa Indoor,2026-03-04,MONDE,Conditional Pass,1,0,1,0,1
MONDE WOMEN'S SPA,Spa Indoor,2026-03-18,MONDE,Pass,0,0,0,0,0
MONDE WOMEN'S SPA,Spa Indoor,2026-06-15,MONDE,Pass,0,0,0,0,0
MONDE WOMEN'S SPA,Spa Indoor,2026-09-23,MONDE,Conditional Pass,1,0,0,1,1
MONDEO SPRINGS DEVELOPMENT,Indoor Pool,2024-09-05,8 MONDEO DR,Pass,1,1,0,0,1
MONDEO SPRINGS DEVELOPMENT,Indoor Pool,2024-12-18,8 MONDEO DR,Conditional Pass,2,1,1,0,1
MONDEO SPRINGS DEVELOPMENT,Indoor Pool,2025-02-05,8 MONDEO DR,Pass,0,0,0,0,0
MONDEO SPRINGS DEVELOPMENT,Indoor Pool,2025-05-28,8 MONDEO DR,Pass,0,0,0,0,0
MONDEO SPRINGS DEVELOPMENT,Indoor Pool,2025-08-06,8 MONDEO DR,Conditional Pass,3,2,1,0,2
MONDEO SPRINGS DEVELOPMENT,Indoor Pool,2025-08-07,8 MONDEO DR,Pass,0,0,0,0,0
MONDEO SPRINGS DEVELOPMENT,Indoor Pool,2025-09-16,8 MONDEO DR,Pass,2,2,0,0,1
MONDEO SPRINGS DEVELOPMENT,Indoor Pool,2025-11-24,8 MONDEO DR,Pass,0,0,0,0,0
MONDEO SPRINGS DEVELOPMENT,Indoor Pool,2026-01-16,8 MONDEO DR,Pass,2,2,0,0,2
MONDEO SPRINGS DEVELOPMENT,Indoor Pool,2026-04-13,8 MONDEO DR,Pass,2,2,0,0,2
MONDEO SPRINGS DEVELOPMENT,Indoor Pool,2026-07-08,8 MONDEO DR,Pass,0,0,0,0,0
MONDEO SPRINGS DEVELOPMENT,Spa Indoor,2024-09-05,8 MONDEO DR,Pass,0,0,0,0,0
MONDEO SPRINGS DEVELOPMENT,Spa Indoor,2024-12-18,8 MONDEO DR,Conditional Pass,4,2,1,1,2
MONDEO SPRINGS DEVELOPMENT,Spa Indoor,2025-02-05,8 MONDEO DR,Pass,1,1,0,0,1
MONDEO SPRINGS DEVELOPMENT,Spa Indoor,2025-08-06,8 MONDEO DR,Conditional Pass,2,0,1,1,1
MONDEO SPRINGS DEVELOPMENT,Spa Indoor,2025-09-16,8 MONDEO DR,Pass,1,1,0,0,1
MONDEO SPRINGS DEVELOPMENT,Spa Indoor,2026-01-16,8 MONDEO DR,Pass,1,1,0,0,1
MONDEO SPRINGS DEVELOPMENT,Spa Indoor,2026-04-13,8 MONDEO DR,Pass,1,1,0,0,1
MONTAGE,Indoor Pool,2024-08-22,MONTAGE,Pass,1,1,0,0,1
MONTAGE,Indoor Pool,2025-01-15,MONTAGE,Pass,3,2,1,0,3
MONTAGE,Indoor Pool,2025-04-14,MONTAGE,Pass,0,0,0,0,0
MONTAGE,Indoor Pool,2025-09-23,MONTAGE,Pass,1,1,0,0,1
MONTAGE,Indoor Pool,2025-12-10,MONTAGE,Pass,0,0,0,0,0
MONTAGE,Indoor Pool,2026-06-29,MONTAGE,Pass,0,0,0,0,0
MONTEGO TOWERS,Indoor Pool,2025-12-12,MONTEGO TOWERS,Conditional Pass,2,0,2,0,2
MONTEGO TOWERS,Indoor Pool,2025-12-15,MONTEGO TOWERS,Pass,0,0,0,0,0
MONTEGO TOWERS,Indoor Pool,2026-03-31,MONTEGO TOWERS,Closed,3,1,1,1,3
MONTEREY,Indoor Pool,2024-09-03,MONTEREY,Conditional Pass,1,0,1,0,1
MONTEREY,Indoor Pool,2024-11-08,MONTEREY,Pass,1,1,0,0,1
MONTEREY,Indoor Pool,2025-06-02,MONTEREY,Pass,1,1,0,0,1
MONTEREY,Indoor Pool,2025-12-10,MONTEREY,Pass,0,0,0,0,0
MONTEREY,Indoor Pool,2026-07-30,MONTEREY,Pass,1,1,0,0,1
MONTEREY,Spa Indoor,2024-09-03,MONTEREY,Conditional Pass,1,0,1,0,1
MONTEREY,Spa Indoor,2024-09-04,MONTEREY,Pass,0,0,0,0,0
MONTEREY,Spa Indoor,2024-11-08,MONTEREY,Pass,0,0,0,0,0
MONTEREY,Spa Indoor,2025-02-07,MONTEREY,Pass,1,1,0,0,1
MONTEREY,Spa Indoor,2025-06-11,MONTEREY,Conditional Pass,3,1,0,2,3
MONTEREY,Spa Indoor,2025-06-25,MONTEREY,Pass,0,0,0,0,0
MONTEREY,Spa Indoor,2025-09-22,MONTEREY,Pass,1,1,0,0,1
MONTEREY,Spa Indoor,2026-02-27,MONTEREY,Pass,0,0,0,0,0
MONTEREY,Spa Indoor,2026-05-20,MONTEREY,Pass,0,0,0,0,0
MONTEREY,Spa Indoor,2026-07-30,MONTEREY,Pass,0,0,0,0,0
MONTGOMERY MILLS RECREATION CENTRE,Indoor Pool,2024-09-30,MONTGOMERY MILLS,Pass,0,0,0,0,0
MONTGOMERY MILLS RECREATION CENTRE,Indoor Pool,2025-01-27,MONTGOMERY MILLS,Pass,0,0,0,0,0
MONTGOMERY MILLS RECREATION CENTRE,Indoor Pool,2025-06-04,MONTGOMERY MILLS,Pass,0,0,0,0,0
MONTGOMERY MILLS RECREATION CENTRE,Indoor Pool,2025-09-29,MONTGOMERY MILLS,Pass,0,0,0,0,0
MONTGOMERY MILLS RECREATION CENTRE,Indoor Pool,2025-12-23,MONTGOMERY MILLS,Pass,0,0,0,0,0
MONTGOMERY MILLS RECREATION CENTRE,Indoor Pool,2026-03-26,MONTGOMERY MILLS,Pass,0,0,0,0,0
MONTGOMERY MILLS RECREATION CENTRE,Indoor Pool,2026-06-10,MONTGOMERY MILLS,Pass,0,0,0,0,0
MTCC #594,Spa Indoor,2025-04-01,360 ON BLOOR,Pass,0,0,0,0,0
MTCC #594,Spa Indoor,2025-07-10,360 ON BLOOR,Pass,3,3,0,0,2
MTCC #594,Spa Indoor,2025-09-22,360 ON BLOOR,Pass,1,1,0,0,1
MTCC #594,Spa Indoor,2025-12-16,360 ON BLOOR,Pass,0,0,0,0,0
MTCC #594,Spa Indoor,2026-03-11,360 ON BLOOR,Pass,1,1,0,0,1
MTCC #594,Spa Indoor,2026-06-19,360 ON BLOOR,Pass,1,1,0,0,1
"MTCC #594 ""360""",Indoor Pool,2025-04-01,360 ON BLOOR,Pass,0,0,0,0,0
"MTCC #594 ""360""",Indoor Pool,2025-07-10,360 ON BLOOR,Pass,3,3,0,0,2
"MTCC #594 ""360""",Indoor Pool,2025-09-22,360 ON BLOOR,Pass,0,0,0,0,0
"MTCC #594 ""360""",Indoor Pool,2025-12-16,360 ON BLOOR,Pass,1,1,0,0,1
"MTCC #594 ""360""",Indoor Pool,2026-03-11,360 ON BLOOR,Pass,1,1,0,0,1
"MTCC #594 ""360""",Indoor Pool,2026-06-19,360 ON BLOOR,Pass,2,2,0,0,1
MTCC #633,Indoor Pool,2024-07-26,1132 BAY ST,Closed,3,0,0,3,3
MTCC #633,Indoor Pool,2024-09-10,1132 BAY ST,Pass,1,1,0,0,1
MTCC #633,Indoor Pool,2024-12-16,1132 BAY ST,Pass,1,1,0,0,1
MTCC #633,Indoor Pool,2025-03-17,1132 BAY ST,Pass,1,1,0,0,1
MTCC #633,Indoor Pool,2025-06-04,1132 BAY ST,Pass,0,0,0,0,0
MTCC #633,Indoor Pool,2025-09-02,1132 BAY ST,Pass,0,0,0,0,0
MTCC #633,Indoor Pool,2025-12-03,1132 BAY ST,Pass,1,1,0,0,1
MTCC #633,Indoor Pool,2026-03-10,1132 BAY ST,Pass,0,0,0,0,0
MTCC #633,Indoor Pool,2026-06-11,1132 BAY ST,Pass,0,0,0,0,0
"MTCC #646, NORTH POOL",Indoor Pool,2024-09-20,70 ROSEHILL AVE,Pass,2,2,0,0,1
"MTCC #646, NORTH POOL",Indoor Pool,2024-12-30,70 ROSEHILL AVE,Pass,1,1,0,0,1
"MTCC #646, NORTH POOL",Indoor Pool,2025-02-21,70 ROSEHILL AVE,Pass,1,1,0,0,1
"MTCC #646, NORTH POOL",Indoor Pool,2025-05-16,70 ROSEHILL AVE,Pass,4,4,0,0,1
"MTCC #646, NORTH POOL",Indoor Pool,2025-09-10,70 ROSEHILL AVE,Pass,0,0,0,0,0
"MTCC #646, NORTH POOL",Indoor Pool,2025-12-01,70 ROSEHILL AVE,Pass,1,1,0,0,1
"MTCC #646, NORTH POOL",Indoor Pool,2026-03-26,70 ROSEHILL AVE,Pass,1,0,1,0,1
"MTCC #646, NORTH POOL",Indoor Pool,2026-05-28,70 ROSEHILL AVE,Pass,0,0,0,0,0
MTCC #905 - L'ESPRIT CONDOMINIUMS,Spa Indoor,2024-09-24,15 MAITLAND PL,Pass,0,0,0,0,0
MTCC #905 - L'ESPRIT CONDOMINIUMS,Spa Indoor,2024-12-18,15 MAITLAND PL,Pass,2,2,0,0,2
MTCC #905 - L'ESPRIT CONDOMINIUMS,Spa Indoor,2025-03-20,15 MAITLAND PL,Pass,2,2,0,0,1
MTCC #905 - L'ESPRIT CONDOMINIUMS,Spa Indoor,2025-06-05,15 MAITLAND PL,Pass,1,1,0,0,1
MTCC #905 - L'ESPRIT CONDOMINIUMS,Spa Indoor,2025-11-10,15 MAITLAND PL,Pass,1,1,0,0,1
MTCC #905 - L'ESPRIT CONDOMINIUMS,Spa Indoor,2026-06-22,15 MAITLAND PL,Pass,1,1,0,0,1
MTCC - 1397 TYPE B OUTDOOR POOL,Outdoor Pool,2025-07-25,123 EGLINTON AVE EAST,Pass,0,0,0,0,0
MTCC - 1397 TYPE B OUTDOOR POOL,Outdoor Pool,2026-05-13,123 EGLINTON AVE EAST,Pass,4,3,1,0,2
MTCC 1085,Spa Indoor,2024-08-07,HAYTER ST DEVELOPMENTS 2ND FLOOR CONDOMINIUM,Conditional Pass,2,1,0,1,1
MTCC 1085,Spa Indoor,2024-08-22,HAYTER ST DEVELOPMENTS 2ND FLOOR CONDOMINIUM,Pass,0,0,0,0,0
MTCC 1085,Spa Indoor,2024-11-05,HAYTER ST DEVELOPMENTS 2ND FLOOR CONDOMINIUM,Conditional Pass,2,1,0,1,1
MTCC 1085,Spa Indoor,2024-12-05,HAYTER ST DEVELOPMENTS 2ND FLOOR CONDOMINIUM,Pass,0,0,0,0,0
MTCC 1085,Spa Indoor,2025-03-14,HAYTER ST DEVELOPMENTS 2ND FLOOR CONDOMINIUM,Pass,0,0,0,0,0
MTCC 1085,Spa Indoor,2025-05-09,HAYTER ST DEVELOPMENTS 2ND FLOOR CONDOMINIUM,Pass,0,0,0,0,0
MTCC 1085,Spa Indoor,2025-09-10,HAYTER ST DEVELOPMENTS 2ND FLOOR CONDOMINIUM,Pass,0,0,0,0,0
MTCC 1085,Spa Indoor,2025-12-30,HAYTER ST DEVELOPMENTS 2ND FLOOR CONDOMINIUM,Closed,3,1,0,2,3
MTCC 1085,Spa Indoor,2026-04-22,HAYTER ST DEVELOPMENTS 2ND FLOOR CONDOMINIUM,Pass,0,0,0,0,0
MTCC 606,Spa Indoor,2024-07-15,757 VICTORIA PARK AVE,Pass,3,2,1,0,2
MTCC 606,Spa Indoor,2024-10-07,757 VICTORIA PARK AVE,Conditional Pass,4,2,2,0,2
MTCC 606,Spa Indoor,2024-10-09,757 VICTORIA PARK AVE,Conditional Pass,2,1,1,0,1
MTCC 606,Spa Indoor,2024-10-21,757 VICTORIA PARK AVE,Pass,0,0,0,0,0
MTCC 606,Spa Indoor,2025-01-06,757 VICTORIA PARK AVE,Pass,0,0,0,0,0
MTCC 606,Spa Indoor,2025-04-10,757 VICTORIA PARK AVE,Pass,2,2,0,0,2
MTCC 606,Spa Indoor,2025-09-05,757 VICTORIA PARK AVE,Closed,4,2,0,2,4
MTCC 606,Spa Indoor,2025-09-11,757 VICTORIA PARK AVE,Pass,0,0,0,0,0
MTCC 606,Spa Indoor,2025-11-05,757 VICTORIA PARK AVE,Conditional Pass,3,1,1,1,1
MTCC 606,Spa Indoor,2025-11-07,757 VICTORIA PARK AVE,Pass,0,0,0,0,0
MTCC 606,Spa Indoor,2026-02-26,757 VICTORIA PARK AVE,Pass,3,3,0,0,2
MTCC 606,Spa Indoor,2026-05-25,757 VICTORIA PARK AVE,Pass,2,2,0,0,2
MTCC 606,Spa Indoor,2026-09-21,757 VICTORIA PARK AVE,Pass,2,2,0,0,2
MTCC 606 - INDOOR POOL,Indoor Pool,2024-07-15,757 VICTORIA PARK AVE,Pass,2,2,0,0,2
MTCC 606 - INDOOR POOL,Indoor Pool,2024-10-07,757 VICTORIA PARK AVE,Conditional Pass,3,1,2,0,2
MTCC 606 - INDOOR POOL,Indoor Pool,2024-10-09,757 VICTORIA PARK AVE,Pass,0,0,0,0,0
MTCC 606 - INDOOR POOL,Indoor Pool,2025-01-06,757 VICTORIA PARK AVE,Pass,1,1,0,0,1
MTCC 606 - INDOOR POOL,Indoor Pool,2025-04-10,757 VICTORIA PARK AVE,Pass,2,2,0,0,2
MTCC 606 - INDOOR POOL,Indoor Pool,2025-09-05,757 VICTORIA PARK AVE,Closed,6,2,1,3,4
MTCC 606 - INDOOR POOL,Indoor Pool,2025-09-11,757 VICTORIA PARK AVE,Pass,1,1,0,0,1
MTCC 606 - INDOOR POOL,Indoor Pool,2025-11-05,757 VICTORIA PARK AVE,Pass,1,1,0,0,1
MTCC 606 - INDOOR POOL,Indoor Pool,2026-02-26,757 VICTORIA PARK AVE,Pass,3,3,0,0,2
MTCC 606 - INDOOR POOL,Indoor Pool,2026-05-25,757 VICTORIA PARK AVE,Pass,3,3,0,0,1
MTCC 606 - INDOOR POOL,Indoor Pool,2026-09-21,757 VICTORIA PARK AVE,Pass,1,1,0,0,1
MTCC 757,Spa Outdoor,2025-05-09,95 PRINCE ARTHUR AVE,Pass,0,0,0,0,0
MTCC 757,Spa Outdoor,2025-08-06,95 PRINCE ARTHUR AVE,Pass,0,0,0,0,0
MTCC 757,Spa Outdoor,2026-06-24,95 PRINCE ARTHUR AVE,Pass,0,0,0,0,0
MTCC 798,Spa Outdoor,2025-06-11,MTCC 798,Conditional Pass,2,0,1,1,2
MTCC 798,Spa Outdoor,2025-08-19,MTCC 798,Pass,0,0,0,0,0
MTCC 798,Spa Outdoor,2026-07-31,MTCC 798,Pass,0,0,0,0,0
MTCC 970,Outdoor Pool,2024-09-03,3311 KINGSTON RD,Pass,0,0,0,0,0
MTCC 970,Outdoor Pool,2025-06-23,3311 KINGSTON RD,Pass,0,0,0,0,0
MTCC 970,Outdoor Pool,2025-09-03,3311 KINGSTON RD,Pass,0,0,0,0,0
MTCC 970,Outdoor Pool,2026-09-04,3311 KINGSTON RD,Pass,1,0,1,0,1
MTHA #609,Outdoor Pool,2024-07-09,609 THE EAST MALL,Pass,3,3,0,0,3
MTHA #609,Outdoor Pool,2025-07-07,609 THE EAST MALL,Conditional Pass,4,2,0,2,2
MTHA #609,Outdoor Pool,2025-08-18,609 THE EAST MALL,Pass,0,0,0,0,0
MTHA #609,Outdoor Pool,2026-07-30,609 THE EAST MALL,Conditional Pass,8,6,0,2,4
MTHA #609,Outdoor Pool,2026-08-28,609 THE EAST MALL,Pass,0,0,0,0,0
MURANO,Indoor Pool,2024-07-10,MURANO,Pass,0,0,0,0,0
MURANO,Indoor Pool,2024-10-16,MURANO,Pass,0,0,0,0,0
MURANO,Indoor Pool,2025-02-14,MURANO,Pass,0,0,0,0,0
MURANO,Indoor Pool,2025-06-19,MURANO,Pass,0,0,0,0,0
MURANO,Indoor Pool,2025-10-28,MURANO,Conditional Pass,3,2,0,1,2
MURANO,Indoor Pool,2025-11-24,MURANO,Pass,0,0,0,0,0
MURANO,Indoor Pool,2026-03-17,MURANO,Pass,1,1,0,0,1
MURANO,Indoor Pool,2026-06-22,MURANO,Pass,0,0,0,0,0
MURANO SPA,Spa Indoor,2024-07-10,MURANO,Pass,0,0,0,0,0
MURANO SPA,Spa Indoor,2024-10-16,MURANO,Pass,0,0,0,0,0
MURANO SPA,Spa Indoor,2025-02-14,MURANO,Pass,0,0,0,0,0
MURANO SPA,Spa Indoor,2025-06-19,MURANO,Pass,0,0,0,0,0
MURANO SPA,Spa Indoor,2025-10-28,MURANO,Conditional Pass,2,1,0,1,2
MURANO SPA,Spa Indoor,2025-11-24,MURANO,Pass,0,0,0,0,0
MURANO SPA,Spa Indoor,2026-03-17,MURANO,Pass,0,0,0,0,0
MURANO SPA,Spa Indoor,2026-06-22,MURANO,Pass,0,0,0,0,0
MUSEE - CLASS B OUTDOOR,Outdoor Pool,2024-08-12,MUSEE - POOL,Pass,0,0,0,0,0
MUSEE - CLASS B OUTDOOR,Outdoor Pool,2025-07-14,MUSEE - POOL,Closed,3,1,0,2,3
MUSEE - CLASS B OUTDOOR,Outdoor Pool,2025-07-15,MUSEE - POOL,Conditional Pass,1,0,0,1,1
MUSEE - CLASS B OUTDOOR,Outdoor Pool,2025-08-12,MUSEE - POOL,Pass,0,0,0,0,0
MUSEE - CLASS B OUTDOOR,Outdoor Pool,2026-08-06,MUSEE - POOL,Closed,2,0,0,2,2
MUSEE - CLASS B OUTDOOR,Outdoor Pool,2026-08-10,MUSEE - POOL,Pass,0,0,0,0,0
MUSEE - SPA 1 (NORTH),Spa Outdoor,2024-08-12,MUSEE - POOL,Pass,1,1,0,0,1
MUSEE - SPA 1 (NORTH),Spa Outdoor,2025-07-15,MUSEE - POOL,Pass,0,0,0,0,0
MUSEE - SPA 1 (NORTH),Spa Outdoor,2026-08-06,MUSEE - POOL,Closed,2,0,0,2,2
MUSEE - SPA 1 (NORTH),Spa Outdoor,2026-08-10,MUSEE - POOL,Pass,0,0,0,0,0
MUSEE - SPA 2 (SOUTH),Spa Outdoor,2024-08-12,MUSEE - POOL,Pass,0,0,0,0,0
MUSEE - SPA 2 (SOUTH),Spa Outdoor,2025-08-12,MUSEE - POOL,Pass,0,0,0,0,0
MUSEE - SPA 2 (SOUTH),Spa Outdoor,2026-08-06,MUSEE - POOL,Closed,2,0,0,2,2
MUSEE - SPA 2 (SOUTH),Spa Outdoor,2026-08-10,MUSEE - POOL,Pass,0,0,0,0,0
NAUTILUS AT WATERVIEW,Indoor Pool,2024-09-09,NAUTILUS AT WATERVIEW,Pass,0,0,0,0,0
NAUTILUS AT WATERVIEW,Indoor Pool,2024-12-05,NAUTILUS AT WATERVIEW,Pass,0,0,0,0,0
NAUTILUS AT WATERVIEW,Indoor Pool,2025-02-20,NAUTILUS AT WATERVIEW,Pass,0,0,0,0,0
NAUTILUS AT WATERVIEW,Indoor Pool,2025-06-24,NAUTILUS AT WATERVIEW,Pass,0,0,0,0,0
NAUTILUS AT WATERVIEW,Indoor Pool,2025-11-05,NAUTILUS AT WATERVIEW,Pass,0,0,0,0,0
NAUTILUS AT WATERVIEW,Indoor Pool,2026-03-10,NAUTILUS AT WATERVIEW,Closed,1,0,0,1,1
NAUTILUS AT WATERVIEW,Indoor Pool,2026-03-26,NAUTILUS AT WATERVIEW,Pass,0,0,0,0,0
NAUTILUS AT WATERVIEW,Indoor Pool,2026-05-08,NAUTILUS AT WATERVIEW,Pass,0,0,0,0,0
NAUTILUS AT WATERVIEW,Indoor Pool,2026-07-23,NAUTILUS AT WATERVIEW,Pass,0,0,0,0,0
NEPTUNE   CONDOMINIUMS,Indoor Pool,2024-09-19,215 FORT YORK,Pass,0,0,0,0,0
NEPTUNE   CONDOMINIUMS,Indoor Pool,2024-11-13,215 FORT YORK,Pass,0,0,0,0,0
NEPTUNE   CONDOMINIUMS,Indoor Pool,2025-02-04,215 FORT YORK,Pass,0,0,0,0,0
NEPTUNE   CONDOMINIUMS,Indoor Pool,2025-05-06,215 FORT YORK,Pass,0,0,0,0,0
NEPTUNE   CONDOMINIUMS,Indoor Pool,2025-09-26,215 FORT YORK,Pass,0,0,0,0,0
NEPTUNE   CONDOMINIUMS,Indoor Pool,2025-12-10,215 FORT YORK,Conditional Pass,1,0,1,0,1
NEPTUNE   CONDOMINIUMS,Indoor Pool,2025-12-19,215 FORT YORK,Pass,0,0,0,0,0
NEPTUNE   CONDOMINIUMS,Indoor Pool,2026-02-24,215 FORT YORK,Pass,0,0,0,0,0
NEPTUNE   CONDOMINIUMS,Indoor Pool,2026-05-21,215 FORT YORK,Pass,0,0,0,0,0
NEPTUNE CONDOMINIUMS,Spa Indoor,2024-09-19,215 FORT YORK,Pass,0,0,0,0,0
NEPTUNE CONDOMINIUMS,Spa Indoor,2024-11-13,215 FORT YORK,Pass,0,0,0,0,0
NEPTUNE CONDOMINIUMS,Spa Indoor,2025-02-20,215 FORT YORK,Pass,0,0,0,0,0
NEPTUNE CONDOMINIUMS,Spa Indoor,2025-05-06,215 FORT YORK,Pass,0,0,0,0,0
NEPTUNE CONDOMINIUMS,Spa Indoor,2025-09-26,215 FORT YORK,Closed,3,1,1,1,3
NEPTUNE CONDOMINIUMS,Spa Indoor,2025-10-07,215 FORT YORK,Pass,0,0,0,0,0
NEPTUNE CONDOMINIUMS,Spa Indoor,2025-12-10,215 FORT YORK,Closed,5,0,1,4,3
NEPTUNE CONDOMINIUMS,Spa Indoor,2025-12-19,215 FORT YORK,Pass,0,0,0,0,0
NEPTUNE CONDOMINIUMS,Spa Indoor,2026-02-24,215 FORT YORK,Pass,0,0,0,0,0
NEPTUNE CONDOMINIUMS,Spa Indoor,2026-05-21,215 FORT YORK,Pass,0,0,0,0,0
NEPTUNE TOWERS POOL,Outdoor Pool,2024-07-18,NEPTUNE TOWERS,Conditional Pass,8,6,1,1,4
NEPTUNE TOWERS POOL,Outdoor Pool,2024-08-14,NEPTUNE TOWERS,Closed,2,0,0,2,2
NEPTUNE TOWERS POOL,Outdoor Pool,2024-08-16,NEPTUNE TOWERS,Pass,0,0,0,0,0
NEPTUNE TOWERS POOL,Outdoor Pool,2025-07-16,NEPTUNE TOWERS,Conditional Pass,11,5,2,4,6
NEPTUNE TOWERS POOL,Outdoor Pool,2025-08-06,NEPTUNE TOWERS,Pass,1,1,0,0,1
NEPTUNE TOWERS POOL,Outdoor Pool,2026-07-27,NEPTUNE TOWERS,Conditional Pass,9,5,0,4,5
NETWORK LOFTS,Spa Indoor,2024-10-11,NETWORK LOFTS,Pass,0,0,0,0,0
NETWORK LOFTS,Spa Indoor,2025-02-18,NETWORK LOFTS,Pass,0,0,0,0,0
NETWORK LOFTS,Spa Indoor,2025-06-27,NETWORK LOFTS,Pass,0,0,0,0,0
NETWORK LOFTS,Spa Indoor,2025-12-16,NETWORK LOFTS,Pass,0,0,0,0,0
NETWORK LOFTS,Spa Indoor,2026-03-31,NETWORK LOFTS,Pass,0,0,0,0,0
NETWORK LOFTS,Spa Indoor,2026-06-09,NETWORK LOFTS,Pass,0,0,0,0,0
NETWORK LOFTS,Spa Indoor,2026-07-15,NETWORK LOFTS,Pass,3,3,0,0,1
NEW SPADINA GARMENT CORP.,Outdoor Pool,2024-08-08,3561 EGLINTON AVE W,Conditional Pass,5,2,1,2,4
NEW SPADINA GARMENT CORP.,Outdoor Pool,2024-08-16,3561 EGLINTON AVE W,Pass,1,1,0,0,1
NEW SPADINA GARMENT CORP.,Outdoor Pool,2025-07-04,3561 EGLINTON AVE W,Pass,1,1,0,0,1
NEW SPADINA GARMENT CORP.,Outdoor Pool,2026-08-04,3561 EGLINTON AVE W,Conditional Pass,8,3,1,4,4
NEW SPADINA GARMENT CORP.,Outdoor Pool,2026-08-12,3561 EGLINTON AVE W,Conditional Pass,4,1,1,2,3
NEW SPADINA GARMENT CORP.,Outdoor Pool,2026-08-27,3561 EGLINTON AVE W,Pass,0,0,0,0,0
NO NAME,Outdoor Pool,2024-08-07,TSCC 2538,Pass,0,0,0,0,0
NO NAME,Outdoor Pool,2025-06-05,TSCC 2538,Pass,2,2,0,0,2
NO NAME,Outdoor Pool,2025-06-17,TSCC 2538,Pass,0,0,0,0,0
NO NAME,Outdoor Pool,2025-09-17,TSCC 2538,Conditional Pass,3,1,0,2,2
NO NAME,Outdoor Pool,2026-06-11,TSCC 2538,Pass,0,0,0,0,0
NO. 10 BELLAIR SPA,Spa Indoor,2024-08-29,10 BELLAIR,Conditional Pass,3,2,1,0,2
NO. 10 BELLAIR SPA,Spa Indoor,2024-08-30,10 BELLAIR,Pass,0,0,0,0,0
NO. 10 BELLAIR SPA,Spa Indoor,2024-11-27,10 BELLAIR,Pass,0,0,0,0,0
NO. 10 BELLAIR SPA,Spa Indoor,2025-03-27,10 BELLAIR,Pass,0,0,0,0,0
NO. 10 BELLAIR SPA,Spa Indoor,2025-06-27,10 BELLAIR,Pass,0,0,0,0,0
NO. 10 BELLAIR SPA,Spa Indoor,2025-09-26,10 BELLAIR,Pass,0,0,0,0,0
NO. 10 BELLAIR SPA,Spa Indoor,2025-12-12,10 BELLAIR,Pass,0,0,0,0,0
NO. 10 BELLAIR SPA,Spa Indoor,2026-03-30,10 BELLAIR,Pass,0,0,0,0,0
NO. 10 BELLAIR SPA,Spa Indoor,2026-06-29,10 BELLAIR,Pass,1,0,1,0,1
"NO. 10 BELLAIR, SWIMMING POOL.",Indoor Pool,2024-08-29,10 BELLAIR,Pass,1,1,0,0,1
"NO. 10 BELLAIR, SWIMMING POOL.",Indoor Pool,2024-11-27,10 BELLAIR,Pass,1,0,1,0,1
"NO. 10 BELLAIR, SWIMMING POOL.",Indoor Pool,2025-03-27,10 BELLAIR,Pass,0,0,0,0,0
"NO. 10 BELLAIR, SWIMMING POOL.",Indoor Pool,2025-06-27,10 BELLAIR,Pass,0,0,0,0,0
"NO. 10 BELLAIR, SWIMMING POOL.",Indoor Pool,2025-09-26,10 BELLAIR,Pass,0,0,0,0,0
"NO. 10 BELLAIR, SWIMMING POOL.",Indoor Pool,2025-12-12,10 BELLAIR,Pass,0,0,0,0,0
"NO. 10 BELLAIR, SWIMMING POOL.",Indoor Pool,2026-03-30,10 BELLAIR,Pass,0,0,0,0,0
"NO. 10 BELLAIR, SWIMMING POOL.",Indoor Pool,2026-06-29,10 BELLAIR,Pass,0,0,0,0,0
NORSEMAN COMMUNITY POOL,Indoor Pool,2024-08-27,NORSEMAN COMMUNITY POOL,Pass,1,1,0,0,1
NORSEMAN COMMUNITY POOL,Indoor Pool,2024-12-12,NORSEMAN COMMUNITY POOL,Pass,0,0,0,0,0
NORSEMAN COMMUNITY POOL,Indoor Pool,2025-03-10,NORSEMAN COMMUNITY POOL,Pass,0,0,0,0,0
NORSEMAN COMMUNITY POOL,Indoor Pool,2025-06-10,NORSEMAN COMMUNITY POOL,Pass,0,0,0,0,0
NORSEMAN COMMUNITY POOL,Indoor Pool,2025-09-18,NORSEMAN COMMUNITY POOL,Pass,0,0,0,0,0
NORSEMAN COMMUNITY POOL,Indoor Pool,2025-12-16,NORSEMAN COMMUNITY POOL,Pass,0,0,0,0,0
NORSEMAN COMMUNITY POOL,Indoor Pool,2026-01-20,NORSEMAN COMMUNITY POOL,Pass,0,0,0,0,0
NORSEMAN COMMUNITY POOL,Indoor Pool,2026-05-01,NORSEMAN COMMUNITY POOL,Pass,0,0,0,0,0
NORSEMAN COMMUNITY POOL,Indoor Pool,2026-07-22,NORSEMAN COMMUNITY POOL,Pass,0,0,0,0,0
NORTH EDGE,Indoor Pool,2024-09-23,CARRIAGE HILL,Conditional Pass,1,0,0,1,1
NORTH EDGE,Indoor Pool,2024-10-17,CARRIAGE HILL,Pass,0,0,0,0,0
NORTH EDGE,Indoor Pool,2025-01-14,CARRIAGE HILL,Pass,0,0,0,0,0
NORTH EDGE,Indoor Pool,2025-04-28,CARRIAGE HILL,Pass,3,2,1,0,3
NORTH EDGE,Indoor Pool,2025-09-04,CARRIAGE HILL,Pass,6,6,0,0,3
NORTH EDGE,Indoor Pool,2025-12-16,CARRIAGE HILL,Pass,0,0,0,0,0
NORTH EDGE,Indoor Pool,2026-03-06,CARRIAGE HILL,Pass,0,0,0,0,0
NORTH EDGE,Indoor Pool,2026-06-02,CARRIAGE HILL,Pass,0,0,0,0,0
NORTH TORONTO CHRISTIAN SCHOOL,Indoor Pool,2024-09-10,NORTH TORONTO CHRISTIAN SCHOOL,Pass,1,1,0,0,1
NORTH TORONTO CHRISTIAN SCHOOL,Indoor Pool,2024-12-11,NORTH TORONTO CHRISTIAN SCHOOL,Pass,0,0,0,0,0
NORTH TORONTO CHRISTIAN SCHOOL,Indoor Pool,2025-03-31,NORTH TORONTO CHRISTIAN SCHOOL,Pass,2,2,0,0,2
NORTH TORONTO CHRISTIAN SCHOOL,Indoor Pool,2025-06-27,NORTH TORONTO CHRISTIAN SCHOOL,Conditional Pass,2,0,1,1,2
NORTH TORONTO CHRISTIAN SCHOOL,Indoor Pool,2025-08-25,NORTH TORONTO CHRISTIAN SCHOOL,Pass,0,0,0,0,0
NORTH TORONTO CHRISTIAN SCHOOL,Indoor Pool,2026-02-26,NORTH TORONTO CHRISTIAN SCHOOL,Pass,2,2,0,0,2
NORTH TORONTO CHRISTIAN SCHOOL,Indoor Pool,2026-04-17,NORTH TORONTO CHRISTIAN SCHOOL,Pass,3,3,0,0,2
NORTH TORONTO MEMORIAL COMMUNITY CENTRE - OUTDOOR POOL,Outdoor Pool,2025-07-18,NORTH TORONTO MEMORIAL COMMUNITY CENTRE,Pass,0,0,0,0,0
NORTH TORONTO MEMORIAL COMMUNITY CENTRE - OUTDOOR POOL,Outdoor Pool,2026-07-15,NORTH TORONTO MEMORIAL COMMUNITY CENTRE,Pass,0,0,0,0,0
NORTH TORONTO MEMORIAL COMMUNITY CENTRE INDOOR,Indoor Pool,2024-09-18,NORTH TORONTO MEMORIAL COMMUNITY CENTRE,Pass,0,0,0,0,0
NORTH TORONTO MEMORIAL COMMUNITY CENTRE INDOOR,Indoor Pool,2024-11-12,NORTH TORONTO MEMORIAL COMMUNITY CENTRE,Pass,0,0,0,0,0
NORTH TORONTO MEMORIAL COMMUNITY CENTRE INDOOR,Indoor Pool,2025-03-20,NORTH TORONTO MEMORIAL COMMUNITY CENTRE,Pass,0,0,0,0,0
NORTH TORONTO MEMORIAL COMMUNITY CENTRE INDOOR,Indoor Pool,2025-05-29,NORTH TORONTO MEMORIAL COMMUNITY CENTRE,Pass,3,2,1,0,3
NORTH TORONTO MEMORIAL COMMUNITY CENTRE INDOOR,Indoor Pool,2025-07-18,NORTH TORONTO MEMORIAL COMMUNITY CENTRE,Pass,0,0,0,0,0
NORTH TORONTO MEMORIAL COMMUNITY CENTRE INDOOR,Indoor Pool,2025-11-12,NORTH TORONTO MEMORIAL COMMUNITY CENTRE,Pass,0,0,0,0,0
NORTH TORONTO MEMORIAL COMMUNITY CENTRE INDOOR,Indoor Pool,2026-02-23,NORTH TORONTO MEMORIAL COMMUNITY CENTRE,Pass,0,0,0,0,0
NORTH TORONTO MEMORIAL COMMUNITY CENTRE INDOOR,Indoor Pool,2026-05-08,NORTH TORONTO MEMORIAL COMMUNITY CENTRE,Pass,0,0,0,0,0
NORTHBORO HEIGHTS,Outdoor Pool,2024-08-27,STARLIGHT INVESTMENTS,Conditional Pass,2,0,2,0,2
NORTHBORO HEIGHTS,Outdoor Pool,2025-07-14,STARLIGHT INVESTMENTS,Conditional Pass,4,1,1,2,4
NORTHBORO HEIGHTS,Outdoor Pool,2025-07-22,STARLIGHT INVESTMENTS,Pass,1,1,0,0,1
NORTHBORO HEIGHTS,Outdoor Pool,2026-08-31,STARLIGHT INVESTMENTS,Pass,3,3,0,0,2
NORTHERN SECONDARY SCHOOL,Indoor Pool,2024-09-18,NORTHERN SECONDARY SCHOOL,Pass,0,0,0,0,0
NORTHERN SECONDARY SCHOOL,Indoor Pool,2024-11-28,NORTHERN SECONDARY SCHOOL,Pass,2,2,0,0,1
NORTHERN SECONDARY SCHOOL,Indoor Pool,2025-02-11,NORTHERN SECONDARY SCHOOL,Pass,5,5,0,0,3
NORTHERN SECONDARY SCHOOL,Indoor Pool,2025-10-09,NORTHERN SECONDARY SCHOOL,Pass,1,1,0,0,1
NORTHERN SECONDARY SCHOOL,Indoor Pool,2026-01-09,NORTHERN SECONDARY SCHOOL,Pass,0,0,0,0,0
NORTHERN SECONDARY SCHOOL,Indoor Pool,2026-04-08,NORTHERN SECONDARY SCHOOL,Pass,3,2,1,0,2
NORTHVIEW HEIGHTS SECONDARY POOL,Indoor Pool,2026-08-10,NORTHVIEW HEIGHTS SENIOR SECONDARY POOL,Pass,4,4,0,0,3
NORTHWOOD COMMUNITY SWIMMING POOL,Outdoor Pool,2024-07-31,NORTHWOOD COMMUNITY SWIMMING POOL,Pass,3,3,0,0,3
NORTHWOOD COMMUNITY SWIMMING POOL,Outdoor Pool,2025-07-07,NORTHWOOD COMMUNITY SWIMMING POOL,Pass,1,1,0,0,1
NORTHWOOD COMMUNITY SWIMMING POOL,Outdoor Pool,2026-07-06,NORTHWOOD COMMUNITY SWIMMING POOL,Pass,1,1,0,0,1
NOVOTEL NORTH YORK INDOOR POOL,Indoor Pool,2025-01-03,NOVOTEL NORTH YORK,Pass,1,1,0,0,1
NOVOTEL NORTH YORK INDOOR POOL,Indoor Pool,2025-04-08,NOVOTEL NORTH YORK,Pass,0,0,0,0,0
NOVOTEL NORTH YORK INDOOR POOL,Indoor Pool,2025-08-01,NOVOTEL NORTH YORK,Pass,0,0,0,0,0
NOVOTEL NORTH YORK INDOOR POOL,Indoor Pool,2025-11-13,NOVOTEL NORTH YORK,Pass,0,0,0,0,0
NOVOTEL NORTH YORK INDOOR POOL,Indoor Pool,2026-02-09,NOVOTEL NORTH YORK,Pass,0,0,0,0,0
NOVOTEL NORTH YORK INDOOR POOL,Indoor Pool,2026-06-03,NOVOTEL NORTH YORK,Pass,0,0,0,0,0
NOVOTEL TORONTO CENTRE,Indoor Pool,2024-08-06,NOVOTEL TORONTO CENTRE,Pass,1,1,0,0,1
NOVOTEL TORONTO CENTRE,Indoor Pool,2024-10-30,NOVOTEL TORONTO CENTRE,Pass,0,0,0,0,0
NOVOTEL TORONTO CENTRE,Indoor Pool,2025-01-09,NOVOTEL TORONTO CENTRE,Pass,0,0,0,0,0
NOVOTEL TORONTO CENTRE,Indoor Pool,2025-04-16,NOVOTEL TORONTO CENTRE,Pass,1,1,0,0,1
NOVOTEL TORONTO CENTRE,Indoor Pool,2025-08-13,NOVOTEL TORONTO CENTRE,Pass,0,0,0,0,0
NOVOTEL TORONTO CENTRE,Indoor Pool,2025-10-27,NOVOTEL TORONTO CENTRE,Pass,0,0,0,0,0
NOVOTEL TORONTO CENTRE,Indoor Pool,2026-01-14,NOVOTEL TORONTO CENTRE,Pass,0,0,0,0,0
NOVOTEL TORONTO CENTRE,Indoor Pool,2026-04-21,NOVOTEL TORONTO CENTRE,Pass,0,0,0,0,0
NOVOTEL TORONTO CENTRE,Indoor Pool,2026-07-15,NOVOTEL TORONTO CENTRE,Pass,0,0,0,0,0
NOVOTEL TORONTO CENTRE,Spa Indoor,2024-08-06,NOVOTEL TORONTO CENTRE,Pass,1,1,0,0,1
NUMBER ONE YORK QUAY,Indoor Pool,2024-08-29,NUMBER ONE YORK QUAY,Pass,0,0,0,0,0
NUMBER ONE YORK QUAY,Indoor Pool,2024-11-13,NUMBER ONE YORK QUAY,Pass,0,0,0,0,0
NUMBER ONE YORK QUAY,Indoor Pool,2025-03-05,NUMBER ONE YORK QUAY,Pass,1,0,1,0,1
NUMBER ONE YORK QUAY,Indoor Pool,2025-05-14,NUMBER ONE YORK QUAY,Pass,1,1,0,0,1
NUMBER ONE YORK QUAY,Indoor Pool,2026-02-04,NUMBER ONE YORK QUAY,Pass,0,0,0,0,0
NUMBER ONE YORK QUAY,Indoor Pool,2026-04-23,NUMBER ONE YORK QUAY,Pass,0,0,0,0,0
NUMBER ONE YORK QUAY,Indoor Pool,2026-08-06,NUMBER ONE YORK QUAY,Pass,0,0,0,0,0
NUMBER ONE YORK QUAY,Spa Indoor,2024-08-27,NUMBER ONE YORK QUAY,Pass,0,0,0,0,0
NUMBER ONE YORK QUAY,Spa Indoor,2025-02-19,NUMBER ONE YORK QUAY,Conditional Pass,1,0,1,0,1
NUMBER ONE YORK QUAY,Spa Indoor,2025-03-05,NUMBER ONE YORK QUAY,Pass,0,0,0,0,0
NUMBER ONE YORK QUAY,Spa Indoor,2025-05-14,NUMBER ONE YORK QUAY,Pass,1,0,1,0,1
NUMBER ONE YORK QUAY,Spa Indoor,2026-04-24,NUMBER ONE YORK QUAY,Pass,0,0,0,0,0
NUVO AT ESSEX INC.,Indoor Pool,2024-11-22,NUVO AT ESSEX INC,Pass,0,0,0,0,0
NUVO AT ESSEX INC.,Indoor Pool,2025-03-10,NUVO AT ESSEX INC,Pass,0,0,0,0,0
NUVO AT ESSEX INC.,Indoor Pool,2025-05-28,NUVO AT ESSEX INC,Pass,0,0,0,0,0
NUVO AT ESSEX INC.,Indoor Pool,2025-09-16,NUVO AT ESSEX INC,Pass,0,0,0,0,0
NUVO AT ESSEX INC.,Indoor Pool,2025-12-29,NUVO AT ESSEX INC,Pass,0,0,0,0,0
NUVO AT ESSEX INC.,Indoor Pool,2026-03-11,NUVO AT ESSEX INC,Pass,0,0,0,0,0
NUVO AT ESSEX INC.,Indoor Pool,2026-09-15,NUVO AT ESSEX INC,Pass,0,0,0,0,0
NUVO AT ESSEX INC.,Spa Indoor,2026-03-31,NUVO AT ESSEX INC,Pass,0,0,0,0,0
NXT POOL,Outdoor Pool,2025-09-12,NXT CONDOS,Pass,0,0,0,0,0
NXT POOL,Outdoor Pool,2026-06-15,NXT CONDOS,Closed,5,3,0,2,5
NXT POOL,Outdoor Pool,2026-06-25,NXT CONDOS,Pass,0,0,0,0,0
NXT POOL,Outdoor Pool,2026-08-04,NXT CONDOS,Pass,3,3,0,0,2
NXT POOL - INDOOR,Indoor Pool,2024-09-09,NXT CONDOS,Pass,2,1,1,0,2
NXT POOL - INDOOR,Indoor Pool,2024-11-22,NXT CONDOS,Pass,0,0,0,0,0
NXT POOL - INDOOR,Indoor Pool,2025-03-24,NXT CONDOS,Pass,1,0,1,0,1
NXT POOL - INDOOR,Indoor Pool,2025-06-25,NXT CONDOS,Pass,0,0,0,0,0
NXT POOL - INDOOR,Indoor Pool,2025-09-05,NXT CONDOS,Pass,0,0,0,0,0
NXT POOL - INDOOR,Indoor Pool,2026-03-27,NXT CONDOS,Closed,5,1,0,4,3
NXT POOL - INDOOR,Indoor Pool,2026-04-21,NXT CONDOS,Pass,0,0,0,0,0
NXT POOL - INDOOR,Indoor Pool,2026-06-15,NXT CONDOS,Pass,2,2,0,0,2
NXT POOL - INDOOR,Indoor Pool,2026-08-04,NXT CONDOS,Pass,2,2,0,0,1
NY TOWERS LIBERTY CLUB,Indoor Pool,2024-10-17,3 REAN DR,Pass,1,1,0,0,1
NY TOWERS LIBERTY CLUB,Indoor Pool,2025-01-08,3 REAN DR,Pass,1,1,0,0,1
NY TOWERS LIBERTY CLUB,Indoor Pool,2025-04-14,3 REAN DR,Pass,2,1,1,0,2
NY TOWERS LIBERTY CLUB,Indoor Pool,2025-10-15,3 REAN DR,Conditional Pass,2,0,0,2,2
NY TOWERS LIBERTY CLUB,Indoor Pool,2026-06-02,3 REAN DR,Pass,2,2,0,0,2
NY TOWERS LIBERTY CLUB,Spa Indoor,2024-10-17,3 REAN DR,Pass,0,0,0,0,0
NY TOWERS LIBERTY CLUB,Spa Indoor,2025-01-08,3 REAN DR,Pass,2,2,0,0,1
NY TOWERS LIBERTY CLUB,Spa Indoor,2025-04-14,3 REAN DR,Conditional Pass,3,1,1,1,3
NY TOWERS LIBERTY CLUB,Spa Indoor,2025-05-08,3 REAN DR,Pass,0,0,0,0,0
NY TOWERS LIBERTY CLUB,Spa Indoor,2025-07-22,3 REAN DR,Pass,0,0,0,0,0
NY TOWERS LIBERTY CLUB,Spa Indoor,2025-10-15,3 REAN DR,Conditional Pass,3,1,1,1,2
NY TOWERS LIBERTY CLUB,Spa Indoor,2025-12-10,3 REAN DR,Pass,0,0,0,0,0
NY TOWERS LIBERTY CLUB,Spa Indoor,2026-02-10,3 REAN DR,Pass,0,0,0,0,0
NY TOWERS LIBERTY CLUB,Spa Indoor,2026-09-24,3 REAN DR,Pass,0,0,0,0,0
O'CONNOR POOL,Outdoor Pool,2024-08-16,O'CONNOR COMMUNITY CENTRE,Pass,1,1,0,0,1
O'CONNOR POOL,Outdoor Pool,2025-06-27,O'CONNOR COMMUNITY CENTRE,Conditional Pass,2,0,1,1,2
O'CONNOR POOL,Outdoor Pool,2025-07-18,O'CONNOR COMMUNITY CENTRE,Pass,1,1,0,0,1
O'CONNOR POOL,Outdoor Pool,2025-09-11,O'CONNOR COMMUNITY CENTRE,Pass,0,0,0,0,0
O'CONNOR POOL,Outdoor Pool,2026-07-23,O'CONNOR COMMUNITY CENTRE,Pass,1,1,0,0,1
OAKDALE GOLF & COUNTRY CLUB POOL,Outdoor Pool,2024-07-31,OAKDALE GOLF & COUNTRY CLUB,Pass,0,0,0,0,0
OAKDALE GOLF & COUNTRY CLUB POOL,Outdoor Pool,2025-07-11,OAKDALE GOLF & COUNTRY CLUB,Conditional Pass,2,0,2,0,2
OAKDALE GOLF & COUNTRY CLUB POOL,Outdoor Pool,2025-07-17,OAKDALE GOLF & COUNTRY CLUB,Pass,0,0,0,0,0
OAKDALE GOLF & COUNTRY CLUB POOL,Outdoor Pool,2026-06-16,OAKDALE GOLF & COUNTRY CLUB,Pass,1,1,0,0,1
OAKDALE OUTDOOR POOL,Outdoor Pool,2024-07-09,OAKDALE COMMUNITY CENTRE,Pass,0,0,0,0,0
OAKDALE OUTDOOR POOL,Outdoor Pool,2025-08-13,OAKDALE COMMUNITY CENTRE,Pass,3,3,0,0,3
OAKDALE OUTDOOR POOL,Outdoor Pool,2026-07-06,OAKDALE COMMUNITY CENTRE,Pass,3,2,1,0,3
OASIS AQUALOUNGE,Outdoor Pool,2024-10-25,OASIS AQUALOUNGE,Pass,0,0,0,0,0
OASIS AQUALOUNGE,Outdoor Pool,2025-04-29,OASIS AQUALOUNGE,Conditional Pass,3,0,0,3,3
OASIS AQUALOUNGE,Outdoor Pool,2025-05-02,OASIS AQUALOUNGE,Conditional Pass,2,0,0,2,2
OASIS AQUALOUNGE,Outdoor Pool,2025-07-11,OASIS AQUALOUNGE,Closed,5,1,0,4,3
OASIS AQUALOUNGE,Outdoor Pool,2025-07-15,OASIS AQUALOUNGE,Conditional Pass,1,0,0,1,1
OASIS AQUALOUNGE,Outdoor Pool,2025-08-01,OASIS AQUALOUNGE,Pass,0,0,0,0,0
OASIS AQUALOUNGE,Outdoor Pool,2025-11-10,OASIS AQUALOUNGE,Closed,2,0,0,2,2
OASIS AQUALOUNGE,Outdoor Pool,2025-11-21,OASIS AQUALOUNGE,Pass,0,0,0,0,0
OASIS AQUALOUNGE,Outdoor Pool,2026-04-20,OASIS AQUALOUNGE,Pass,0,0,0,0,0
OASIS AQUALOUNGE,Outdoor Pool,2026-06-12,OASIS AQUALOUNGE,Pass,0,0,0,0,0
OASIS AQUALOUNGE,Outdoor Pool,2026-07-14,OASIS AQUALOUNGE,Conditional Pass,1,0,0,1,1
OASIS AQUALOUNGE,Outdoor Pool,2026-07-17,OASIS AQUALOUNGE,Pass,0,0,0,0,0
OASIS AQUALOUNGE,Spa Indoor,2024-10-22,OASIS AQUALOUNGE,Pass,0,0,0,0,0
OASIS AQUALOUNGE,Spa Indoor,2025-04-29,OASIS AQUALOUNGE,Conditional Pass,3,0,0,3,3
OASIS AQUALOUNGE,Spa Indoor,2025-05-02,OASIS AQUALOUNGE,Conditional Pass,2,0,0,2,2
OASIS AQUALOUNGE,Spa Indoor,2025-07-11,OASIS AQUALOUNGE,Closed,4,0,1,3,3
OASIS AQUALOUNGE,Spa Indoor,2025-11-10,OASIS AQUALOUNGE,Pass,0,0,0,0,0
OASIS AQUALOUNGE,Spa Indoor,2026-07-14,OASIS AQUALOUNGE,Conditional Pass,1,0,1,0,1
OASIS AQUALOUNGE,Spa Indoor,2026-07-17,OASIS AQUALOUNGE,Conditional Pass,1,0,1,0,1
OASIS CONDOMINIUM,Outdoor Pool,2024-08-22,PARADISE CONDOMINIUMS AT THE OASIS,Pass,2,0,2,0,1
OASIS CONDOMINIUM,Outdoor Pool,2025-06-23,PARADISE CONDOMINIUMS AT THE OASIS,Pass,4,4,0,0,2
OASIS CONDOMINIUM,Outdoor Pool,2026-06-15,PARADISE CONDOMINIUMS AT THE OASIS,Closed,11,4,2,5,7
OASIS CONDOMINIUM,Outdoor Pool,2026-08-06,PARADISE CONDOMINIUMS AT THE OASIS,Pass,0,0,0,0,0
OASIS CONDOMINIUM MTCC 1321,Spa Indoor,2024-12-18,OASIS CONDOMINIUM,Pass,1,0,1,0,1
OASIS CONDOMINIUM MTCC 1321,Spa Indoor,2025-04-02,OASIS CONDOMINIUM,Closed,6,2,2,2,3
OASIS CONDOMINIUM MTCC 1321,Spa Indoor,2025-04-04,OASIS CONDOMINIUM,Pass,1,1,0,0,1
OASIS CONDOMINIUM MTCC 1321,Spa Indoor,2026-02-27,OASIS CONDOMINIUM,Conditional Pass,6,2,1,3,4
OCEAN CLUB,Indoor Pool,2024-09-16,OCEAN CLUB,Pass,0,0,0,0,0
OCEAN CLUB,Indoor Pool,2024-12-09,OCEAN CLUB,Closed,2,1,1,0,1
OCEAN CLUB,Indoor Pool,2025-09-22,OCEAN CLUB,Pass,0,0,0,0,0
OCEAN CLUB,Spa Indoor,2024-09-16,OCEAN CLUB,Pass,1,1,0,0,1
OCEAN CLUB,Spa Indoor,2024-12-09,OCEAN CLUB,Closed,5,1,1,3,4
OCEAN CLUB,Spa Indoor,2024-12-11,OCEAN CLUB,Pass,0,0,0,0,0
OCEAN CLUB,Spa Indoor,2025-01-31,OCEAN CLUB,Pass,0,0,0,0,0
OCEAN CLUB,Spa Indoor,2025-04-04,OCEAN CLUB,Pass,0,0,0,0,0
OCEAN CLUB,Spa Indoor,2025-06-26,OCEAN CLUB,Pass,0,0,0,0,0
OCEAN CLUB,Spa Indoor,2025-09-19,OCEAN CLUB,Pass,0,0,0,0,0
OCEAN CLUB,Spa Indoor,2025-11-12,OCEAN CLUB,Pass,0,0,0,0,0
OCEAN CLUB,Spa Indoor,2026-02-02,OCEAN CLUB,Pass,0,0,0,0,0
OCEAN CLUB,Spa Indoor,2026-04-23,OCEAN CLUB,Pass,0,0,0,0,0
OCEAN CLUB,Spa Indoor,2026-08-12,OCEAN CLUB,Pass,0,0,0,0,0
OLD YORK MILLS POOL,Outdoor Pool,2024-09-10,OLD YORK MILLS,Pass,0,0,0,0,0
OLD YORK MILLS POOL,Outdoor Pool,2025-05-16,OLD YORK MILLS,Pass,2,1,1,0,2
OLD YORK MILLS POOL,Outdoor Pool,2025-08-27,OLD YORK MILLS,Pass,0,0,0,0,0
OLD YORK MILLS POOL,Outdoor Pool,2026-06-10,OLD YORK MILLS,Pass,0,0,0,0,0
OLD YORK MILLS SPA,Spa Indoor,2024-09-10,OLD YORK MILLS,Conditional Pass,3,1,1,1,1
OLD YORK MILLS SPA,Spa Indoor,2024-09-12,OLD YORK MILLS,Pass,0,0,0,0,0
OLD YORK MILLS SPA,Spa Indoor,2024-11-06,OLD YORK MILLS,Pass,1,1,0,0,1
OLD YORK MILLS SPA,Spa Indoor,2025-01-23,OLD YORK MILLS,Pass,3,3,0,0,1
OLD YORK MILLS SPA,Spa Indoor,2025-05-16,OLD YORK MILLS,Pass,0,0,0,0,0
OLD YORK MILLS SPA,Spa Indoor,2025-08-27,OLD YORK MILLS,Conditional Pass,1,0,0,1,1
OLD YORK MILLS SPA,Spa Indoor,2025-10-06,OLD YORK MILLS,Pass,0,0,0,0,0
OLD YORK MILLS SPA,Spa Indoor,2025-11-26,OLD YORK MILLS,Pass,0,0,0,0,0
OLD YORK MILLS SPA,Spa Indoor,2026-02-05,OLD YORK MILLS,Pass,1,1,0,0,1
OLD YORK MILLS SPA,Spa Indoor,2026-06-10,OLD YORK MILLS,Pass,0,0,0,0,0
OLDE YORK PLACE 1 POOL,Indoor Pool,2024-07-25,YE OLDE YORK PLACE,Pass,0,0,0,0,0
OLDE YORK PLACE 1 POOL,Indoor Pool,2024-10-24,YE OLDE YORK PLACE,Pass,0,0,0,0,0
OLDE YORK PLACE 1 POOL,Indoor Pool,2025-01-13,YE OLDE YORK PLACE,Pass,1,1,0,0,1
OLDE YORK PLACE 1 POOL,Indoor Pool,2025-04-02,YE OLDE YORK PLACE,Pass,1,1,0,0,1
OLDE YORK PLACE 1 POOL,Indoor Pool,2025-07-29,YE OLDE YORK PLACE,Pass,0,0,0,0,0
OLDE YORK PLACE 1 POOL,Indoor Pool,2025-10-10,YE OLDE YORK PLACE,Pass,0,0,0,0,0
OLDE YORK PLACE 1 POOL,Indoor Pool,2026-01-07,YE OLDE YORK PLACE,Pass,0,0,0,0,0
OLDE YORK PLACE 1 POOL,Indoor Pool,2026-04-16,YE OLDE YORK PLACE,Conditional Pass,1,0,0,1,1
OLDE YORK PLACE 1 POOL,Indoor Pool,2026-06-04,YE OLDE YORK PLACE,Pass,0,0,0,0,0
OLDE YORK PLACE 1 POOL,Indoor Pool,2026-08-06,YE OLDE YORK PLACE,Pass,0,0,0,0,0
OLDE YORK PLACE 1 SPA,Spa Indoor,2024-07-25,YE OLDE YORK PLACE,Pass,0,0,0,0,0
OLDE YORK PLACE 1 SPA,Spa Indoor,2024-10-29,YE OLDE YORK PLACE,Pass,1,1,0,0,1
OLDE YORK PLACE 1 SPA,Spa Indoor,2025-01-13,YE OLDE YORK PLACE,Pass,1,1,0,0,1
OLDE YORK PLACE 1 SPA,Spa Indoor,2025-04-02,YE OLDE YORK PLACE,Pass,2,2,0,0,2
OLDE YORK PLACE 1 SPA,Spa Indoor,2025-07-29,YE OLDE YORK PLACE,Pass,0,0,0,0,0
OLDE YORK PLACE 1 SPA,Spa Indoor,2025-10-10,YE OLDE YORK PLACE,Pass,0,0,0,0,0
OLDE YORK PLACE 1 SPA,Spa Indoor,2026-01-07,YE OLDE YORK PLACE,Pass,0,0,0,0,0
OLDE YORK PLACE 1 SPA,Spa Indoor,2026-04-16,YE OLDE YORK PLACE,Pass,0,0,0,0,0
OLDE YORK PLACE 1 SPA,Spa Indoor,2026-08-06,YE OLDE YORK PLACE,Pass,0,0,0,0,0
OLYMPIAN SCHOOL OF SWIMMING (TOT POOL),Indoor Pool,2025-02-03,OLYMPIAN SCHOOL OF SWIMMING,Pass,0,0,0,0,0
OLYMPIAN SCHOOL OF SWIMMING (TOT POOL),Indoor Pool,2025-05-27,OLYMPIAN SCHOOL OF SWIMMING,Pass,1,1,0,0,1
OLYMPIAN SCHOOL OF SWIMMING (TOT POOL),Indoor Pool,2025-09-11,OLYMPIAN SCHOOL OF SWIMMING,Pass,0,0,0,0,0
OLYMPIAN SCHOOL OF SWIMMING (TOT POOL),Indoor Pool,2025-12-23,OLYMPIAN SCHOOL OF SWIMMING,Conditional Pass,2,1,1,0,1
OLYMPIAN SCHOOL OF SWIMMING (TOT POOL),Indoor Pool,2026-01-07,OLYMPIAN SCHOOL OF SWIMMING,Pass,2,2,0,0,2
OLYMPIAN SCHOOL OF SWIMMING (TOT POOL),Indoor Pool,2026-04-27,OLYMPIAN SCHOOL OF SWIMMING,Pass,1,1,0,0,1
OLYMPIAN SCHOOL OF SWIMMING - MAIN POOL,Indoor Pool,2025-02-03,OLYMPIAN SCHOOL OF SWIMMING,Pass,0,0,0,0,0
OLYMPIAN SCHOOL OF SWIMMING - MAIN POOL,Indoor Pool,2025-05-27,OLYMPIAN SCHOOL OF SWIMMING,Pass,1,1,0,0,1
OLYMPIAN SCHOOL OF SWIMMING - MAIN POOL,Indoor Pool,2025-09-11,OLYMPIAN SCHOOL OF SWIMMING,Pass,0,0,0,0,0
OLYMPIAN SCHOOL OF SWIMMING - MAIN POOL,Indoor Pool,2025-12-23,OLYMPIAN SCHOOL OF SWIMMING,Pass,3,3,0,0,2
OLYMPIAN SCHOOL OF SWIMMING - MAIN POOL,Indoor Pool,2026-01-07,OLYMPIAN SCHOOL OF SWIMMING,Pass,1,1,0,0,1
OLYMPIAN SCHOOL OF SWIMMING - MAIN POOL,Indoor Pool,2026-04-27,OLYMPIAN SCHOOL OF SWIMMING,Pass,1,1,0,0,1
OLYMPIAN SWIMMING CLUB,Indoor Pool,2024-08-08,OLYMPIAN SWIMMING CLUB,Pass,0,0,0,0,0
OLYMPIAN SWIMMING CLUB,Indoor Pool,2024-11-06,OLYMPIAN SWIMMING CLUB,Pass,0,0,0,0,0
OLYMPIAN SWIMMING CLUB,Indoor Pool,2025-02-06,OLYMPIAN SWIMMING CLUB,Pass,1,1,0,0,1
OLYMPIAN SWIMMING CLUB,Indoor Pool,2025-03-13,OLYMPIAN SWIMMING CLUB,Pass,0,0,0,0,0
OLYMPIAN SWIMMING CLUB,Indoor Pool,2025-06-13,OLYMPIAN SWIMMING CLUB,Pass,3,3,0,0,2
OLYMPIAN SWIMMING CLUB,Indoor Pool,2025-09-09,OLYMPIAN SWIMMING CLUB,Pass,0,0,0,0,0
OLYMPIAN SWIMMING CLUB,Indoor Pool,2025-11-10,OLYMPIAN SWIMMING CLUB,Pass,0,0,0,0,0
OLYMPIAN SWIMMING CLUB,Indoor Pool,2026-03-05,OLYMPIAN SWIMMING CLUB,Conditional Pass,4,2,2,0,3
OLYMPIAN SWIMMING CLUB,Indoor Pool,2026-03-20,OLYMPIAN SWIMMING CLUB,Pass,3,3,0,0,3
OLYMPIAN SWIMMING CLUB,Indoor Pool,2026-06-16,OLYMPIAN SWIMMING CLUB,Pass,2,2,0,0,2
OMNI SHARED FACILITIES,Indoor Pool,2024-12-03,OMNI SHARED FACILITIES,Pass,1,1,0,0,1
OMNI SHARED FACILITIES,Indoor Pool,2025-02-12,OMNI SHARED FACILITIES,Pass,0,0,0,0,0
OMNI SHARED FACILITIES,Indoor Pool,2025-06-10,OMNI SHARED FACILITIES,Pass,0,0,0,0,0
OMNI SHARED FACILITIES,Indoor Pool,2025-08-05,OMNI SHARED FACILITIES,Conditional Pass,1,0,1,0,1
OMNI SHARED FACILITIES,Indoor Pool,2025-10-06,OMNI SHARED FACILITIES,Pass,0,0,0,0,0
OMNI SHARED FACILITIES,Indoor Pool,2025-11-13,OMNI SHARED FACILITIES,Pass,0,0,0,0,0
OMNI SHARED FACILITIES,Indoor Pool,2026-02-04,OMNI SHARED FACILITIES,Pass,0,0,0,0,0
OMNI SHARED FACILITIES,Indoor Pool,2026-04-14,OMNI SHARED FACILITIES,Conditional Pass,1,0,1,0,1
OMNI SHARED FACILITIES,Indoor Pool,2026-04-27,OMNI SHARED FACILITIES,Pass,1,1,0,0,1
OMNI SHARED FACILITIES,Indoor Pool,2026-08-26,OMNI SHARED FACILITIES,Pass,3,3,0,0,1
OMNI SHARED FACILITIES (INDOOR SPA),Spa Indoor,2024-12-03,OMNI SHARED FACILITIES,Pass,2,2,0,0,2
OMNI SHARED FACILITIES (INDOOR SPA),Spa Indoor,2025-08-05,OMNI SHARED FACILITIES,Pass,0,0,0,0,0
OMNI SHARED FACILITIES (INDOOR SPA),Spa Indoor,2025-11-13,OMNI SHARED FACILITIES,Conditional Pass,1,0,1,0,1
OMNI SHARED FACILITIES (INDOOR SPA),Spa Indoor,2025-12-10,OMNI SHARED FACILITIES,Pass,0,0,0,0,0
OMNI SHARED FACILITIES (INDOOR SPA),Spa Indoor,2026-02-04,OMNI SHARED FACILITIES,Pass,0,0,0,0,0
OMNI SHARED FACILITIES (INDOOR SPA),Spa Indoor,2026-04-14,OMNI SHARED FACILITIES,Conditional Pass,1,0,1,0,1
OMNI SHARED FACILITIES (INDOOR SPA),Spa Indoor,2026-04-27,OMNI SHARED FACILITIES,Pass,0,0,0,0,0
OMNI SHARED FACILITIES (INDOOR SPA),Spa Indoor,2026-08-26,OMNI SHARED FACILITIES,Conditional Pass,2,0,1,1,1
OMNI SHARED FACILITIES (INDOOR SPA),Spa Indoor,2026-09-01,OMNI SHARED FACILITIES,Pass,0,0,0,0,0
ONE BEDFORD,Indoor Pool,2024-10-25,ONE BEDFORD,Conditional Pass,1,0,0,1,1
ONE BEDFORD,Indoor Pool,2024-10-28,ONE BEDFORD,Pass,0,0,0,0,0
ONE BEDFORD,Indoor Pool,2025-01-30,ONE BEDFORD,Pass,1,1,0,0,1
ONE BEDFORD,Indoor Pool,2025-04-29,ONE BEDFORD,Pass,0,0,0,0,0
ONE BEDFORD,Indoor Pool,2025-07-30,ONE BEDFORD,Pass,1,1,0,0,1
ONE BEDFORD,Indoor Pool,2025-10-30,ONE BEDFORD,Pass,1,1,0,0,1
ONE BEDFORD,Indoor Pool,2026-02-12,ONE BEDFORD,Pass,1,1,0,0,1
ONE BEDFORD,Indoor Pool,2026-04-28,ONE BEDFORD,Pass,0,0,0,0,0
ONE BEDFORD,Indoor Pool,2026-08-05,ONE BEDFORD,Pass,0,0,0,0,0
ONE BEDFORD,Spa Indoor,2025-01-30,ONE BEDFORD,Pass,1,1,0,0,1
ONE BEDFORD,Spa Indoor,2025-04-29,ONE BEDFORD,Pass,1,1,0,0,1
ONE BEDFORD,Spa Indoor,2025-07-30,ONE BEDFORD,Pass,0,0,0,0,0
ONE BEDFORD,Spa Indoor,2025-10-30,ONE BEDFORD,Pass,1,1,0,0,1
ONE BEDFORD,Spa Indoor,2026-02-12,ONE BEDFORD,Pass,0,0,0,0,0
ONE BEDFORD,Spa Indoor,2026-08-05,ONE BEDFORD,Pass,1,1,0,0,1
ONE BLOOR,Spa Indoor,2024-11-26,ONE BLOOR,Pass,0,0,0,0,0
ONE BLOOR,Spa Indoor,2025-02-27,ONE BLOOR,Pass,0,0,0,0,0
ONE BLOOR,Spa Indoor,2025-05-13,ONE BLOOR,Pass,0,0,0,0,0
ONE BLOOR,Spa Indoor,2025-08-07,ONE BLOOR,Pass,1,1,0,0,1
ONE BLOOR,Spa Indoor,2025-11-17,ONE BLOOR,Pass,1,0,1,0,1
ONE BLOOR,Spa Indoor,2026-02-12,ONE BLOOR,Closed,3,1,0,2,3
ONE BLOOR,Spa Indoor,2026-02-13,ONE BLOOR,Pass,0,0,0,0,0
ONE BLOOR,Spa Indoor,2026-05-07,ONE BLOOR,Pass,2,2,0,0,2
ONE BLOOR - INDOOR POOL,Indoor Pool,2024-11-26,ONE BLOOR,Pass,0,0,0,0,0
ONE BLOOR - INDOOR POOL,Indoor Pool,2025-02-27,ONE BLOOR,Pass,1,1,0,0,1
ONE BLOOR - INDOOR POOL,Indoor Pool,2025-05-13,ONE BLOOR,Pass,0,0,0,0,0
ONE BLOOR - INDOOR POOL,Indoor Pool,2025-11-17,ONE BLOOR,Pass,0,0,0,0,0
ONE BLOOR - INDOOR POOL,Indoor Pool,2026-02-12,ONE BLOOR,Closed,1,0,0,1,1
ONE BLOOR - INDOOR POOL,Indoor Pool,2026-02-13,ONE BLOOR,Pass,0,0,0,0,0
ONE BLOOR - INDOOR POOL,Indoor Pool,2026-05-07,ONE BLOOR,Pass,2,2,0,0,2
ONE BLOOR - OUTDOOR POOL,Outdoor Pool,2024-08-08,ONE BLOOR,Pass,3,3,0,0,3
ONE BLOOR - OUTDOOR POOL,Outdoor Pool,2025-08-07,ONE BLOOR,Pass,8,8,0,0,5
ONE BLOOR CONDO- MEN'S COLD PLUNGE,Spa Indoor,2026-09-09,ONE BLOOR,Pass,1,1,0,0,1
ONE BLOOR CONDO- MEN'S HOT PLUNGE,Spa Indoor,2026-09-09,ONE BLOOR,Pass,1,1,0,0,1
ONE BLOOR CONDO- MEN'S INDOOR SPA,Spa Indoor,2026-09-09,ONE BLOOR,Pass,1,1,0,0,1
ONE BLOOR CONDO- WOMANS COLD PLUNGE,Spa Indoor,2026-09-09,ONE BLOOR,Pass,1,1,0,0,1
ONE BLOOR CONDO-WOMAN'S HOT PLUNGE,Spa Indoor,2026-09-09,ONE BLOOR,Pass,1,1,0,0,1
ONE BLOOR CONDO-WOMAN'S INDOOR SPA,Spa Indoor,2026-09-09,ONE BLOOR,Pass,1,1,0,0,1
ONE CITY HALL,Indoor Pool,2024-07-16,ONE CITY HALL,Pass,0,0,0,0,0
ONE CITY HALL,Indoor Pool,2024-10-24,ONE CITY HALL,Pass,1,1,0,0,1
ONE CITY HALL,Indoor Pool,2025-01-22,ONE CITY HALL,Closed,6,0,1,5,4
ONE CITY HALL,Indoor Pool,2025-01-24,ONE CITY HALL,Pass,0,0,0,0,0
ONE CITY HALL,Indoor Pool,2025-04-24,ONE CITY HALL,Pass,0,0,0,0,0
ONE CITY HALL,Indoor Pool,2025-08-26,ONE CITY HALL,Pass,1,1,0,0,1
ONE CITY HALL,Indoor Pool,2025-10-15,ONE CITY HALL,Conditional Pass,2,1,0,1,2
ONE CITY HALL,Indoor Pool,2025-11-25,ONE CITY HALL,Conditional Pass,2,1,0,1,2
ONE CITY HALL,Indoor Pool,2025-11-27,ONE CITY HALL,Pass,0,0,0,0,0
ONE CITY HALL,Indoor Pool,2026-02-12,ONE CITY HALL,Pass,2,2,0,0,2
ONE CITY HALL,Indoor Pool,2026-04-21,ONE CITY HALL,Pass,0,0,0,0,0
ONE CITY HALL,Indoor Pool,2026-08-19,ONE CITY HALL,Pass,0,0,0,0,0
ONE CITY HALL,Spa Indoor,2024-07-16,ONE CITY HALL,Conditional Pass,2,1,1,0,1
ONE CITY HALL,Spa Indoor,2024-07-19,ONE CITY HALL,Pass,0,0,0,0,0
ONE CITY HALL,Spa Indoor,2024-10-24,ONE CITY HALL,Conditional Pass,2,1,0,1,1
ONE CITY HALL,Spa Indoor,2024-10-28,ONE CITY HALL,Pass,0,0,0,0,0
ONE CITY HALL,Spa Indoor,2025-01-22,ONE CITY HALL,Closed,1,0,0,1,1
ONE CITY HALL,Spa Indoor,2025-01-24,ONE CITY HALL,Pass,1,1,0,0,1
ONE CITY HALL,Spa Indoor,2025-08-26,ONE CITY HALL,Pass,1,1,0,0,1
ONE CITY HALL,Spa Indoor,2025-10-15,ONE CITY HALL,Conditional Pass,1,0,0,1,1
ONE PARK LANE,Indoor Pool,2024-07-16,ONE PARK LANE,Pass,0,0,0,0,0
ONE PARK LANE,Indoor Pool,2024-11-22,ONE PARK LANE,Conditional Pass,1,0,0,1,1
ONE PARK LANE,Indoor Pool,2024-11-29,ONE PARK LANE,Pass,0,0,0,0,0
ONE PARK LANE,Indoor Pool,2025-02-24,ONE PARK LANE,Pass,0,0,0,0,0
ONE PARK LANE,Indoor Pool,2025-05-27,ONE PARK LANE,Pass,0,0,0,0,0
ONE PARK LANE,Indoor Pool,2025-08-26,ONE PARK LANE,Pass,0,0,0,0,0
ONE PARK LANE,Indoor Pool,2025-11-26,ONE PARK LANE,Pass,0,0,0,0,0
ONE PARK LANE,Indoor Pool,2026-02-26,ONE PARK LANE,Pass,0,0,0,0,0
ONE PARK LANE,Indoor Pool,2026-06-08,ONE PARK LANE,Pass,0,0,0,0,0
ONE SHERWAY,Indoor Pool,2024-07-24,ONE SHERWAY,Pass,0,0,0,0,0
ONE SHERWAY,Indoor Pool,2024-10-16,ONE SHERWAY,Pass,0,0,0,0,0
ONE SHERWAY,Indoor Pool,2025-03-27,ONE SHERWAY,Pass,0,0,0,0,0
ONE SHERWAY,Indoor Pool,2025-06-10,ONE SHERWAY,Closed,2,0,0,2,2
ONE SHERWAY,Indoor Pool,2025-07-09,ONE SHERWAY,Pass,0,0,0,0,0
ONE SHERWAY,Indoor Pool,2025-10-29,ONE SHERWAY,Pass,0,0,0,0,0
ONE SHERWAY,Indoor Pool,2026-01-27,ONE SHERWAY,Pass,0,0,0,0,0
ONE SHERWAY,Indoor Pool,2026-04-13,ONE SHERWAY,Pass,0,0,0,0,0
ONE SHERWAY,Indoor Pool,2026-07-14,ONE SHERWAY,Pass,2,2,0,0,2
ONE SHERWAY,Spa Indoor,2025-03-27,ONE SHERWAY,Conditional Pass,1,0,0,1,1
ONE SHERWAY,Spa Indoor,2025-04-03,ONE SHERWAY,Pass,0,0,0,0,0
ONE SHERWAY,Spa Indoor,2025-06-10,ONE SHERWAY,Closed,1,0,0,1,1
ONE SHERWAY CONDOMINIUMS,Indoor Pool,2024-07-29,ONE SHERWAY CONDOMINIUMS,Pass,0,0,0,0,0
ONE SHERWAY CONDOMINIUMS,Indoor Pool,2024-10-18,ONE SHERWAY CONDOMINIUMS,Pass,0,0,0,0,0
ONE SHERWAY CONDOMINIUMS,Indoor Pool,2025-01-29,ONE SHERWAY CONDOMINIUMS,Pass,2,2,0,0,1
ONE SHERWAY CONDOMINIUMS,Indoor Pool,2025-04-15,ONE SHERWAY CONDOMINIUMS,Pass,0,0,0,0,0
ONE SHERWAY CONDOMINIUMS,Indoor Pool,2025-07-09,ONE SHERWAY CONDOMINIUMS,Pass,0,0,0,0,0
ONE SHERWAY CONDOMINIUMS,Indoor Pool,2025-11-04,ONE SHERWAY CONDOMINIUMS,Pass,0,0,0,0,0
ONE SHERWAY CONDOMINIUMS,Indoor Pool,2026-01-28,ONE SHERWAY CONDOMINIUMS,Pass,1,1,0,0,1
ONE SHERWAY CONDOMINIUMS,Indoor Pool,2026-04-13,ONE SHERWAY CONDOMINIUMS,Pass,0,0,0,0,0
ONE SHERWAY CONDOMINIUMS,Indoor Pool,2026-07-14,ONE SHERWAY CONDOMINIUMS,Pass,1,1,0,0,1
ONE SHERWAY CONDOMINIUMS,Spa Indoor,2026-01-28,ONE SHERWAY CONDOMINIUMS,Pass,0,0,0,0,0
ONE SHERWAY CONDOMINIUMS,Spa Indoor,2026-07-14,ONE SHERWAY CONDOMINIUMS,Pass,1,1,0,0,1
OPTIMA PARK WHIRLPOOL,Spa Indoor,2025-04-03,OPTIMA PARK,Pass,1,1,0,0,1
OPTIMA PARK WHIRLPOOL,Spa Indoor,2025-07-30,OPTIMA PARK,Conditional Pass,2,0,1,1,2
OPTIMA PARK WHIRLPOOL,Spa Indoor,2025-08-07,OPTIMA PARK,Pass,0,0,0,0,0
OPTIMA PARK WHIRLPOOL,Spa Indoor,2025-10-14,OPTIMA PARK,Closed,3,1,0,2,3
OPTIMA PARK WHIRLPOOL,Spa Indoor,2025-10-16,OPTIMA PARK,Pass,0,0,0,0,0
OPTIMA PARK WHIRLPOOL,Spa Indoor,2026-05-15,OPTIMA PARK,Conditional Pass,1,0,0,1,1
OPTIMA PARK WHIRLPOOL,Spa Indoor,2026-06-18,OPTIMA PARK,Closed,2,0,0,2,2
OPTIMA PARK WHIRLPOOL,Spa Indoor,2026-07-21,OPTIMA PARK,Pass,0,0,0,0,0
OPTIMA PARK (POOL),Indoor Pool,2024-07-17,OPTIMA PARK,Conditional Pass,3,0,2,1,2
OPTIMA PARK (POOL),Indoor Pool,2024-11-19,OPTIMA PARK,Pass,1,1,0,0,1
OPTIMA PARK (POOL),Indoor Pool,2025-01-15,OPTIMA PARK,Pass,1,1,0,0,1
OPTIMA PARK (POOL),Indoor Pool,2025-04-03,OPTIMA PARK,Pass,0,0,0,0,0
OPTIMA PARK (POOL),Indoor Pool,2025-07-30,OPTIMA PARK,Pass,0,0,0,0,0
OPTIMA PARK (POOL),Indoor Pool,2025-10-14,OPTIMA PARK,Pass,1,1,0,0,1
OPTIMA PARK (POOL),Indoor Pool,2026-03-02,OPTIMA PARK,Pass,1,1,0,0,1
OPTIMA PARK (POOL),Indoor Pool,2026-05-15,OPTIMA PARK,Conditional Pass,2,1,0,1,2
OPTIMA PARK (POOL),Indoor Pool,2026-07-21,OPTIMA PARK,Pass,0,0,0,0,0
ORIOLE COMMUNITY RESOURCE POOL,Outdoor Pool,2024-07-17,ORIOLE COMMUNITY CENTRE,Pass,0,0,0,0,0
ORIOLE COMMUNITY RESOURCE POOL,Outdoor Pool,2025-07-07,ORIOLE COMMUNITY CENTRE,Pass,0,0,0,0,0
ORIOLE COMMUNITY RESOURCE POOL,Outdoor Pool,2026-07-10,ORIOLE COMMUNITY CENTRE,Pass,3,3,0,0,2
OURLAND POOL - OUTDOOR A,Outdoor Pool,2025-07-10,OURLAND PARK,Pass,0,0,0,0,0
OURLAND POOL - OUTDOOR A,Outdoor Pool,2026-07-03,OURLAND PARK,Pass,0,0,0,0,0
PACE CONDOS,Outdoor Pool,2024-07-26,PACE CONDOS,Pass,0,0,0,0,0
PACE CONDOS,Outdoor Pool,2025-06-16,PACE CONDOS,Conditional Pass,2,0,0,2,2
PACE CONDOS,Outdoor Pool,2025-08-19,PACE CONDOS,Conditional Pass,4,0,1,3,3
PACE CONDOS,Outdoor Pool,2026-07-09,PACE CONDOS,Conditional Pass,2,1,0,1,2
PALACE GATE POOL,Indoor Pool,2024-09-30,PALACE GATE,Conditional Pass,2,0,0,2,2
PALACE GATE POOL,Indoor Pool,2024-10-01,PALACE GATE,Pass,0,0,0,0,0
PALACE GATE POOL,Indoor Pool,2024-12-19,PALACE GATE,Conditional Pass,3,1,1,1,3
PALACE GATE POOL,Indoor Pool,2024-12-24,PALACE GATE,Pass,0,0,0,0,0
PALACE GATE POOL,Indoor Pool,2025-03-18,PALACE GATE,Pass,0,0,0,0,0
PALACE GATE POOL,Indoor Pool,2025-06-11,PALACE GATE,Pass,0,0,0,0,0
PALACE GATE POOL,Indoor Pool,2025-09-10,PALACE GATE,Pass,0,0,0,0,0
PALACE GATE POOL,Indoor Pool,2025-11-20,PALACE GATE,Pass,3,3,0,0,2
PALACE GATE POOL,Indoor Pool,2026-05-25,PALACE GATE,Conditional Pass,7,4,2,1,4
PALACE GATE POOL,Indoor Pool,2026-06-30,PALACE GATE,Pass,0,0,0,0,0
PALACE GATE POOL,Indoor Pool,2026-09-24,PALACE GATE,Pass,0,0,0,0,0
PALACE GATE SPA,Spa Indoor,2024-09-30,PALACE GATE,Pass,0,0,0,0,0
PALACE GATE SPA,Spa Indoor,2024-12-19,PALACE GATE,Pass,0,0,0,0,0
PALACE GATE SPA,Spa Indoor,2025-03-18,PALACE GATE,Pass,0,0,0,0,0
PALACE GATE SPA,Spa Indoor,2025-06-11,PALACE GATE,Pass,0,0,0,0,0
PALACE GATE SPA,Spa Indoor,2025-09-10,PALACE GATE,Pass,0,0,0,0,0
PALACE GATE SPA,Spa Indoor,2025-11-20,PALACE GATE,Pass,1,1,0,0,1
PALACE GATE SPA,Spa Indoor,2026-05-25,PALACE GATE,Conditional Pass,9,4,3,2,4
PALACE GATE SPA,Spa Indoor,2026-09-24,PALACE GATE,Pass,0,0,0,0,0
PALACE PIER HEALTH CLUB,Indoor Pool,2024-09-24,PALACE PIER HEALTH CLUB,Pass,0,0,0,0,0
PALACE PIER HEALTH CLUB,Indoor Pool,2024-11-19,PALACE PIER HEALTH CLUB,Pass,0,0,0,0,0
PALACE PIER HEALTH CLUB,Indoor Pool,2025-03-24,PALACE PIER HEALTH CLUB,Pass,0,0,0,0,0
PALACE PIER HEALTH CLUB,Indoor Pool,2025-06-25,PALACE PIER HEALTH CLUB,Pass,0,0,0,0,0
PALACE PIER HEALTH CLUB,Indoor Pool,2025-11-03,PALACE PIER HEALTH CLUB,Pass,0,0,0,0,0
PALACE PIER HEALTH CLUB,Indoor Pool,2026-03-04,PALACE PIER HEALTH CLUB,Pass,0,0,0,0,0
PALACE PIER HEALTH CLUB,Indoor Pool,2026-05-19,PALACE PIER HEALTH CLUB,Pass,0,0,0,0,0
PALACE PIER HEALTH CLUB,Indoor Pool,2026-08-24,PALACE PIER HEALTH CLUB,Pass,0,0,0,0,0
PALACE PLACE,Indoor Pool,2024-09-06,PALACE PLACE,Pass,0,0,0,0,0
PALACE PLACE,Indoor Pool,2024-11-08,PALACE PLACE,Pass,0,0,0,0,0
PALACE PLACE,Indoor Pool,2025-03-20,PALACE PLACE,Pass,0,0,0,0,0
PALACE PLACE,Indoor Pool,2025-06-25,PALACE PLACE,Pass,0,0,0,0,0
PALACE PLACE,Indoor Pool,2025-11-04,PALACE PLACE,Pass,0,0,0,0,0
PALACE PLACE,Indoor Pool,2026-03-16,PALACE PLACE,Pass,0,0,0,0,0
PALACE PLACE,Indoor Pool,2026-05-20,PALACE PLACE,Pass,0,0,0,0,0
PALACE PLACE,Indoor Pool,2026-08-21,PALACE PLACE,Pass,0,0,0,0,0
PALISADES CONDOMINIUMS SPA,Spa Indoor,2024-11-29,PALISADES CONDOMINIUMS,Pass,0,0,0,0,0
PALISADES CONDOMINIUMS SPA,Spa Indoor,2025-03-25,PALISADES CONDOMINIUMS,Pass,2,1,1,0,2
PALISADES CONDOMINIUMS SPA,Spa Indoor,2025-05-27,PALISADES CONDOMINIUMS,Conditional Pass,7,4,1,2,4
PALISADES CONDOMINIUMS SPA,Spa Indoor,2025-10-27,PALISADES CONDOMINIUMS,Pass,0,0,0,0,0
PALISADES CONDOMINIUMS SPA,Spa Indoor,2026-02-10,PALISADES CONDOMINIUMS,Conditional Pass,2,1,0,1,1
PALISADES CONDOMINIUMS SPA,Spa Indoor,2026-06-29,PALISADES CONDOMINIUMS,Conditional Pass,6,2,2,2,4
PALISADES POOL,Indoor Pool,2024-11-29,PALISADES CONDOMINIUMS,Pass,1,1,0,0,1
PALISADES POOL,Indoor Pool,2025-03-25,PALISADES CONDOMINIUMS,Pass,1,1,0,0,1
PALISADES POOL,Indoor Pool,2025-05-27,PALISADES CONDOMINIUMS,Pass,2,2,0,0,2
PALISADES POOL,Indoor Pool,2025-10-27,PALISADES CONDOMINIUMS,Pass,0,0,0,0,0
PALISADES POOL,Indoor Pool,2026-02-10,PALISADES CONDOMINIUMS,Conditional Pass,4,0,3,1,3
PALISADES POOL,Indoor Pool,2026-06-29,PALISADES CONDOMINIUMS,Conditional Pass,7,5,1,1,3
PAM MCCONNELL AQUATIC CENTRE,Spa Indoor,2024-09-25,PAM MCCONNELL AQUATIC CENTRE,Conditional Pass,2,1,0,1,2
PAM MCCONNELL AQUATIC CENTRE,Spa Indoor,2024-12-16,PAM MCCONNELL AQUATIC CENTRE,Conditional Pass,2,0,1,1,2
PAM MCCONNELL AQUATIC CENTRE,Spa Indoor,2025-01-15,PAM MCCONNELL AQUATIC CENTRE,Pass,0,0,0,0,0
PAM MCCONNELL AQUATIC CENTRE,Spa Indoor,2025-09-23,PAM MCCONNELL AQUATIC CENTRE,Pass,0,0,0,0,0
PAM MCCONNELL AQUATIC CENTRE,Spa Indoor,2025-12-12,PAM MCCONNELL AQUATIC CENTRE,Pass,0,0,0,0,0
PAM MCCONNELL AQUATIC CENTRE,Spa Indoor,2026-04-10,PAM MCCONNELL AQUATIC CENTRE,Pass,0,0,0,0,0
PAM MCCONNELL AQUATIC CENTRE  (LEISURE POOL),Indoor Pool,2024-09-25,PAM MCCONNELL AQUATIC CENTRE,Conditional Pass,2,0,0,2,1
PAM MCCONNELL AQUATIC CENTRE  (LEISURE POOL),Indoor Pool,2024-12-16,PAM MCCONNELL AQUATIC CENTRE,Pass,0,0,0,0,0
PAM MCCONNELL AQUATIC CENTRE  (LEISURE POOL),Indoor Pool,2025-06-23,PAM MCCONNELL AQUATIC CENTRE,Pass,0,0,0,0,0
PAM MCCONNELL AQUATIC CENTRE  (LEISURE POOL),Indoor Pool,2025-09-23,PAM MCCONNELL AQUATIC CENTRE,Pass,0,0,0,0,0
PAM MCCONNELL AQUATIC CENTRE  (LEISURE POOL),Indoor Pool,2025-12-12,PAM MCCONNELL AQUATIC CENTRE,Pass,0,0,0,0,0
PAM MCCONNELL AQUATIC CENTRE  (LEISURE POOL),Indoor Pool,2026-04-10,PAM MCCONNELL AQUATIC CENTRE,Pass,0,0,0,0,0
PAM MCCONNELL AQUATIC CENTRE (LAP POOL),Indoor Pool,2024-09-25,PAM MCCONNELL AQUATIC CENTRE,Closed,5,0,0,5,4
PAM MCCONNELL AQUATIC CENTRE (LAP POOL),Indoor Pool,2024-09-26,PAM MCCONNELL AQUATIC CENTRE,Conditional Pass,2,0,0,2,2
PAM MCCONNELL AQUATIC CENTRE (LAP POOL),Indoor Pool,2024-12-16,PAM MCCONNELL AQUATIC CENTRE,Pass,0,0,0,0,0
PAM MCCONNELL AQUATIC CENTRE (LAP POOL),Indoor Pool,2025-06-23,PAM MCCONNELL AQUATIC CENTRE,Pass,0,0,0,0,0
PAM MCCONNELL AQUATIC CENTRE (LAP POOL),Indoor Pool,2025-09-23,PAM MCCONNELL AQUATIC CENTRE,Pass,0,0,0,0,0
PAM MCCONNELL AQUATIC CENTRE (LAP POOL),Indoor Pool,2025-12-12,PAM MCCONNELL AQUATIC CENTRE,Pass,0,0,0,0,0
PAM MCCONNELL AQUATIC CENTRE (LAP POOL),Indoor Pool,2026-04-10,PAM MCCONNELL AQUATIC CENTRE,Pass,0,0,0,0,0
PANACHE INDOOR SPA,Spa Indoor,2024-09-18,PANACHE,Pass,1,0,1,0,1
PANACHE INDOOR SPA,Spa Indoor,2024-12-12,PANACHE,Pass,0,0,0,0,0
PANACHE INDOOR SPA,Spa Indoor,2025-02-25,PANACHE,Pass,0,0,0,0,0
PANACHE INDOOR SPA,Spa Indoor,2025-05-07,PANACHE,Pass,3,2,1,0,1
PANACHE INDOOR SPA,Spa Indoor,2025-08-25,PANACHE,Conditional Pass,3,0,2,1,2
PANACHE INDOOR SPA,Spa Indoor,2025-09-10,PANACHE,Pass,0,0,0,0,0
PANACHE INDOOR SPA,Spa Indoor,2025-11-28,PANACHE,Pass,0,0,0,0,0
PANACHE INDOOR SPA,Spa Indoor,2026-02-04,PANACHE,Conditional Pass,2,0,2,0,2
PANACHE INDOOR SPA,Spa Indoor,2026-02-13,PANACHE,Pass,0,0,0,0,0
PANACHE INDOOR SPA,Spa Indoor,2026-05-21,PANACHE,Conditional Pass,1,0,0,1,1
PANACHE INDOOR SPA,Spa Indoor,2026-05-25,PANACHE,Pass,0,0,0,0,0
PANACHE SWIMMING POOL,Indoor Pool,2024-09-18,PANACHE,Pass,1,1,0,0,1
PANACHE SWIMMING POOL,Indoor Pool,2024-12-12,PANACHE,Pass,0,0,0,0,0
PANACHE SWIMMING POOL,Indoor Pool,2025-02-25,PANACHE,Pass,2,2,0,0,1
PANACHE SWIMMING POOL,Indoor Pool,2025-05-07,PANACHE,Pass,2,2,0,0,2
PANACHE SWIMMING POOL,Indoor Pool,2025-08-25,PANACHE,Pass,1,1,0,0,1
PANACHE SWIMMING POOL,Indoor Pool,2025-11-26,PANACHE,Closed,2,0,0,2,2
PANACHE SWIMMING POOL,Indoor Pool,2025-11-28,PANACHE,Pass,0,0,0,0,0
PANACHE SWIMMING POOL,Indoor Pool,2026-02-04,PANACHE,Pass,2,2,0,0,2
PANACHE SWIMMING POOL,Indoor Pool,2026-05-21,PANACHE,Pass,2,2,0,0,2
PARADISE CONDOMINIUMS AT THE OASIS,Spa Indoor,2024-10-31,PARADISE CONDOMINIUMS AT THE OASIS,Conditional Pass,6,2,1,3,4
PARADISE CONDOMINIUMS AT THE OASIS,Spa Indoor,2025-12-15,PARADISE CONDOMINIUMS AT THE OASIS,Pass,2,2,0,0,2
PARADISE CONDOMINIUMS AT THE OASIS,Spa Indoor,2026-03-30,PARADISE CONDOMINIUMS AT THE OASIS,Conditional Pass,4,1,2,1,3
PARADISE CONDOMINIUMS AT THE OASIS,Spa Indoor,2026-06-16,PARADISE CONDOMINIUMS AT THE OASIS,Pass,4,4,0,0,3
PARC NUVO AT ESSEX,Indoor Pool,2024-11-21,PARC NUVO AT ESSEX,Pass,0,0,0,0,0
PARC NUVO AT ESSEX,Indoor Pool,2025-09-16,PARC NUVO AT ESSEX,Pass,0,0,0,0,0
PARC NUVO AT ESSEX,Indoor Pool,2026-06-15,PARC NUVO AT ESSEX,Conditional Pass,1,0,0,1,1
PARC NUVO AT ESSEX,Spa Indoor,2024-09-19,PARC NUVO AT ESSEX,Pass,0,0,0,0,0
PARC NUVO AT ESSEX,Spa Indoor,2024-11-20,PARC NUVO AT ESSEX,Pass,0,0,0,0,0
PARC NUVO AT ESSEX,Spa Indoor,2025-03-11,PARC NUVO AT ESSEX,Pass,0,0,0,0,0
PARC NUVO AT ESSEX,Spa Indoor,2025-06-03,PARC NUVO AT ESSEX,Pass,0,0,0,0,0
PARC NUVO AT ESSEX,Spa Indoor,2025-12-29,PARC NUVO AT ESSEX,Pass,0,0,0,0,0
PARC NUVO AT ESSEX,Spa Indoor,2026-03-11,PARC NUVO AT ESSEX,Pass,0,0,0,0,0
PARC NUVO AT ESSEX,Spa Indoor,2026-06-15,PARC NUVO AT ESSEX,Conditional Pass,1,0,0,1,1
PARC NUVO AT ESSEX,Spa Indoor,2026-06-17,PARC NUVO AT ESSEX,Pass,0,0,0,0,0
PARC NUVO AT ESSEX,Spa Indoor,2026-09-15,PARC NUVO AT ESSEX,Pass,0,0,0,0,0
PARK PROPERTY MANAGEMENT,Outdoor Pool,2024-08-26,AVRO MANAGEMENT LTD.,Pass,1,1,0,0,1
PARK PROPERTY MANAGEMENT,Outdoor Pool,2025-07-25,AVRO MANAGEMENT LTD.,Pass,1,1,0,0,1
PARK TOWERS,Indoor Pool,2024-09-27,PARK TOWERS,Pass,0,0,0,0,0
PARK TOWERS,Indoor Pool,2025-01-30,PARK TOWERS,Pass,0,0,0,0,0
PARK TOWERS,Indoor Pool,2025-06-24,PARK TOWERS,Pass,0,0,0,0,0
PARK TOWERS,Indoor Pool,2025-08-21,PARK TOWERS,Pass,0,0,0,0,0
PARK TOWERS,Indoor Pool,2025-10-14,PARK TOWERS,Pass,0,0,0,0,0
PARK TOWERS,Indoor Pool,2026-06-09,PARK TOWERS,Pass,0,0,0,0,0
PARK TOWERS,Indoor Pool,2026-08-06,PARK TOWERS,Pass,0,0,0,0,0
PARK TOWERS,Spa Indoor,2024-09-30,PARK TOWERS,Pass,0,0,0,0,0
PARK TOWERS,Spa Indoor,2025-06-23,PARK TOWERS,Pass,0,0,0,0,0
PARK WILLOW DEVELOPMENTS,Outdoor Pool,2024-07-09,PARK WILLOW DEVELOPMENTS,Conditional Pass,6,3,2,1,5
PARK WILLOW DEVELOPMENTS,Outdoor Pool,2024-07-26,PARK WILLOW DEVELOPMENTS,Pass,0,0,0,0,0
PARK WILLOW DEVELOPMENTS,Outdoor Pool,2025-08-12,PARK WILLOW DEVELOPMENTS,Conditional Pass,6,2,1,3,4
PARK WILLOW DEVELOPMENTS,Outdoor Pool,2025-08-27,PARK WILLOW DEVELOPMENTS,Pass,1,1,0,0,1
PARK WILLOW DEVELOPMENTS,Outdoor Pool,2026-08-12,PARK WILLOW DEVELOPMENTS,Pass,3,3,0,0,3
PARKDALE PUBLIC SCHOOL,Indoor Pool,2024-09-23,PARKDALE PUBLIC SCHOOL,Closed,3,0,0,3,3
PARKDALE PUBLIC SCHOOL,Indoor Pool,2024-09-25,PARKDALE PUBLIC SCHOOL,Pass,0,0,0,0,0
PARKDALE PUBLIC SCHOOL,Indoor Pool,2024-11-25,PARKDALE PUBLIC SCHOOL,Pass,0,0,0,0,0
PARKDALE PUBLIC SCHOOL,Indoor Pool,2025-02-05,PARKDALE PUBLIC SCHOOL,Pass,3,3,0,0,2
PARKDALE PUBLIC SCHOOL,Indoor Pool,2025-06-20,PARKDALE PUBLIC SCHOOL,Pass,0,0,0,0,0
PARKDALE PUBLIC SCHOOL,Indoor Pool,2025-09-30,PARKDALE PUBLIC SCHOOL,Pass,0,0,0,0,0
PARKDALE PUBLIC SCHOOL,Indoor Pool,2026-02-12,PARKDALE PUBLIC SCHOOL,Pass,2,2,0,0,2
PARKDALE PUBLIC SCHOOL,Indoor Pool,2026-06-24,PARKDALE PUBLIC SCHOOL,Closed,5,3,0,2,3
PARKDALE PUBLIC SCHOOL,Indoor Pool,2026-06-29,PARKDALE PUBLIC SCHOOL,Pass,0,0,0,0,0
PARKDALE PUBLIC SCHOOL,Indoor Pool,2026-08-14,PARKDALE PUBLIC SCHOOL,Pass,3,3,0,0,2
PARKDALE PUBLIC SCHOOL (TOT POOL),Indoor Pool,2024-09-23,PARKDALE PUBLIC SCHOOL,Closed,2,0,0,2,2
PARKDALE PUBLIC SCHOOL (TOT POOL),Indoor Pool,2024-09-25,PARKDALE PUBLIC SCHOOL,Pass,0,0,0,0,0
PARKDALE PUBLIC SCHOOL (TOT POOL),Indoor Pool,2024-11-25,PARKDALE PUBLIC SCHOOL,Pass,0,0,0,0,0
PARKDALE PUBLIC SCHOOL (TOT POOL),Indoor Pool,2025-02-05,PARKDALE PUBLIC SCHOOL,Pass,2,2,0,0,1
PARKDALE PUBLIC SCHOOL (TOT POOL),Indoor Pool,2025-06-20,PARKDALE PUBLIC SCHOOL,Pass,0,0,0,0,0
PARKDALE PUBLIC SCHOOL (TOT POOL),Indoor Pool,2025-09-30,PARKDALE PUBLIC SCHOOL,Pass,0,0,0,0,0
PARKDALE PUBLIC SCHOOL (TOT POOL),Indoor Pool,2026-02-12,PARKDALE PUBLIC SCHOOL,Pass,2,2,0,0,2
PARKDALE PUBLIC SCHOOL (TOT POOL),Indoor Pool,2026-06-24,PARKDALE PUBLIC SCHOOL,Pass,3,3,0,0,1
PARKDALE PUBLIC SCHOOL (TOT POOL),Indoor Pool,2026-08-14,PARKDALE PUBLIC SCHOOL,Pass,4,4,0,0,3
PARKLAND ON EGLINTON WEST,Indoor Pool,2024-09-28,PARKLAND ON EGLINTON WEST,Pass,0,0,0,0,0
PARKLAND ON EGLINTON WEST,Indoor Pool,2024-12-16,PARKLAND ON EGLINTON WEST,Pass,1,0,1,0,1
PARKLAND ON EGLINTON WEST,Indoor Pool,2025-03-27,PARKLAND ON EGLINTON WEST,Pass,0,0,0,0,0
PARKLAND ON EGLINTON WEST,Indoor Pool,2025-06-26,PARKLAND ON EGLINTON WEST,Pass,0,0,0,0,0
PARKLAND ON EGLINTON WEST,Indoor Pool,2025-09-30,PARKLAND ON EGLINTON WEST,Pass,0,0,0,0,0
PARKLAND ON EGLINTON WEST,Indoor Pool,2026-03-26,PARKLAND ON EGLINTON WEST,Pass,2,0,2,0,1
PARKLAND ON EGLINTON WEST,Indoor Pool,2026-05-14,PARKLAND ON EGLINTON WEST,Conditional Pass,1,0,0,1,1
PARKLAND ON EGLINTON WEST,Indoor Pool,2026-06-01,PARKLAND ON EGLINTON WEST,Pass,0,0,0,0,0
PARKLAWN OUTDOOR POOL,Outdoor Pool,2024-07-25,PARK LAWN PARK,Pass,2,2,0,0,2
PARKLAWN OUTDOOR POOL,Outdoor Pool,2025-07-16,PARK LAWN PARK,Conditional Pass,5,2,1,2,3
PARKLAWN OUTDOOR POOL,Outdoor Pool,2025-08-18,PARK LAWN PARK,Pass,0,0,0,0,0
PARKLAWN OUTDOOR POOL,Outdoor Pool,2026-07-03,PARK LAWN PARK,Pass,1,1,0,0,1
PARKSIDE POOL,Indoor Pool,2024-09-13,PARKSIDE,Pass,0,0,0,0,0
PARKSIDE POOL,Indoor Pool,2024-12-02,PARKSIDE,Pass,0,0,0,0,0
PARKSIDE POOL,Indoor Pool,2025-03-04,PARKSIDE,Pass,1,1,0,0,1
PARKSIDE POOL,Indoor Pool,2025-05-29,PARKSIDE,Pass,1,1,0,0,1
PARKSIDE POOL,Indoor Pool,2025-09-08,PARKSIDE,Pass,0,0,0,0,0
PARKSIDE POOL,Indoor Pool,2025-12-10,PARKSIDE,Pass,1,1,0,0,1
PARKSIDE POOL,Indoor Pool,2026-06-11,PARKSIDE,Pass,1,1,0,0,1
PARKSIDE SPA,Spa Indoor,2024-09-13,PARKSIDE,Pass,0,0,0,0,0
PARKSIDE SPA,Spa Indoor,2024-12-02,PARKSIDE,Pass,0,0,0,0,0
PARKSIDE SPA,Spa Indoor,2025-03-04,PARKSIDE,Pass,1,1,0,0,1
PARKSIDE SPA,Spa Indoor,2025-05-29,PARKSIDE,Pass,3,2,1,0,2
PARKSIDE SPA,Spa Indoor,2025-09-08,PARKSIDE,Pass,0,0,0,0,0
PARKSIDE SPA,Spa Indoor,2026-06-11,PARKSIDE,Pass,1,1,0,0,1
PARKVIEW RESIDENCES,Indoor Pool,2024-07-24,PARKVIEW RESIDENCES,Pass,1,1,0,0,1
PARKVIEW RESIDENCES,Indoor Pool,2024-10-28,PARKVIEW RESIDENCES,Pass,1,1,0,0,1
PARKVIEW RESIDENCES,Indoor Pool,2025-01-13,PARKVIEW RESIDENCES,Closed,4,0,1,3,3
PARKVIEW RESIDENCES,Indoor Pool,2025-01-15,PARKVIEW RESIDENCES,Pass,0,0,0,0,0
PARKVIEW RESIDENCES,Indoor Pool,2025-05-07,PARKVIEW RESIDENCES,Pass,0,0,0,0,0
PARKVIEW RESIDENCES,Indoor Pool,2025-09-18,PARKVIEW RESIDENCES,Pass,0,0,0,0,0
PARKVIEW RESIDENCES,Indoor Pool,2025-12-02,PARKVIEW RESIDENCES,Pass,0,0,0,0,0
PARKVIEW RESIDENCES,Indoor Pool,2026-02-05,PARKVIEW RESIDENCES,Pass,0,0,0,0,0
PARKVIEW RESIDENCES,Indoor Pool,2026-04-23,PARKVIEW RESIDENCES,Pass,0,0,0,0,0
PARKWAY FOREST COMMUNITY CENTRE OUTDOOR POOL,Outdoor Pool,2025-07-31,PARKWAY FOREST COMMUNITY CENTRE OUTDOOR POOL,Pass,0,0,0,0,0
PARKWAY FOREST COMMUNITY CENTRE OUTDOOR POOL,Outdoor Pool,2026-07-09,PARKWAY FOREST COMMUNITY CENTRE OUTDOOR POOL,Pass,3,3,0,0,2
PARKWAY FOREST MANOR COMMUNITY CENTRE KIDS OUTDOOR POOL,Outdoor Pool,2025-07-31,PARKWAY FOREST COMMUNITY CENTRE OUTDOOR POOL,Pass,0,0,0,0,0
PARKWAY FOREST MANOR COMMUNITY CENTRE KIDS OUTDOOR POOL,Outdoor Pool,2026-07-09,PARKWAY FOREST COMMUNITY CENTRE OUTDOOR POOL,Pass,1,1,0,0,1
PAVILION DEL SOL POOL,Indoor Pool,2024-09-16,PAVILION DEL SOL,Pass,0,0,0,0,0
PAVILION DEL SOL POOL,Indoor Pool,2024-12-19,PAVILION DEL SOL,Pass,0,0,0,0,0
PAVILION DEL SOL POOL,Indoor Pool,2025-03-25,PAVILION DEL SOL,Pass,0,0,0,0,0
PAVILION DEL SOL POOL,Indoor Pool,2025-06-06,PAVILION DEL SOL,Pass,0,0,0,0,0
PAVILION DEL SOL POOL,Indoor Pool,2025-09-26,PAVILION DEL SOL,Pass,0,0,0,0,0
PAVILION DEL SOL POOL,Indoor Pool,2025-12-18,PAVILION DEL SOL,Pass,0,0,0,0,0
PAVILION DEL SOL POOL,Indoor Pool,2026-02-06,PAVILION DEL SOL,Pass,0,0,0,0,0
PAVILION DEL SOL POOL,Indoor Pool,2026-05-22,PAVILION DEL SOL,Pass,0,0,0,0,0
PAVILION DEL SOL SPA,Spa Indoor,2024-09-16,PAVILION DEL SOL,Pass,1,1,0,0,1
PAVILION DEL SOL SPA,Spa Indoor,2024-12-19,PAVILION DEL SOL,Pass,1,1,0,0,1
PAVILION DEL SOL SPA,Spa Indoor,2025-03-25,PAVILION DEL SOL,Pass,0,0,0,0,0
PAVILION DEL SOL SPA,Spa Indoor,2025-06-06,PAVILION DEL SOL,Pass,2,2,0,0,2
PAVILION DEL SOL SPA,Spa Indoor,2025-09-26,PAVILION DEL SOL,Pass,1,0,1,0,1
PAVILION DEL SOL SPA,Spa Indoor,2025-12-18,PAVILION DEL SOL,Pass,0,0,0,0,0
PAVILION DEL SOL SPA,Spa Indoor,2026-02-06,PAVILION DEL SOL,Pass,0,0,0,0,0
PAVILION DEL SOL SPA,Spa Indoor,2026-05-22,PAVILION DEL SOL,Pass,0,0,0,0,0
PAXTON PLACE,Indoor Pool,2024-09-25,PAXTON PLACE,Pass,1,1,0,0,1
PAXTON PLACE,Indoor Pool,2024-11-26,PAXTON PLACE,Pass,1,1,0,0,1
PAXTON PLACE,Indoor Pool,2025-02-27,PAXTON PLACE,Pass,1,1,0,0,1
PAXTON PLACE,Indoor Pool,2025-06-17,PAXTON PLACE,Pass,1,1,0,0,1
PAXTON PLACE,Indoor Pool,2026-05-14,PAXTON PLACE,Pass,3,3,0,0,2
PEARL CONDOMINIUMS,Indoor Pool,2024-07-17,PEARL CONDOMINIUMS,Pass,2,2,0,0,2
PEARL CONDOMINIUMS,Indoor Pool,2024-10-25,PEARL CONDOMINIUMS,Pass,0,0,0,0,0
PEARL CONDOMINIUMS,Indoor Pool,2025-01-29,PEARL CONDOMINIUMS,Pass,0,0,0,0,0
PEARL CONDOMINIUMS,Indoor Pool,2025-04-25,PEARL CONDOMINIUMS,Pass,0,0,0,0,0
PEARL CONDOMINIUMS,Indoor Pool,2025-07-24,PEARL CONDOMINIUMS,Pass,1,0,1,0,1
PEARL CONDOMINIUMS,Indoor Pool,2025-11-19,PEARL CONDOMINIUMS,Pass,4,4,0,0,3
PEARL CONDOMINIUMS,Indoor Pool,2026-02-20,PEARL CONDOMINIUMS,Conditional Pass,3,1,1,1,1
PEARL CONDOMINIUMS,Indoor Pool,2026-02-23,PEARL CONDOMINIUMS,Pass,0,0,0,0,0
PEARL CONDOMINIUMS,Indoor Pool,2026-05-25,PEARL CONDOMINIUMS,Pass,1,1,0,0,1
PEARL CONDOMINIUMS,Spa Indoor,2024-07-17,PEARL CONDOMINIUMS,Pass,1,1,0,0,1
PEARL CONDOMINIUMS,Spa Indoor,2024-10-25,PEARL CONDOMINIUMS,Pass,2,2,0,0,2
PEARL CONDOMINIUMS,Spa Indoor,2025-01-29,PEARL CONDOMINIUMS,Pass,1,0,1,0,1
PEARL CONDOMINIUMS,Spa Indoor,2025-07-24,PEARL CONDOMINIUMS,Pass,1,0,1,0,1
PEARL CONDOMINIUMS,Spa Indoor,2025-11-19,PEARL CONDOMINIUMS,Pass,0,0,0,0,0
PEARL CONDOMINIUMS,Spa Indoor,2026-02-20,PEARL CONDOMINIUMS,Conditional Pass,3,1,1,1,1
PEARL CONDOMINIUMS,Spa Indoor,2026-05-25,PEARL CONDOMINIUMS,Pass,0,0,0,0,0
PEARL PLACE II,Indoor Pool,2025-09-30,PEARL PLACE II,Pass,0,0,0,0,0
PEARL PLACE II,Indoor Pool,2025-12-29,PEARL PLACE II,Pass,0,0,0,0,0
PEARL PLACE II,Indoor Pool,2026-03-27,PEARL PLACE II,Pass,0,0,0,0,0
PEARL PLACE II,Indoor Pool,2026-06-23,PEARL PLACE II,Pass,3,2,1,0,2
PEARS ON THE AVENUE (CONDO-POOL),Indoor Pool,2024-07-22,170 AVENUE ROAD - PEAR ON THE AVENUE,Pass,0,0,0,0,0
PEARS ON THE AVENUE (CONDO-POOL),Indoor Pool,2024-10-28,170 AVENUE ROAD - PEAR ON THE AVENUE,Pass,0,0,0,0,0
PEARS ON THE AVENUE (CONDO-POOL),Indoor Pool,2025-02-04,170 AVENUE ROAD - PEAR ON THE AVENUE,Pass,0,0,0,0,0
PEARS ON THE AVENUE (CONDO-POOL),Indoor Pool,2025-05-02,170 AVENUE ROAD - PEAR ON THE AVENUE,Pass,0,0,0,0,0
PEARS ON THE AVENUE (CONDO-POOL),Indoor Pool,2025-08-21,170 AVENUE ROAD - PEAR ON THE AVENUE,Pass,0,0,0,0,0
PEARS ON THE AVENUE (CONDO-POOL),Indoor Pool,2025-11-17,170 AVENUE ROAD - PEAR ON THE AVENUE,Pass,0,0,0,0,0
PEARS ON THE AVENUE (CONDO-POOL),Indoor Pool,2026-02-19,170 AVENUE ROAD - PEAR ON THE AVENUE,Pass,0,0,0,0,0
PEARS ON THE AVENUE (CONDO-POOL),Indoor Pool,2026-05-27,170 AVENUE ROAD - PEAR ON THE AVENUE,Pass,0,0,0,0,0
PEARS ON THE AVENUE (CONDO-SPA),Spa Indoor,2024-07-22,170 AVENUE ROAD - PEAR ON THE AVENUE,Pass,0,0,0,0,0
PEARS ON THE AVENUE (CONDO-SPA),Spa Indoor,2024-10-28,170 AVENUE ROAD - PEAR ON THE AVENUE,Pass,0,0,0,0,0
PEARS ON THE AVENUE (CONDO-SPA),Spa Indoor,2025-02-04,170 AVENUE ROAD - PEAR ON THE AVENUE,Pass,0,0,0,0,0
PEARS ON THE AVENUE (CONDO-SPA),Spa Indoor,2025-05-02,170 AVENUE ROAD - PEAR ON THE AVENUE,Pass,1,1,0,0,1
PEARS ON THE AVENUE (CONDO-SPA),Spa Indoor,2025-08-21,170 AVENUE ROAD - PEAR ON THE AVENUE,Pass,1,1,0,0,1
PEARS ON THE AVENUE (CONDO-SPA),Spa Indoor,2025-11-17,170 AVENUE ROAD - PEAR ON THE AVENUE,Pass,1,1,0,0,1
PEARS ON THE AVENUE (CONDO-SPA),Spa Indoor,2026-02-19,170 AVENUE ROAD - PEAR ON THE AVENUE,Pass,0,0,0,0,0
PEARS ON THE AVENUE (CONDO-SPA),Spa Indoor,2026-05-28,170 AVENUE ROAD - PEAR ON THE AVENUE,Pass,0,0,0,0,0
PEER PROPERTY MANAGEMENT LTD,Outdoor Pool,2024-08-30,720 SPADINA AVE,Conditional Pass,2,0,1,1,2
PEER PROPERTY MANAGEMENT LTD,Outdoor Pool,2024-09-06,720 SPADINA AVE,Pass,0,0,0,0,0
PEER PROPERTY MANAGEMENT LTD,Outdoor Pool,2025-09-11,720 SPADINA AVE,Pass,0,0,0,0,0
PEER PROPERTY MANAGEMENT LTD,Outdoor Pool,2026-06-23,720 SPADINA AVE,Pass,2,2,0,0,2
PERSPECTIVE CONDOS,Indoor Pool,2024-11-05,PERSPECTIVE CONDOS,Conditional Pass,4,2,1,1,3
PERSPECTIVE CONDOS,Indoor Pool,2024-12-20,PERSPECTIVE CONDOS,Pass,0,0,0,0,0
PERSPECTIVE CONDOS,Indoor Pool,2025-02-21,PERSPECTIVE CONDOS,Pass,0,0,0,0,0
PERSPECTIVE CONDOS,Indoor Pool,2025-09-08,PERSPECTIVE CONDOS,Pass,0,0,0,0,0
PERSPECTIVE CONDOS,Indoor Pool,2025-12-04,PERSPECTIVE CONDOS,Pass,0,0,0,0,0
PERSPECTIVE CONDOS,Indoor Pool,2026-03-09,PERSPECTIVE CONDOS,Pass,1,1,0,0,1
PERSPECTIVE CONDOS,Indoor Pool,2026-06-26,PERSPECTIVE CONDOS,Pass,2,1,1,0,2
PERSPECTIVE CONDOS,Indoor Pool,2026-09-23,PERSPECTIVE CONDOS,Pass,0,0,0,0,0
PETER & ADELAIDE CONDOS,Outdoor Pool,2024-07-17,PETER & ADELAIDE CONDOS - 108 PETER ST,Pass,0,0,0,0,0
PETER & ADELAIDE CONDOS,Outdoor Pool,2025-06-20,PETER & ADELAIDE CONDOS - 108 PETER ST,Conditional Pass,4,1,1,2,3
PETER & ADELAIDE CONDOS,Outdoor Pool,2025-08-12,PETER & ADELAIDE CONDOS - 108 PETER ST,Closed,2,0,0,2,2
PETER & ADELAIDE CONDOS,Outdoor Pool,2025-08-15,PETER & ADELAIDE CONDOS - 108 PETER ST,Pass,0,0,0,0,0
PHARMACY PLACE,Indoor Pool,2024-09-05,PHARMACY PLACE,Pass,3,2,1,0,2
PHARMACY PLACE,Indoor Pool,2024-12-23,PHARMACY PLACE,Pass,0,0,0,0,0
PHARMACY PLACE,Indoor Pool,2025-02-04,PHARMACY PLACE,Pass,2,1,1,0,2
PHARMACY PLACE,Indoor Pool,2025-06-26,PHARMACY PLACE,Pass,3,2,1,0,1
PHARMACY PLACE,Indoor Pool,2025-09-04,PHARMACY PLACE,Pass,0,0,0,0,0
PHARMACY PLACE,Indoor Pool,2025-10-15,PHARMACY PLACE,Pass,2,1,1,0,2
PHARMACY PLACE,Indoor Pool,2026-01-16,PHARMACY PLACE,Conditional Pass,3,1,2,0,3
PHARMACY PLACE,Indoor Pool,2026-01-29,PHARMACY PLACE,Pass,0,0,0,0,0
PHARMACY PLACE,Indoor Pool,2026-04-29,PHARMACY PLACE,Pass,3,2,1,0,2
PHARMACY PLACE,Indoor Pool,2026-07-23,PHARMACY PLACE,Pass,1,1,0,0,1
PIER 27 - PHASE 2,Indoor Pool,2024-08-14,PIER 27- PHASE 2,Conditional Pass,3,2,1,0,3
PIER 27 - PHASE 2,Indoor Pool,2024-08-15,PIER 27- PHASE 2,Pass,0,0,0,0,0
PIER 27 - PHASE 2,Indoor Pool,2024-10-31,PIER 27- PHASE 2,Pass,1,1,0,0,1
PIER 27 - PHASE 2,Indoor Pool,2025-02-04,PIER 27- PHASE 2,Pass,0,0,0,0,0
PIER 27 - PHASE 2,Indoor Pool,2025-05-28,PIER 27- PHASE 2,Pass,3,2,1,0,2
PIER 27 - PHASE 2,Indoor Pool,2025-09-11,PIER 27- PHASE 2,Pass,0,0,0,0,0
PIER 27 - PHASE 2,Indoor Pool,2025-10-31,PIER 27- PHASE 2,Pass,0,0,0,0,0
PIER 27 - PHASE 2,Indoor Pool,2026-01-22,PIER 27- PHASE 2,Pass,0,0,0,0,0
PIER 27 - PHASE 2,Indoor Pool,2026-04-23,PIER 27- PHASE 2,Pass,1,1,0,0,1
PIER 27 - PHASE 2,Indoor Pool,2026-07-14,PIER 27- PHASE 2,Pass,0,0,0,0,0
PIER 27 - PHASE 2,Outdoor Pool,2024-08-14,PIER 27- PHASE 2,Conditional Pass,3,2,0,1,3
PIER 27 - PHASE 2,Outdoor Pool,2024-08-15,PIER 27- PHASE 2,Pass,1,1,0,0,1
PIER 27 - PHASE 2,Outdoor Pool,2025-05-12,PIER 27- PHASE 2,Pass,0,0,0,0,0
PIER 27 - PHASE 2,Spa Indoor,2024-08-14,39 QUEENS QUAY EAST - PIER 27 - PHASE 2,Pass,1,1,0,0,1
PIER 27 - PHASE 2,Spa Indoor,2024-10-31,39 QUEENS QUAY EAST - PIER 27 - PHASE 2,Pass,1,1,0,0,1
PIER 27 - PHASE 2,Spa Indoor,2025-05-22,39 QUEENS QUAY EAST - PIER 27 - PHASE 2,Conditional Pass,3,1,1,1,1
PIER 27 - PHASE 2,Spa Indoor,2025-05-28,39 QUEENS QUAY EAST - PIER 27 - PHASE 2,Pass,0,0,0,0,0
PIER 27 - PHASE 2,Spa Indoor,2026-04-23,39 QUEENS QUAY EAST - PIER 27 - PHASE 2,Pass,0,0,0,0,0
PIER 27 - PHASE I,Indoor Pool,2024-08-19,29 QUEENS QUAY EAST - PIER 27 - PHASE I,Pass,2,2,0,0,2
PIER 27 - PHASE I,Indoor Pool,2024-11-05,29 QUEENS QUAY EAST - PIER 27 - PHASE I,Conditional Pass,3,2,1,0,3
PIER 27 - PHASE I,Indoor Pool,2024-11-08,29 QUEENS QUAY EAST - PIER 27 - PHASE I,Pass,0,0,0,0,0
PIER 27 - PHASE I,Indoor Pool,2025-02-12,29 QUEENS QUAY EAST - PIER 27 - PHASE I,Pass,0,0,0,0,0
PIER 27 - PHASE I,Indoor Pool,2025-05-01,29 QUEENS QUAY EAST - PIER 27 - PHASE I,Pass,0,0,0,0,0
PIER 27 - PHASE I,Indoor Pool,2025-09-10,29 QUEENS QUAY EAST - PIER 27 - PHASE I,Pass,0,0,0,0,0
PIER 27 - PHASE I,Indoor Pool,2025-10-29,29 QUEENS QUAY EAST - PIER 27 - PHASE I,Pass,0,0,0,0,0
PIER 27 - PHASE I,Indoor Pool,2026-01-20,29 QUEENS QUAY EAST - PIER 27 - PHASE I,Pass,0,0,0,0,0
PIER 27 - PHASE I,Indoor Pool,2026-05-05,29 QUEENS QUAY EAST - PIER 27 - PHASE I,Pass,0,0,0,0,0
PIER 27 - PHASE I,Indoor Pool,2026-07-13,29 QUEENS QUAY EAST - PIER 27 - PHASE I,Pass,1,1,0,0,1
PIER 27 - PHASE I,Spa Indoor,2024-08-19,29 QUEENS QUAY EAST - PIER 27 - PHASE I,Pass,1,1,0,0,1
PIER 27 - PHASE I,Spa Indoor,2024-11-05,29 QUEENS QUAY EAST - PIER 27 - PHASE I,Conditional Pass,2,1,1,0,2
PIER 27 - PHASE I,Spa Indoor,2025-02-12,29 QUEENS QUAY EAST - PIER 27 - PHASE I,Pass,1,0,1,0,1
PIER 27 - PHASE I,Spa Indoor,2025-05-01,29 QUEENS QUAY EAST - PIER 27 - PHASE I,Conditional Pass,2,0,1,1,2
PIER 27 - PHASE I,Spa Indoor,2025-05-06,29 QUEENS QUAY EAST - PIER 27 - PHASE I,Pass,0,0,0,0,0
PIER 27 - PHASE I,Spa Indoor,2026-01-20,29 QUEENS QUAY EAST - PIER 27 - PHASE I,Conditional Pass,3,1,1,1,1
PIER 27 - PHASE I,Spa Indoor,2026-02-02,29 QUEENS QUAY EAST - PIER 27 - PHASE I,Conditional Pass,3,1,1,1,1
PIER 27 - PHASE I,Spa Indoor,2026-02-10,29 QUEENS QUAY EAST - PIER 27 - PHASE I,Pass,0,0,0,0,0
PIER 27-PHASE 1 CONDO,Outdoor Pool,2024-08-19,29 QUEENS QUAY EAST - PIER 27 - PHASE I,Pass,3,2,1,0,2
PIER 27-PHASE 1 CONDO,Outdoor Pool,2025-06-03,29 QUEENS QUAY EAST - PIER 27 - PHASE I,Conditional Pass,4,1,1,2,3
PIER 27-PHASE 1 CONDO,Outdoor Pool,2025-06-10,29 QUEENS QUAY EAST - PIER 27 - PHASE I,Pass,0,0,0,0,0
PIER 27-PHASE 1 CONDO,Outdoor Pool,2026-07-13,29 QUEENS QUAY EAST - PIER 27 - PHASE I,Pass,1,1,0,0,1
PINE POINT POOL,Outdoor Pool,2024-07-22,PINE POINT PARK,Pass,0,0,0,0,0
PINE POINT POOL,Outdoor Pool,2025-07-09,PINE POINT PARK,Conditional Pass,2,0,0,2,2
PINE POINT POOL,Outdoor Pool,2025-07-10,PINE POINT PARK,Pass,0,0,0,0,0
PINE POINT POOL,Outdoor Pool,2026-08-21,PINE POINT PARK,Pass,1,1,0,0,1
PINNACLE CENTRE,Indoor Pool,2024-08-22,PINNACLE CENTRE,Pass,0,0,0,0,0
PINNACLE CENTRE,Indoor Pool,2024-11-29,PINNACLE CENTRE,Pass,0,0,0,0,0
PINNACLE CENTRE,Indoor Pool,2025-02-24,PINNACLE CENTRE,Pass,0,0,0,0,0
PINNACLE CENTRE,Indoor Pool,2025-05-12,PINNACLE CENTRE,Pass,0,0,0,0,0
PINNACLE CENTRE,Indoor Pool,2025-10-28,PINNACLE CENTRE,Pass,0,0,0,0,0
PINNACLE CENTRE,Indoor Pool,2026-03-03,PINNACLE CENTRE,Pass,0,0,0,0,0
PINNACLE CENTRE,Indoor Pool,2026-05-27,PINNACLE CENTRE,Pass,0,0,0,0,0
PINNACLE CENTRE,Indoor Pool,2026-09-04,PINNACLE CENTRE,Pass,1,1,0,0,1
PINNACLE CENTRE - NORTH SPA,Spa Indoor,2024-08-22,PINNACLE CENTRE,Pass,1,0,1,0,1
PINNACLE CENTRE - NORTH SPA,Spa Indoor,2024-11-29,PINNACLE CENTRE,Pass,0,0,0,0,0
PINNACLE CENTRE - NORTH SPA,Spa Indoor,2025-02-24,PINNACLE CENTRE,Pass,0,0,0,0,0
PINNACLE CENTRE - NORTH SPA,Spa Indoor,2025-05-14,PINNACLE CENTRE,Pass,0,0,0,0,0
PINNACLE CENTRE - NORTH SPA,Spa Indoor,2025-10-28,PINNACLE CENTRE,Pass,0,0,0,0,0
PINNACLE CENTRE - NORTH SPA,Spa Indoor,2026-03-03,PINNACLE CENTRE,Pass,0,0,0,0,0
PINNACLE CENTRE - NORTH SPA,Spa Indoor,2026-05-25,PINNACLE CENTRE,Conditional Pass,2,0,1,1,2
PINNACLE CENTRE - NORTH SPA,Spa Indoor,2026-05-27,PINNACLE CENTRE,Pass,0,0,0,0,0
PINNACLE CENTRE - NORTH SPA,Spa Indoor,2026-09-04,PINNACLE CENTRE,Pass,0,0,0,0,0
PINNACLE CENTRE - SOUTH SPA,Spa Indoor,2024-08-22,PINNACLE CENTRE,Pass,1,0,1,0,1
PINNACLE CENTRE - SOUTH SPA,Spa Indoor,2024-11-29,PINNACLE CENTRE,Pass,0,0,0,0,0
PINNACLE CENTRE - SOUTH SPA,Spa Indoor,2025-02-24,PINNACLE CENTRE,Pass,0,0,0,0,0
PINNACLE CENTRE - SOUTH SPA,Spa Indoor,2025-05-12,PINNACLE CENTRE,Pass,0,0,0,0,0
PINNACLE CENTRE - SOUTH SPA,Spa Indoor,2025-10-28,PINNACLE CENTRE,Pass,0,0,0,0,0
PINNACLE CENTRE - SOUTH SPA,Spa Indoor,2026-03-03,PINNACLE CENTRE,Pass,0,0,0,0,0
PINNACLE CENTRE - SOUTH SPA,Spa Indoor,2026-05-25,PINNACLE CENTRE,Pass,0,0,0,0,0
PINNACLE CENTRE - SOUTH SPA,Spa Indoor,2026-09-04,PINNACLE CENTRE,Pass,0,0,0,0,0
PINNACLE TORONTO 7TH FLOOR POOL,Outdoor Pool,2026-08-07,PINNACLE TORONTO 7TH FLOOR POOL,Pass,0,0,0,0,0
PINNACLE TORONTO 7TH FLOOR SPA,Spa Outdoor,2026-08-07,PINNACLE TORONTO 7TH FLOOR POOL,Pass,0,0,0,0,0
PLACE NOUVEAU POOL,Indoor Pool,2024-08-19,PLACE NOUVEAU,Pass,2,2,0,0,2
PLACE NOUVEAU POOL,Indoor Pool,2024-11-04,PLACE NOUVEAU,Conditional Pass,2,1,0,1,2
PLACE NOUVEAU POOL,Indoor Pool,2024-11-13,PLACE NOUVEAU,Pass,0,0,0,0,0
PLACE NOUVEAU POOL,Indoor Pool,2025-03-13,PLACE NOUVEAU,Pass,2,2,0,0,1
PLACE NOUVEAU POOL,Indoor Pool,2025-06-18,PLACE NOUVEAU,Pass,3,3,0,0,1
PLACE NOUVEAU POOL,Indoor Pool,2026-01-27,PLACE NOUVEAU,Pass,4,4,0,0,2
PLACE NOUVEAU POOL,Indoor Pool,2026-05-13,PLACE NOUVEAU,Pass,3,3,0,0,3
PLACE NOUVEAU SPA,Spa Indoor,2024-08-19,PLACE NOUVEAU,Pass,2,2,0,0,2
PLACE NOUVEAU SPA,Spa Indoor,2024-11-04,PLACE NOUVEAU,Pass,2,2,0,0,2
PLACE NOUVEAU SPA,Spa Indoor,2025-03-13,PLACE NOUVEAU,Pass,1,1,0,0,1
PLACE NOUVEAU SPA,Spa Indoor,2025-06-18,PLACE NOUVEAU,Pass,1,1,0,0,1
PLACE NOUVEAU SPA,Spa Indoor,2026-01-27,PLACE NOUVEAU,Pass,0,0,0,0,0
PLACE NOUVEAU SPA,Spa Indoor,2026-05-13,PLACE NOUVEAU,Pass,2,2,0,0,2
PLATINUM ROUGE POOL,Indoor Pool,2024-07-17,PLATINUM ROUGE,Pass,0,0,0,0,0
PLATINUM ROUGE POOL,Indoor Pool,2024-10-15,PLATINUM ROUGE,Pass,2,2,0,0,2
PLATINUM ROUGE POOL,Indoor Pool,2025-01-13,PLATINUM ROUGE,Pass,2,2,0,0,1
PLATINUM ROUGE POOL,Indoor Pool,2025-03-26,PLATINUM ROUGE,Pass,1,0,1,0,1
PLATINUM ROUGE POOL,Indoor Pool,2025-06-16,PLATINUM ROUGE,Conditional Pass,1,0,1,0,1
PLATINUM ROUGE POOL,Indoor Pool,2025-08-14,PLATINUM ROUGE,Pass,1,1,0,0,1
PLATINUM ROUGE POOL,Indoor Pool,2025-10-24,PLATINUM ROUGE,Pass,1,1,0,0,1
PLATINUM ROUGE POOL,Indoor Pool,2026-01-30,PLATINUM ROUGE,Pass,2,2,0,0,1
PLATINUM ROUGE POOL,Indoor Pool,2026-06-11,PLATINUM ROUGE,Pass,0,0,0,0,0
PLATINUM ROUGE POOL,Indoor Pool,2026-09-10,PLATINUM ROUGE,Pass,2,1,1,0,2
PLATINUM ROUGE WHIRLPOOL,Spa Indoor,2024-07-17,PLATINUM ROUGE,Pass,2,1,1,0,1
PLATINUM ROUGE WHIRLPOOL,Spa Indoor,2024-10-15,PLATINUM ROUGE,Pass,2,2,0,0,2
PLATINUM ROUGE WHIRLPOOL,Spa Indoor,2025-01-13,PLATINUM ROUGE,Conditional Pass,2,1,0,1,2
PLATINUM ROUGE WHIRLPOOL,Spa Indoor,2025-01-15,PLATINUM ROUGE,Pass,1,1,0,0,1
PLATINUM ROUGE WHIRLPOOL,Spa Indoor,2025-03-26,PLATINUM ROUGE,Closed,2,0,0,2,2
PLATINUM ROUGE WHIRLPOOL,Spa Indoor,2025-03-28,PLATINUM ROUGE,Pass,1,0,1,0,1
PLATINUM ROUGE WHIRLPOOL,Spa Indoor,2025-06-16,PLATINUM ROUGE,Pass,0,0,0,0,0
PLATINUM ROUGE WHIRLPOOL,Spa Indoor,2025-08-14,PLATINUM ROUGE,Pass,1,1,0,0,1
PLATINUM ROUGE WHIRLPOOL,Spa Indoor,2025-10-24,PLATINUM ROUGE,Pass,1,1,0,0,1
PLATINUM ROUGE WHIRLPOOL,Spa Indoor,2026-01-30,PLATINUM ROUGE,Conditional Pass,3,1,1,1,2
PLATINUM ROUGE WHIRLPOOL,Spa Indoor,2026-02-11,PLATINUM ROUGE,Pass,0,0,0,0,0
PLATINUM ROUGE WHIRLPOOL,Spa Indoor,2026-06-11,PLATINUM ROUGE,Pass,2,1,1,0,1
PLATINUM ROUGE WHIRLPOOL,Spa Indoor,2026-09-18,PLATINUM ROUGE,Pass,1,0,1,0,1
PLAYGROUND COLD SPA,Spa Indoor,2024-08-28,PLAYGROUND,Pass,0,0,0,0,0
PLAYGROUND COLD SPA,Spa Indoor,2024-12-05,PLAYGROUND,Pass,0,0,0,0,0
PLAYGROUND COLD SPA,Spa Indoor,2025-03-11,PLAYGROUND,Pass,0,0,0,0,0
PLAYGROUND COLD SPA,Spa Indoor,2025-05-28,PLAYGROUND,Pass,0,0,0,0,0
PLAYGROUND COLD SPA,Spa Indoor,2025-08-25,PLAYGROUND,Conditional Pass,1,0,1,0,1
PLAYGROUND COLD SPA,Spa Indoor,2025-08-28,PLAYGROUND,Pass,0,0,0,0,0
PLAYGROUND COLD SPA,Spa Indoor,2025-11-10,PLAYGROUND,Closed,2,0,0,2,2
PLAYGROUND COLD SPA,Spa Indoor,2025-11-25,PLAYGROUND,Pass,0,0,0,0,0
PLAYGROUND COLD SPA,Spa Indoor,2026-01-14,PLAYGROUND,Pass,0,0,0,0,0
PLAYGROUND COLD SPA,Spa Indoor,2026-06-30,PLAYGROUND,Pass,0,0,0,0,0
PLAYGROUND COLD SPA,Spa Indoor,2026-08-21,PLAYGROUND,Pass,1,1,0,0,1
PLAYGROUND HOT SPA,Spa Indoor,2024-08-28,PLAYGROUND,Pass,0,0,0,0,0
PLAYGROUND HOT SPA,Spa Indoor,2024-12-05,PLAYGROUND,Pass,1,1,0,0,1
PLAYGROUND HOT SPA,Spa Indoor,2025-03-11,PLAYGROUND,Pass,0,0,0,0,0
PLAYGROUND HOT SPA,Spa Indoor,2025-05-28,PLAYGROUND,Pass,0,0,0,0,0
PLAYGROUND HOT SPA,Spa Indoor,2025-08-25,PLAYGROUND,Pass,0,0,0,0,0
PLAYGROUND HOT SPA,Spa Indoor,2025-11-10,PLAYGROUND,Closed,4,1,0,3,3
PLAYGROUND HOT SPA,Spa Indoor,2025-11-25,PLAYGROUND,Pass,0,0,0,0,0
PLAYGROUND HOT SPA,Spa Indoor,2026-01-14,PLAYGROUND,Pass,0,0,0,0,0
PLAYGROUND HOT SPA,Spa Indoor,2026-06-30,PLAYGROUND,Pass,0,0,0,0,0
PLAYGROUND HOT SPA,Spa Indoor,2026-08-21,PLAYGROUND,Pass,1,1,0,0,1
PLAYGROUND OUTDOOR POOL,Outdoor Pool,2024-08-28,PLAYGROUND,Pass,0,0,0,0,0
PLAYGROUND OUTDOOR POOL,Outdoor Pool,2025-08-25,PLAYGROUND,Pass,0,0,0,0,0
PLAYGROUND OUTDOOR POOL,Outdoor Pool,2026-08-20,PLAYGROUND,Closed,5,1,1,3,3
PLAYGROUND OUTDOOR POOL,Outdoor Pool,2026-08-25,PLAYGROUND,Conditional Pass,1,0,0,1,1
PLAYGROUND OUTDOOR POOL,Outdoor Pool,2026-08-27,PLAYGROUND,Pass,0,0,0,0,0
PLAZA 100,Indoor Pool,2024-09-26,PLAZA 100,Pass,5,5,0,0,2
PLAZA 100,Indoor Pool,2025-01-23,PLAZA 100,Pass,4,4,0,0,2
PLAZA 100,Indoor Pool,2025-04-17,PLAZA 100,Pass,3,3,0,0,2
PLAZA 100,Indoor Pool,2025-12-30,PLAZA 100,Pass,8,8,0,0,3
PLAZA 100,Indoor Pool,2026-05-26,PLAZA 100,Pass,6,6,0,0,4
PLAZA MIDTOWN POOL,Outdoor Pool,2024-08-30,PLAZA MIDTOWN POOL - 50 DUNFIELD AVE,Pass,0,0,0,0,0
PLAZA MIDTOWN POOL,Outdoor Pool,2025-07-08,PLAZA MIDTOWN POOL - 50 DUNFIELD AVE,Closed,11,7,2,2,5
PLAZA MIDTOWN POOL,Outdoor Pool,2025-07-21,PLAZA MIDTOWN POOL - 50 DUNFIELD AVE,Pass,0,0,0,0,0
PLAZA MIDTOWN POOL,Outdoor Pool,2026-09-14,PLAZA MIDTOWN POOL - 50 DUNFIELD AVE,Pass,1,0,1,0,1
PLAZA MIDTOWN SPA,Spa Outdoor,2024-08-30,PLAZA MIDTOWN POOL - 50 DUNFIELD AVE,Pass,0,0,0,0,0
PLAZA MIDTOWN SPA,Spa Outdoor,2025-07-08,PLAZA MIDTOWN POOL - 50 DUNFIELD AVE,Conditional Pass,6,4,1,1,3
PLAZA MIDTOWN SPA,Spa Outdoor,2025-07-21,PLAZA MIDTOWN POOL - 50 DUNFIELD AVE,Pass,0,0,0,0,0
PLAZA MIDTOWN SPA,Spa Outdoor,2026-09-14,PLAZA MIDTOWN POOL - 50 DUNFIELD AVE,Pass,2,0,2,0,2
PLAZA ON YONGE POOL,Outdoor Pool,2025-11-28,PLAZA ON YONGE POOL,Pass,1,1,0,0,1
PLAZA ON YONGE POOL,Outdoor Pool,2026-05-15,PLAZA ON YONGE POOL,Pass,1,1,0,0,1
PLAZA ON YONGE SPA,Spa Outdoor,2025-11-28,PLAZA ON YONGE POOL,Pass,0,0,0,0,0
PLAZA ON YONGE SPA,Spa Outdoor,2026-05-15,PLAZA ON YONGE POOL,Pass,2,2,0,0,2
PLEASANTVIEW POOL,Outdoor Pool,2024-07-19,PLEASANTVIEW COMMUNITY CENTRE,Pass,0,0,0,0,0
PLEASANTVIEW POOL,Outdoor Pool,2025-07-04,PLEASANTVIEW COMMUNITY CENTRE,Conditional Pass,2,1,0,1,2
PLEASANTVIEW POOL,Outdoor Pool,2026-07-14,PLEASANTVIEW COMMUNITY CENTRE,Pass,2,2,0,0,2
POLO 1 CONDOMINIUM,Spa Indoor,2024-08-30,POLO 1 CONDOMINIUM,Pass,0,0,0,0,0
POLO 1 CONDOMINIUM,Spa Indoor,2024-10-30,POLO 1 CONDOMINIUM,Closed,2,0,0,2,2
POLO 1 CONDOMINIUM,Spa Indoor,2024-10-31,POLO 1 CONDOMINIUM,Pass,0,0,0,0,0
POLO 1 CONDOMINIUM,Spa Indoor,2025-03-18,POLO 1 CONDOMINIUM,Conditional Pass,9,7,1,1,3
POLO 1 CONDOMINIUM,Spa Indoor,2026-08-13,POLO 1 CONDOMINIUM,Pass,6,6,0,0,2
POLO 11,Spa Indoor,2024-08-01,POLO 11 CONDOMINIUM,Pass,0,0,0,0,0
POLO 11,Spa Indoor,2024-12-20,POLO 11 CONDOMINIUM,Pass,1,1,0,0,1
POLO 11,Spa Indoor,2025-03-24,POLO 11 CONDOMINIUM,Pass,3,3,0,0,2
POLO 11,Spa Indoor,2025-06-23,POLO 11 CONDOMINIUM,Pass,1,1,0,0,1
POLO 11,Spa Indoor,2025-11-24,POLO 11 CONDOMINIUM,Pass,1,1,0,0,1
POLO 11,Spa Indoor,2026-03-31,POLO 11 CONDOMINIUM,Pass,0,0,0,0,0
POLO 11,Spa Indoor,2026-06-24,POLO 11 CONDOMINIUM,Conditional Pass,6,4,2,0,3
POLO 11  OUT DOOR/POOL,Outdoor Pool,2024-08-01,POLO 11 CONDOMINIUM,Pass,0,0,0,0,0
POLO 11  OUT DOOR/POOL,Outdoor Pool,2024-09-19,POLO 11 CONDOMINIUM,Pass,0,0,0,0,0
POLO 11  OUT DOOR/POOL,Outdoor Pool,2025-06-23,POLO 11 CONDOMINIUM,Pass,2,2,0,0,1
POLO 11  OUT DOOR/POOL,Outdoor Pool,2026-06-24,POLO 11 CONDOMINIUM,Pass,7,7,0,0,3
PORT ROYAL PLACE,Indoor Pool,2024-09-11,PORT ROYAL PLACE,Pass,0,0,0,0,0
PORT ROYAL PLACE,Indoor Pool,2025-03-12,PORT ROYAL PLACE,Conditional Pass,1,0,0,1,1
PORT ROYAL PLACE,Indoor Pool,2025-04-25,PORT ROYAL PLACE,Pass,0,0,0,0,0
PORT ROYAL PLACE,Indoor Pool,2025-09-04,PORT ROYAL PLACE,Pass,0,0,0,0,0
PORT ROYAL PLACE,Indoor Pool,2025-11-25,PORT ROYAL PLACE,Pass,0,0,0,0,0
PORT ROYAL PLACE,Indoor Pool,2026-03-16,PORT ROYAL PLACE,Closed,2,0,0,2,2
PORT ROYAL PLACE,Indoor Pool,2026-03-26,PORT ROYAL PLACE,Pass,0,0,0,0,0
PORT ROYAL PLACE,Indoor Pool,2026-06-30,PORT ROYAL PLACE,Pass,1,1,0,0,1
PORT ROYAL PLACE,Indoor Pool,2026-09-23,PORT ROYAL PLACE,Pass,2,2,0,0,2
POST ROAD INDOOR POOL,Indoor Pool,2024-08-19,POST ROAD,Pass,2,2,0,0,1
POST ROAD INDOOR POOL,Indoor Pool,2024-11-06,POST ROAD,Pass,0,0,0,0,0
POST ROAD INDOOR POOL,Indoor Pool,2025-01-20,POST ROAD,Pass,1,0,1,0,1
POST ROAD INDOOR POOL,Indoor Pool,2025-04-07,POST ROAD,Pass,2,2,0,0,2
POST ROAD INDOOR POOL,Indoor Pool,2025-09-02,POST ROAD,Pass,0,0,0,0,0
POST ROAD INDOOR POOL,Indoor Pool,2025-11-04,POST ROAD,Pass,0,0,0,0,0
POST ROAD INDOOR POOL,Indoor Pool,2026-01-23,POST ROAD,Pass,0,0,0,0,0
POST ROAD INDOOR POOL,Indoor Pool,2026-05-12,POST ROAD,Pass,0,0,0,0,0
POST ROAD INDOOR POOL,Indoor Pool,2026-07-24,POST ROAD,Pass,0,0,0,0,0
POST ROAD SPA,Spa Indoor,2024-08-19,POST ROAD,Pass,3,3,0,0,2
POST ROAD SPA,Spa Indoor,2024-11-06,POST ROAD,Pass,1,1,0,0,1
POST ROAD SPA,Spa Indoor,2025-01-20,POST ROAD,Pass,0,0,0,0,0
POST ROAD SPA,Spa Indoor,2025-04-07,POST ROAD,Conditional Pass,2,0,1,1,1
POST ROAD SPA,Spa Indoor,2025-04-09,POST ROAD,Pass,0,0,0,0,0
POST ROAD SPA,Spa Indoor,2025-09-02,POST ROAD,Conditional Pass,4,1,2,1,3
POST ROAD SPA,Spa Indoor,2025-09-08,POST ROAD,Pass,0,0,0,0,0
POST ROAD SPA,Spa Indoor,2025-11-04,POST ROAD,Pass,0,0,0,0,0
POST ROAD SPA,Spa Indoor,2026-01-23,POST ROAD,Closed,2,0,1,1,2
POST ROAD SPA,Spa Indoor,2026-01-27,POST ROAD,Pass,0,0,0,0,0
POST ROAD SPA,Spa Indoor,2026-05-12,POST ROAD,Pass,0,0,0,0,0
POST ROAD SPA,Spa Indoor,2026-07-24,POST ROAD,Conditional Pass,1,0,0,1,1
POST ROAD SPA,Spa Indoor,2026-07-30,POST ROAD,Pass,0,0,0,0,0
PRESENTATION MANOR FOR SENIORS,Indoor Pool,2024-09-04,PRESENTATION MANOR FOR SENIORS,Pass,0,0,0,0,0
PRESENTATION MANOR FOR SENIORS,Indoor Pool,2024-12-23,PRESENTATION MANOR FOR SENIORS,Pass,1,1,0,0,1
PRESENTATION MANOR FOR SENIORS,Indoor Pool,2025-03-03,PRESENTATION MANOR FOR SENIORS,Pass,0,0,0,0,0
PRESENTATION MANOR FOR SENIORS,Indoor Pool,2025-05-09,PRESENTATION MANOR FOR SENIORS,Pass,1,1,0,0,1
PRESENTATION MANOR FOR SENIORS,Indoor Pool,2025-09-02,PRESENTATION MANOR FOR SENIORS,Pass,0,0,0,0,0
PRESENTATION MANOR FOR SENIORS,Indoor Pool,2025-10-06,PRESENTATION MANOR FOR SENIORS,Pass,0,0,0,0,0
PRESENTATION MANOR FOR SENIORS,Indoor Pool,2026-01-09,PRESENTATION MANOR FOR SENIORS,Pass,1,1,0,0,1
PRESENTATION MANOR FOR SENIORS,Indoor Pool,2026-04-14,PRESENTATION MANOR FOR SENIORS,Conditional Pass,2,1,1,0,1
PRESENTATION MANOR FOR SENIORS,Indoor Pool,2026-04-15,PRESENTATION MANOR FOR SENIORS,Pass,0,0,0,0,0
PRESENTATION MANOR FOR SENIORS,Indoor Pool,2026-09-04,PRESENTATION MANOR FOR SENIORS,Pass,0,0,0,0,0
PRESTON APARTMENTS POOL,Outdoor Pool,2026-07-16,PRESTON APARTMENTS POOL,Pass,1,1,0,0,1
PRIMROSE 1 INDOOR SPA,Spa Indoor,2024-09-03,PRIMROSE TOWERS,Pass,0,0,0,0,0
PRIMROSE 1 INDOOR SPA,Spa Indoor,2024-10-22,PRIMROSE TOWERS,Pass,0,0,0,0,0
PRIMROSE 1 INDOOR SPA,Spa Indoor,2025-01-13,PRIMROSE TOWERS,Pass,1,1,0,0,1
PRIMROSE 1 INDOOR SPA,Spa Indoor,2025-04-10,PRIMROSE TOWERS,Pass,0,0,0,0,0
PRIMROSE 1 INDOOR SPA,Spa Indoor,2025-11-26,PRIMROSE TOWERS,Pass,3,2,1,0,3
PRIMROSE 1 INDOOR SPA,Spa Indoor,2026-03-26,PRIMROSE TOWERS,Pass,0,0,0,0,0
PRIMROSE 1 INDOOR SPA,Spa Indoor,2026-06-25,PRIMROSE TOWERS,Pass,2,2,0,0,2
PRIMROSE 2,Spa Indoor,2024-09-24,PRIMROSE 2,Conditional Pass,3,1,1,1,1
PRIMROSE 2,Spa Indoor,2024-10-07,PRIMROSE 2,Pass,0,0,0,0,0
PRIMROSE 2,Spa Indoor,2024-11-14,PRIMROSE 2,Pass,2,2,0,0,2
PRIMROSE 2,Spa Indoor,2025-02-24,PRIMROSE 2,Pass,1,1,0,0,1
PRIMROSE 2,Spa Indoor,2025-04-25,PRIMROSE 2,Conditional Pass,2,1,0,1,1
PRIMROSE 2,Spa Indoor,2025-05-07,PRIMROSE 2,Pass,0,0,0,0,0
PRIMROSE 2,Spa Indoor,2025-09-19,PRIMROSE 2,Pass,1,0,1,0,1
PRIMROSE 2,Spa Indoor,2025-12-15,PRIMROSE 2,Pass,2,1,1,0,1
PRIMROSE 2,Spa Indoor,2026-06-25,PRIMROSE 2,Pass,0,0,0,0,0
PRIMROSE TOWERS OUTDOOR POOL,Outdoor Pool,2025-06-10,PRIMROSE TOWERS,Pass,0,0,0,0,0
PRIMROSE TOWERS OUTDOOR POOL,Outdoor Pool,2026-08-27,PRIMROSE TOWERS,Pass,0,0,0,0,0
PRIMROSE TOWERS OUTDOOR SPA,Spa Outdoor,2025-06-10,PRIMROSE TOWERS,Conditional Pass,2,0,2,0,1
PRIMROSE TOWERS OUTDOOR SPA,Spa Outdoor,2025-06-19,PRIMROSE TOWERS,Pass,0,0,0,0,0
PRIMROSE TOWERS OUTDOOR SPA,Spa Outdoor,2026-08-27,PRIMROSE TOWERS,Pass,0,0,0,0,0
PROMINENCE POINT M.T.C.C. #978,Indoor Pool,2024-09-04,PROMINENCE POINT,Pass,2,1,1,0,2
PROMINENCE POINT M.T.C.C. #978,Indoor Pool,2024-11-20,PROMINENCE POINT,Pass,2,2,0,0,2
PROMINENCE POINT M.T.C.C. #978,Indoor Pool,2025-06-05,PROMINENCE POINT,Pass,1,0,1,0,1
PROMINENCE POINT M.T.C.C. #978,Indoor Pool,2025-09-10,PROMINENCE POINT,Pass,2,2,0,0,2
PROMINENCE POINT M.T.C.C. #978,Indoor Pool,2025-12-16,PROMINENCE POINT,Pass,2,2,0,0,2
PROMINENCE POINT M.T.C.C. #978,Indoor Pool,2026-03-18,PROMINENCE POINT,Conditional Pass,3,2,0,1,2
PROMINENCE POINT M.T.C.C. #978,Indoor Pool,2026-04-16,PROMINENCE POINT,Pass,2,2,0,0,2
PROMINENCE POINT M.T.C.C. #978,Indoor Pool,2026-06-30,PROMINENCE POINT,Pass,0,0,0,0,0
PROMINENCE POINT M.T.C.C. #978,Indoor Pool,2026-09-24,PROMINENCE POINT,Pass,0,0,0,0,0
PROMINENCE POINT M.T.C.C. #978,Spa Indoor,2024-09-04,PROMINENCE POINT,Pass,1,0,1,0,1
PROMINENCE POINT M.T.C.C. #978,Spa Indoor,2024-11-20,PROMINENCE POINT,Conditional Pass,3,1,0,2,3
PROMINENCE POINT M.T.C.C. #978,Spa Indoor,2024-12-02,PROMINENCE POINT,Pass,2,2,0,0,2
PROMINENCE POINT M.T.C.C. #978,Spa Indoor,2025-06-05,PROMINENCE POINT,Pass,1,1,0,0,1
PROMINENCE POINT M.T.C.C. #978,Spa Indoor,2026-03-18,PROMINENCE POINT,Closed,4,1,1,2,4
PROMINENCE POINT M.T.C.C. #978,Spa Indoor,2026-09-24,PROMINENCE POINT,Pass,1,1,0,0,1
PURE FITNESS CANADA,Indoor Pool,2024-09-04,PURE FITNESS CANADA,Pass,0,0,0,0,0
PURE FITNESS CANADA,Indoor Pool,2024-12-09,PURE FITNESS CANADA,Pass,2,2,0,0,2
PURE FITNESS CANADA,Indoor Pool,2025-03-06,PURE FITNESS CANADA,Pass,0,0,0,0,0
PURE FITNESS CANADA,Indoor Pool,2025-06-19,PURE FITNESS CANADA,Pass,0,0,0,0,0
PURE FITNESS CANADA,Indoor Pool,2026-02-02,PURE FITNESS CANADA,Pass,0,0,0,0,0
PURE FITNESS CANADA,Indoor Pool,2026-05-21,PURE FITNESS CANADA,Pass,0,0,0,0,0
PURE FITNESS CANADA,Indoor Pool,2026-08-31,PURE FITNESS CANADA,Pass,1,1,0,0,1
PURE SPIRIT LOFTS & CONDOS,Outdoor Pool,2025-07-16,PURE SPIRIT LOFTS & CONDOS,Conditional Pass,5,3,0,2,4
PURE SPIRIT LOFTS & CONDOS,Outdoor Pool,2025-07-22,PURE SPIRIT LOFTS & CONDOS,Pass,0,0,0,0,0
PURE SPIRIT LOFTS & CONDOS,Outdoor Pool,2026-09-08,PURE SPIRIT LOFTS & CONDOS,Pass,0,0,0,0,0
PURE SPIRIT LOFTS & CONDOS - 33 MILL ST SPA,Spa Outdoor,2026-09-08,PURE SPIRIT LOFTS & CONDOS,Pass,0,0,0,0,0
QUANTUM 2 MIDTOWN NORTH TOWER,Indoor Pool,2024-09-10,QUANTUM 2 MIDTOWN NORTH TOWER,Pass,3,3,0,0,2
QUANTUM 2 MIDTOWN NORTH TOWER,Indoor Pool,2024-11-15,QUANTUM 2 MIDTOWN NORTH TOWER,Pass,0,0,0,0,0
QUANTUM 2 MIDTOWN NORTH TOWER,Indoor Pool,2025-02-04,QUANTUM 2 MIDTOWN NORTH TOWER,Pass,4,4,0,0,3
QUANTUM 2 MIDTOWN NORTH TOWER,Indoor Pool,2025-04-25,QUANTUM 2 MIDTOWN NORTH TOWER,Conditional Pass,8,4,2,2,4
QUANTUM 2 MIDTOWN NORTH TOWER,Indoor Pool,2025-05-14,QUANTUM 2 MIDTOWN NORTH TOWER,Pass,0,0,0,0,0
QUANTUM 2 MIDTOWN NORTH TOWER,Indoor Pool,2025-08-22,QUANTUM 2 MIDTOWN NORTH TOWER,Pass,0,0,0,0,0
QUANTUM 2 MIDTOWN NORTH TOWER,Indoor Pool,2025-11-12,QUANTUM 2 MIDTOWN NORTH TOWER,Pass,1,1,0,0,1
QUANTUM 2 MIDTOWN NORTH TOWER,Indoor Pool,2026-01-12,QUANTUM 2 MIDTOWN NORTH TOWER,Pass,0,0,0,0,0
QUANTUM 2 MIDTOWN NORTH TOWER,Indoor Pool,2026-04-02,QUANTUM 2 MIDTOWN NORTH TOWER,Pass,1,1,0,0,1
QUANTUM SOUTH TOWER,Indoor Pool,2024-09-06,QUANTUM MINTO MIDTOWN,Pass,0,0,0,0,0
QUANTUM SOUTH TOWER,Indoor Pool,2024-11-12,QUANTUM MINTO MIDTOWN,Pass,1,1,0,0,1
QUANTUM SOUTH TOWER,Indoor Pool,2025-02-07,QUANTUM MINTO MIDTOWN,Pass,3,3,0,0,3
QUANTUM SOUTH TOWER,Indoor Pool,2025-04-30,QUANTUM MINTO MIDTOWN,Conditional Pass,3,1,1,1,3
QUANTUM SOUTH TOWER,Indoor Pool,2025-05-05,QUANTUM MINTO MIDTOWN,Pass,0,0,0,0,0
QUANTUM SOUTH TOWER,Indoor Pool,2025-08-20,QUANTUM MINTO MIDTOWN,Closed,4,1,2,1,4
QUANTUM SOUTH TOWER,Indoor Pool,2025-08-22,QUANTUM MINTO MIDTOWN,Pass,0,0,0,0,0
QUANTUM SOUTH TOWER,Indoor Pool,2025-11-17,QUANTUM MINTO MIDTOWN,Pass,3,3,0,0,2
QUANTUM SOUTH TOWER,Indoor Pool,2026-01-27,QUANTUM MINTO MIDTOWN,Pass,5,5,0,0,2
QUANTUM SOUTH TOWER,Indoor Pool,2026-05-07,QUANTUM MINTO MIDTOWN,Conditional Pass,4,3,1,0,2
QUANTUM SOUTH TOWER,Indoor Pool,2026-05-12,QUANTUM MINTO MIDTOWN,Pass,0,0,0,0,0
QUANTUM SOUTH TOWER,Spa Indoor,2025-02-07,QUANTUM MINTO MIDTOWN,Pass,1,1,0,0,1
QUANTUM SOUTH TOWER,Spa Indoor,2025-04-30,QUANTUM MINTO MIDTOWN,Conditional Pass,4,1,1,2,4
QUANTUM SOUTH TOWER,Spa Indoor,2025-08-22,QUANTUM MINTO MIDTOWN,Conditional Pass,4,1,1,2,2
QUANTUM SOUTH TOWER,Spa Indoor,2025-08-28,QUANTUM MINTO MIDTOWN,Pass,0,0,0,0,0
QUANTUM SOUTH TOWER,Spa Indoor,2025-11-17,QUANTUM MINTO MIDTOWN,Conditional Pass,5,3,0,2,3
QUANTUM SOUTH TOWER,Spa Indoor,2025-11-28,QUANTUM MINTO MIDTOWN,Pass,0,0,0,0,0
QUANTUM SOUTH TOWER,Spa Indoor,2026-01-27,QUANTUM MINTO MIDTOWN,Conditional Pass,3,2,0,1,2
QUANTUM SOUTH TOWER,Spa Indoor,2026-02-05,QUANTUM MINTO MIDTOWN,Pass,0,0,0,0,0
QUARTZ,Spa Outdoor,2024-08-19,QUARTZ,Pass,0,0,0,0,0
QUARTZ,Spa Outdoor,2025-06-17,QUARTZ,Pass,0,0,0,0,0
QUARTZ,Spa Outdoor,2026-03-30,QUARTZ,Pass,0,0,0,0,0
QUARTZ,Spa Outdoor,2026-04-22,QUARTZ,Pass,0,0,0,0,0
QUARTZ CLASS B- INDOOR,Indoor Pool,2024-08-19,QUARTZ,Pass,0,0,0,0,0
QUARTZ CLASS B- INDOOR,Indoor Pool,2024-12-23,QUARTZ,Conditional Pass,4,1,1,2,3
QUARTZ CLASS B- INDOOR,Indoor Pool,2025-01-30,QUARTZ,Pass,0,0,0,0,0
QUARTZ CLASS B- INDOOR,Indoor Pool,2025-03-05,QUARTZ,Pass,0,0,0,0,0
QUARTZ CLASS B- INDOOR,Indoor Pool,2025-06-17,QUARTZ,Pass,0,0,0,0,0
QUARTZ CLASS B- INDOOR,Indoor Pool,2025-09-24,QUARTZ,Pass,0,0,0,0,0
QUARTZ CLASS B- INDOOR,Indoor Pool,2025-12-24,QUARTZ,Pass,0,0,0,0,0
QUARTZ CLASS B- INDOOR,Indoor Pool,2026-04-22,QUARTZ,Pass,0,0,0,0,0
QUAY WEST,Spa Indoor,2024-09-11,QUAY WEST,Conditional Pass,2,0,1,1,1
QUAY WEST,Spa Indoor,2024-09-13,QUAY WEST,Pass,0,0,0,0,0
QUAY WEST,Spa Indoor,2025-03-04,QUAY WEST,Pass,0,0,0,0,0
QUAY WEST,Spa Indoor,2025-06-09,QUAY WEST,Pass,0,0,0,0,0
QUAY WEST,Spa Indoor,2025-11-26,QUAY WEST,Pass,0,0,0,0,0
QUAY WEST,Spa Indoor,2026-03-19,QUAY WEST,Pass,0,0,0,0,0
QUAY WEST,Spa Indoor,2026-06-15,QUAY WEST,Pass,0,0,0,0,0
QUEENSCOURT CONDOMINIUMS,Indoor Pool,2024-11-14,QUEENSCOURT CONDOMINIUMS,Pass,0,0,0,0,0
QUEENSCOURT CONDOMINIUMS,Indoor Pool,2025-03-17,QUEENSCOURT CONDOMINIUMS,Pass,0,0,0,0,0
QUEENSCOURT CONDOMINIUMS,Indoor Pool,2025-06-17,QUEENSCOURT CONDOMINIUMS,Pass,0,0,0,0,0
QUEENSCOURT CONDOMINIUMS,Indoor Pool,2025-09-12,QUEENSCOURT CONDOMINIUMS,Pass,0,0,0,0,0
QUEENSCOURT CONDOMINIUMS,Indoor Pool,2025-12-19,QUEENSCOURT CONDOMINIUMS,Pass,0,0,0,0,0
QUEENSCOURT CONDOMINIUMS,Indoor Pool,2026-03-30,QUEENSCOURT CONDOMINIUMS,Closed,2,0,0,2,2
QUEENSCOURT CONDOMINIUMS,Indoor Pool,2026-03-31,QUEENSCOURT CONDOMINIUMS,Pass,0,0,0,0,0
QUEENSCOURT CONDOMINIUMS,Indoor Pool,2026-06-29,QUEENSCOURT CONDOMINIUMS,Pass,2,2,0,0,2
QUEENSCOURT CONDOMINIUMS,Indoor Pool,2026-09-21,QUEENSCOURT CONDOMINIUMS,Pass,3,3,0,0,2
QUEENSCOURT CONDOMINIUMS,Outdoor Pool,2024-07-26,QUEENSCOURT CONDOMINIUMS,Pass,0,0,0,0,0
QUEENSCOURT CONDOMINIUMS,Outdoor Pool,2025-07-22,QUEENSCOURT CONDOMINIUMS,Pass,0,0,0,0,0
QUEENSCOURT CONDOMINIUMS,Outdoor Pool,2026-06-29,QUEENSCOURT CONDOMINIUMS,Pass,2,2,0,0,1
QWEST CONDOS MEN'S SPA,Spa Indoor,2024-09-05,QWEST CONDOS MEN'S SPA,Pass,0,0,0,0,0
QWEST CONDOS MEN'S SPA,Spa Indoor,2024-12-24,QWEST CONDOS MEN'S SPA,Pass,0,0,0,0,0
QWEST CONDOS MEN'S SPA,Spa Indoor,2025-03-24,QWEST CONDOS MEN'S SPA,Pass,0,0,0,0,0
QWEST CONDOS MEN'S SPA,Spa Indoor,2025-05-14,QWEST CONDOS MEN'S SPA,Pass,0,0,0,0,0
QWEST CONDOS MEN'S SPA,Spa Indoor,2026-02-18,QWEST CONDOS MEN'S SPA,Pass,0,0,0,0,0
QWEST CONDOS MEN'S SPA,Spa Indoor,2026-06-23,QWEST CONDOS MEN'S SPA,Pass,0,0,0,0,0
QWEST CONDOS MEN'S SPA,Spa Indoor,2026-09-08,QWEST CONDOS MEN'S SPA,Pass,0,0,0,0,0
QWEST CONDOS WOMEN'S SPA,Spa Indoor,2024-08-28,QWEST CONDOS MEN'S SPA,Pass,0,0,0,0,0
QWEST CONDOS WOMEN'S SPA,Spa Indoor,2024-12-24,QWEST CONDOS MEN'S SPA,Pass,0,0,0,0,0
QWEST CONDOS WOMEN'S SPA,Spa Indoor,2025-03-24,QWEST CONDOS MEN'S SPA,Pass,0,0,0,0,0
QWEST CONDOS WOMEN'S SPA,Spa Indoor,2025-05-14,QWEST CONDOS MEN'S SPA,Pass,0,0,0,0,0
QWEST CONDOS WOMEN'S SPA,Spa Indoor,2025-10-07,QWEST CONDOS MEN'S SPA,Conditional Pass,2,1,0,1,2
QWEST CONDOS WOMEN'S SPA,Spa Indoor,2026-02-18,QWEST CONDOS MEN'S SPA,Pass,0,0,0,0,0
QWEST CONDOS WOMEN'S SPA,Spa Indoor,2026-06-23,QWEST CONDOS MEN'S SPA,Pass,0,0,0,0,0
QWEST CONDOS WOMEN'S SPA,Spa Indoor,2026-09-08,QWEST CONDOS MEN'S SPA,Pass,0,0,0,0,0
R.P.M.S. PROPERTY MANAGEMENT AT DAVISVILLE VILLAGE,Indoor Pool,2024-09-26,111 DAVISVILLE  AVE,Pass,2,2,0,0,2
R.P.M.S. PROPERTY MANAGEMENT AT DAVISVILLE VILLAGE,Indoor Pool,2024-12-20,111 DAVISVILLE  AVE,Pass,1,1,0,0,1
R.P.M.S. PROPERTY MANAGEMENT AT DAVISVILLE VILLAGE,Indoor Pool,2025-03-24,111 DAVISVILLE  AVE,Pass,7,7,0,0,1
R.P.M.S. PROPERTY MANAGEMENT AT DAVISVILLE VILLAGE,Indoor Pool,2025-05-27,111 DAVISVILLE  AVE,Conditional Pass,9,4,2,3,5
R.P.M.S. PROPERTY MANAGEMENT AT DAVISVILLE VILLAGE,Indoor Pool,2025-08-28,111 DAVISVILLE  AVE,Conditional Pass,7,3,1,3,4
R.P.M.S. PROPERTY MANAGEMENT AT DAVISVILLE VILLAGE,Indoor Pool,2025-11-12,111 DAVISVILLE  AVE,Pass,0,0,0,0,0
R.P.M.S. PROPERTY MANAGEMENT AT DAVISVILLE VILLAGE,Indoor Pool,2026-02-03,111 DAVISVILLE  AVE,Pass,5,5,0,0,3
R.P.M.S. PROPERTY MANAGEMENT AT DAVISVILLE VILLAGE,Indoor Pool,2026-05-05,111 DAVISVILLE  AVE,Pass,3,2,1,0,3
RADISSON PLACE,Outdoor Pool,2024-08-30,RADISSON PLACE,Pass,1,1,0,0,1
RADISSON PLACE,Outdoor Pool,2025-07-18,RADISSON PLACE,Pass,3,3,0,0,2
RADISSON PLACE,Outdoor Pool,2026-06-12,RADISSON PLACE,Pass,3,3,0,0,3
RAINBOW VILLAGE,Indoor Pool,2024-09-05,RAINBOW VILLAGE,Pass,0,0,0,0,0
RAINBOW VILLAGE,Indoor Pool,2024-10-29,RAINBOW VILLAGE,Pass,0,0,0,0,0
RAINBOW VILLAGE,Indoor Pool,2025-01-10,RAINBOW VILLAGE,Conditional Pass,3,0,1,2,2
RAINBOW VILLAGE,Indoor Pool,2025-01-21,RAINBOW VILLAGE,Pass,0,0,0,0,0
RAINBOW VILLAGE,Indoor Pool,2025-05-06,RAINBOW VILLAGE,Pass,0,0,0,0,0
RAINBOW VILLAGE,Indoor Pool,2025-07-04,RAINBOW VILLAGE,Pass,0,0,0,0,0
RAINBOW VILLAGE,Indoor Pool,2025-10-08,RAINBOW VILLAGE,Pass,0,0,0,0,0
RAINBOW VILLAGE,Indoor Pool,2026-01-06,RAINBOW VILLAGE,Pass,1,1,0,0,1
RAINBOW VILLAGE,Indoor Pool,2026-04-22,RAINBOW VILLAGE,Pass,1,1,0,0,1
RAINBOW VILLAGE,Indoor Pool,2026-07-14,RAINBOW VILLAGE,Pass,1,1,0,0,1
RAINBOW VILLAGE,Spa Indoor,2024-11-08,RAINBOW VILLAGE,Pass,0,0,0,0,0
RAINBOW VILLAGE,Spa Indoor,2025-01-10,RAINBOW VILLAGE,Pass,0,0,0,0,0
RAINBOW VILLAGE,Spa Indoor,2026-01-06,RAINBOW VILLAGE,Pass,0,0,0,0,0
RAINBOW VILLAGE,Spa Indoor,2026-04-22,RAINBOW VILLAGE,Pass,0,0,0,0,0
RAINBOW VILLAGE,Spa Indoor,2026-07-14,RAINBOW VILLAGE,Conditional Pass,4,1,1,2,2
RAINBOW VILLAGE,Spa Indoor,2026-07-17,RAINBOW VILLAGE,Pass,1,1,0,0,1
RAMSDEN PLACE SWIMMING POOL,Indoor Pool,2024-09-03,RAMSDEN PLACE,Pass,2,2,0,0,1
RAMSDEN PLACE SWIMMING POOL,Indoor Pool,2024-12-18,RAMSDEN PLACE,Conditional Pass,2,1,0,1,2
RAMSDEN PLACE SWIMMING POOL,Indoor Pool,2024-12-27,RAMSDEN PLACE,Pass,0,0,0,0,0
RAMSDEN PLACE SWIMMING POOL,Indoor Pool,2025-03-28,RAMSDEN PLACE,Pass,0,0,0,0,0
RAMSDEN PLACE SWIMMING POOL,Indoor Pool,2025-06-16,RAMSDEN PLACE,Pass,0,0,0,0,0
RAMSDEN PLACE SWIMMING POOL,Indoor Pool,2025-09-16,RAMSDEN PLACE,Pass,0,0,0,0,0
RAMSDEN PLACE SWIMMING POOL,Indoor Pool,2025-12-08,RAMSDEN PLACE,Pass,0,0,0,0,0
RAMSDEN PLACE SWIMMING POOL,Indoor Pool,2026-03-26,RAMSDEN PLACE,Pass,0,0,0,0,0
RAMSDEN PLACE SWIMMING POOL,Indoor Pool,2026-06-17,RAMSDEN PLACE,Pass,0,0,0,0,0
RCVRI,Spa Indoor,2025-11-03,RCVRI,Pass,2,2,0,0,2
RCVRI,Spa Indoor,2026-03-26,RCVRI,Pass,0,0,0,0,0
RCVRI,Spa Indoor,2026-06-12,RCVRI,Conditional Pass,2,0,1,1,1
RCVRI,Spa Indoor,2026-07-03,RCVRI,Pass,0,0,0,0,0
REALCAMBRIDGE PLACE CENTRE/REALSTAR MANAGEMENT,Outdoor Pool,2025-06-30,30 DENTON AVE,Pass,2,2,0,0,2
REALCAMBRIDGE PLACE CENTRE/REALSTAR MANAGEMENT,Outdoor Pool,2026-07-14,30 DENTON AVE,Conditional Pass,3,2,1,0,2
REALCAMBRIDGE PLACE CENTRE/REALSTAR MANAGEMENT,Outdoor Pool,2026-08-06,30 DENTON AVE,Pass,0,0,0,0,0
RECREATIONAL AND ATHLETIC CENTRE,Indoor Pool,2024-09-20,RECREATION AND ATHLETIC CENTRE,Pass,0,0,0,0,0
RECREATIONAL AND ATHLETIC CENTRE,Indoor Pool,2025-01-10,RECREATION AND ATHLETIC CENTRE,Closed,2,0,1,1,2
RECREATIONAL AND ATHLETIC CENTRE,Indoor Pool,2025-01-13,RECREATION AND ATHLETIC CENTRE,Conditional Pass,1,0,0,1,1
RECREATIONAL AND ATHLETIC CENTRE,Indoor Pool,2025-01-28,RECREATION AND ATHLETIC CENTRE,Pass,0,0,0,0,0
RECREATIONAL AND ATHLETIC CENTRE,Indoor Pool,2025-04-28,RECREATION AND ATHLETIC CENTRE,Pass,0,0,0,0,0
RECREATIONAL AND ATHLETIC CENTRE,Indoor Pool,2025-08-22,RECREATION AND ATHLETIC CENTRE,Pass,0,0,0,0,0
RECREATIONAL AND ATHLETIC CENTRE,Indoor Pool,2025-11-18,RECREATION AND ATHLETIC CENTRE,Conditional Pass,3,1,1,1,2
RECREATIONAL AND ATHLETIC CENTRE,Indoor Pool,2026-02-09,RECREATION AND ATHLETIC CENTRE,Pass,0,0,0,0,0
RECREATIONAL AND ATHLETIC CENTRE,Indoor Pool,2026-04-27,RECREATION AND ATHLETIC CENTRE,Pass,0,0,0,0,0
RECREATIONAL AND ATHLETIC CENTRE,Indoor Pool,2026-08-07,RECREATION AND ATHLETIC CENTRE,Pass,0,0,0,0,0
RED HOT CONDO'S SHARED FACILITIES,Indoor Pool,2024-08-23,RED HOT CONDO'S SHARED FACILITIES,Pass,8,8,0,0,3
RED HOT CONDO'S SHARED FACILITIES,Indoor Pool,2024-12-30,RED HOT CONDO'S SHARED FACILITIES,Pass,4,4,0,0,2
RED HOT CONDO'S SHARED FACILITIES,Indoor Pool,2025-03-25,RED HOT CONDO'S SHARED FACILITIES,Conditional Pass,3,1,0,2,3
RED HOT CONDO'S SHARED FACILITIES,Indoor Pool,2025-03-28,RED HOT CONDO'S SHARED FACILITIES,Pass,1,1,0,0,1
RED HOT CONDO'S SHARED FACILITIES,Indoor Pool,2025-05-30,RED HOT CONDO'S SHARED FACILITIES,Pass,1,1,0,0,1
RED HOT CONDO'S SHARED FACILITIES,Indoor Pool,2026-01-16,RED HOT CONDO'S SHARED FACILITIES,Conditional Pass,4,1,1,2,4
RED HOT CONDO'S SHARED FACILITIES,Indoor Pool,2026-02-06,RED HOT CONDO'S SHARED FACILITIES,Pass,0,0,0,0,0
RED HOT CONDO'S SHARED FACILITIES,Indoor Pool,2026-06-29,RED HOT CONDO'S SHARED FACILITIES,Conditional Pass,5,2,1,2,3
RED HOT CONDO'S SHARED FACILITIES,Indoor Pool,2026-07-06,RED HOT CONDO'S SHARED FACILITIES,Pass,1,1,0,0,1
REDPATH CONDOS POOL,Outdoor Pool,2024-08-14,REDPATH CONDOS POOL,Pass,1,1,0,0,1
REDPATH CONDOS POOL,Outdoor Pool,2025-08-08,REDPATH CONDOS POOL,Conditional Pass,10,7,2,1,4
REDPATH CONDOS POOL,Outdoor Pool,2026-06-12,REDPATH CONDOS POOL,Pass,3,3,0,0,2
REDPATH CONDOS SPA,Spa Outdoor,2024-08-14,REDPATH CONDOS POOL,Closed,5,1,2,2,4
REDPATH CONDOS SPA,Spa Outdoor,2024-08-26,REDPATH CONDOS POOL,Pass,0,0,0,0,0
REDPATH CONDOS SPA,Spa Outdoor,2025-08-08,REDPATH CONDOS POOL,Conditional Pass,3,1,1,1,3
REDPATH CONDOS SPA,Spa Outdoor,2026-06-12,REDPATH CONDOS POOL,Pass,0,0,0,0,0
RENAISSANCE PLAZA,Indoor Pool,2024-07-16,RENAISSANCE PLAZA,Pass,0,0,0,0,0
RENAISSANCE PLAZA,Indoor Pool,2024-10-22,RENAISSANCE PLAZA,Pass,0,0,0,0,0
RENAISSANCE PLAZA,Indoor Pool,2025-01-22,RENAISSANCE PLAZA,Pass,0,0,0,0,0
RENAISSANCE PLAZA,Indoor Pool,2025-04-15,RENAISSANCE PLAZA,Pass,0,0,0,0,0
RENAISSANCE PLAZA,Indoor Pool,2025-07-22,RENAISSANCE PLAZA,Pass,0,0,0,0,0
RENAISSANCE PLAZA,Indoor Pool,2025-10-21,RENAISSANCE PLAZA,Pass,0,0,0,0,0
RENAISSANCE PLAZA,Indoor Pool,2026-01-14,RENAISSANCE PLAZA,Pass,0,0,0,0,0
RENAISSANCE PLAZA,Indoor Pool,2026-04-14,RENAISSANCE PLAZA,Pass,0,0,0,0,0
RENAISSANCE PLAZA,Indoor Pool,2026-07-15,RENAISSANCE PLAZA,Pass,0,0,0,0,0
RENAISSANCE PLAZA SPA,Spa Indoor,2024-07-16,RENAISSANCE PLAZA,Pass,1,1,0,0,1
RENAISSANCE PLAZA SPA,Spa Indoor,2024-10-22,RENAISSANCE PLAZA,Pass,0,0,0,0,0
RENAISSANCE PLAZA SPA,Spa Indoor,2026-01-14,RENAISSANCE PLAZA,Pass,0,0,0,0,0
RENAISSANCE PLAZA SPA,Spa Indoor,2026-04-14,RENAISSANCE PLAZA,Pass,0,0,0,0,0
RENAISSANCE PLAZA SPA,Spa Indoor,2026-07-15,RENAISSANCE PLAZA,Pass,0,0,0,0,0
REPUBLIC TOWER B,Spa Indoor,2024-08-06,REPUBLIC TOWER B,Pass,0,0,0,0,0
REPUBLIC TOWER B,Spa Indoor,2024-10-18,REPUBLIC TOWER B,Pass,1,1,0,0,1
REPUBLIC TOWER B,Spa Indoor,2025-01-06,REPUBLIC TOWER B,Conditional Pass,8,5,0,3,4
REPUBLIC TOWER B,Spa Indoor,2025-01-08,REPUBLIC TOWER B,Pass,0,0,0,0,0
REPUBLIC TOWER B,Spa Indoor,2025-04-14,REPUBLIC TOWER B,Pass,4,4,0,0,2
REPUBLIC TOWER B,Spa Indoor,2025-07-29,REPUBLIC TOWER B,Pass,3,3,0,0,2
REPUBLIC TOWER B,Spa Indoor,2025-10-23,REPUBLIC TOWER B,Pass,2,2,0,0,2
REPUBLIC TOWER B,Spa Indoor,2026-01-06,REPUBLIC TOWER B,Pass,1,1,0,0,1
REPUBLIC TOWER B,Spa Indoor,2026-04-01,REPUBLIC TOWER B,Pass,2,1,1,0,2
RESIDENCE INN MARRIOTT,Indoor Pool,2024-07-25,RESIDENCE INN MARRIOT,Pass,0,0,0,0,0
RESIDENCE INN MARRIOTT,Indoor Pool,2024-09-20,RESIDENCE INN MARRIOT,Pass,5,2,3,0,3
RESIDENCE INN MARRIOTT,Indoor Pool,2024-10-24,RESIDENCE INN MARRIOT,Pass,0,0,0,0,0
RESIDENCE INN MARRIOTT,Indoor Pool,2024-11-04,RESIDENCE INN MARRIOT,Pass,0,0,0,0,0
RESIDENCE INN MARRIOTT,Indoor Pool,2025-01-31,RESIDENCE INN MARRIOT,Pass,0,0,0,0,0
RESIDENCE INN MARRIOTT,Indoor Pool,2025-04-01,RESIDENCE INN MARRIOT,Pass,0,0,0,0,0
RESIDENCE INN MARRIOTT,Indoor Pool,2025-07-16,RESIDENCE INN MARRIOT,Pass,0,0,0,0,0
RESIDENCE INN MARRIOTT,Indoor Pool,2025-10-14,RESIDENCE INN MARRIOT,Pass,1,1,0,0,1
RESIDENCE INN MARRIOTT,Indoor Pool,2025-10-15,RESIDENCE INN MARRIOT,Pass,0,0,0,0,0
RESIDENCE INN MARRIOTT,Indoor Pool,2026-02-26,RESIDENCE INN MARRIOT,Pass,0,0,0,0,0
RESIDENCE INN MARRIOTT,Indoor Pool,2026-03-23,RESIDENCE INN MARRIOT,Closed,6,2,2,2,5
RESIDENCE INN MARRIOTT,Indoor Pool,2026-03-25,RESIDENCE INN MARRIOT,Pass,0,0,0,0,0
RESIDENCE INN MARRIOTT,Indoor Pool,2026-05-01,RESIDENCE INN MARRIOT,Conditional Pass,1,0,1,0,1
RESIDENCE INN MARRIOTT,Indoor Pool,2026-05-05,RESIDENCE INN MARRIOT,Pass,0,0,0,0,0
RESIDENCE INN MARRIOTT,Indoor Pool,2026-05-06,RESIDENCE INN MARRIOT,Pass,0,0,0,0,0
RESIDENCE INN MARRIOTT,Indoor Pool,2026-08-11,RESIDENCE INN MARRIOT,Pass,0,0,0,0,0
RESIDENCE INN MARRIOTT,Spa Indoor,2025-01-31,RESIDENCE INN MARRIOT,Conditional Pass,1,0,1,0,1
RESIDENCE INN MARRIOTT,Spa Indoor,2025-04-14,RESIDENCE INN MARRIOT,Pass,0,0,0,0,0
RESIDENCE INN MARRIOTT,Spa Indoor,2026-05-01,RESIDENCE INN MARRIOT,Conditional Pass,3,0,2,1,3
RESIDENCE INN MARRIOTT,Spa Indoor,2026-05-04,RESIDENCE INN MARRIOT,Pass,0,0,0,0,0
RESIDENCE OF ALTER,Outdoor Pool,2024-07-24,ALTER CONDO,Pass,0,0,0,0,0
RESIDENCE OF ALTER,Outdoor Pool,2025-08-05,ALTER CONDO,Closed,6,1,0,5,5
RESIDENCE OF ALTER,Outdoor Pool,2026-07-15,ALTER CONDO,Pass,0,0,0,0,0
RESIDENCE OF ALTER,Outdoor Pool,2026-08-18,ALTER CONDO,Conditional Pass,2,0,0,2,2
RESIDENCE OF ALTER,Outdoor Pool,2026-09-09,ALTER CONDO,Pass,0,0,0,0,0
RESIDENCE OF AVONDALE,Indoor Pool,2024-09-04,RESIDENCE OF AVONDALE,Conditional Pass,9,6,2,1,5
RESIDENCE OF AVONDALE,Indoor Pool,2024-12-31,RESIDENCE OF AVONDALE,Pass,2,2,0,0,2
RESIDENCE OF AVONDALE,Indoor Pool,2025-03-27,RESIDENCE OF AVONDALE,Pass,0,0,0,0,0
RESIDENCE OF AVONDALE,Indoor Pool,2025-06-05,RESIDENCE OF AVONDALE,Pass,0,0,0,0,0
RESIDENCE OF AVONDALE,Indoor Pool,2025-09-04,RESIDENCE OF AVONDALE,Conditional Pass,1,0,0,1,1
RESIDENCE OF AVONDALE,Indoor Pool,2025-09-05,RESIDENCE OF AVONDALE,Pass,0,0,0,0,0
RESIDENCE OF AVONDALE,Indoor Pool,2025-12-12,RESIDENCE OF AVONDALE,Pass,0,0,0,0,0
RESIDENCE OF AVONDALE,Indoor Pool,2026-02-12,RESIDENCE OF AVONDALE,Pass,0,0,0,0,0
RESIDENCE OF AVONDALE,Indoor Pool,2026-07-17,RESIDENCE OF AVONDALE,Pass,1,1,0,0,1
RESIDENCE OF AVONDALE SPA,Spa Indoor,2024-09-04,RESIDENCE OF AVONDALE,Conditional Pass,5,2,2,1,3
RESIDENCE OF AVONDALE SPA,Spa Indoor,2025-03-27,RESIDENCE OF AVONDALE,Pass,1,1,0,0,1
RESIDENCE OF AVONDALE SPA,Spa Indoor,2025-09-04,RESIDENCE OF AVONDALE,Conditional Pass,3,0,1,2,2
RESIDENCE OF AVONDALE SPA,Spa Indoor,2025-11-07,RESIDENCE OF AVONDALE,Pass,0,0,0,0,0
RESIDENCE OF AVONDALE SPA,Spa Indoor,2025-12-12,RESIDENCE OF AVONDALE,Pass,0,0,0,0,0
RESIDENCE OF AVONDALE SPA,Spa Indoor,2026-02-12,RESIDENCE OF AVONDALE,Conditional Pass,2,0,1,1,1
RESIDENCE OF AVONDALE SPA,Spa Indoor,2026-02-13,RESIDENCE OF AVONDALE,Pass,0,0,0,0,0
RESIDENCE OF AVONDALE SPA,Spa Indoor,2026-07-17,RESIDENCE OF AVONDALE,Pass,1,1,0,0,1
"RESIDENCE OF THE WELL, TOWER D – CLASSIC SERIES II",Outdoor Pool,2024-09-05,"RESIDENCE OF THE WELL, TOWER D – CLASSIC SERIES II",Pass,0,0,0,0,0
"RESIDENCE OF THE WELL, TOWER D – CLASSIC SERIES II",Outdoor Pool,2025-07-16,"RESIDENCE OF THE WELL, TOWER D – CLASSIC SERIES II",Pass,0,0,0,0,0
"RESIDENCE OF THE WELL, TOWER D – CLASSIC SERIES II",Outdoor Pool,2026-08-04,"RESIDENCE OF THE WELL, TOWER D – CLASSIC SERIES II",Pass,0,0,0,0,0
"RESIDENCE OF THE WELL, TOWER E – CLASSIC SERIES 1",Outdoor Pool,2024-09-06,RESIDENCE OF THE WELL TOWER E-CLASSIC SERIES 1,Pass,0,0,0,0,0
"RESIDENCE OF THE WELL, TOWER E – CLASSIC SERIES 1",Outdoor Pool,2025-07-16,RESIDENCE OF THE WELL TOWER E-CLASSIC SERIES 1,Pass,0,0,0,0,0
"RESIDENCE OF THE WELL, TOWER E – CLASSIC SERIES 1",Outdoor Pool,2026-08-04,RESIDENCE OF THE WELL TOWER E-CLASSIC SERIES 1,Pass,0,0,0,0,0
RESIDENCES AT BIANCA,Outdoor Pool,2024-09-18,RESIDENCES AT BIANCA,Conditional Pass,1,0,0,1,1
RESIDENCES AT BIANCA,Outdoor Pool,2025-06-03,RESIDENCES AT BIANCA,Conditional Pass,4,1,1,2,2
RESIDENCES AT BIANCA,Outdoor Pool,2025-06-12,RESIDENCES AT BIANCA,Pass,0,0,0,0,0
RESIDENCES AT BIANCA,Outdoor Pool,2025-09-10,RESIDENCES AT BIANCA,Pass,0,0,0,0,0
RESIDENCES AT BIANCA,Outdoor Pool,2026-06-16,RESIDENCES AT BIANCA,Pass,0,0,0,0,0
RESIDENCES OF EDENBRIDGE ON THE KINGSWAY,Indoor Pool,2025-12-22,RESIDENCES OF EDENBRIDGE ON THE KINGSWAY,Pass,0,0,0,0,0
RESIDENCES OF EDENBRIDGE ON THE KINGSWAY,Indoor Pool,2026-03-27,RESIDENCES OF EDENBRIDGE ON THE KINGSWAY,Pass,0,0,0,0,0
RESIDENCES OF EDENBRIDGE ON THE KINGSWAY,Indoor Pool,2026-06-11,RESIDENCES OF EDENBRIDGE ON THE KINGSWAY,Pass,0,0,0,0,0
RESIDENCES ON BLOOR,Indoor Pool,2024-07-24,235 BLOOR ST E,Pass,1,1,0,0,1
RESIDENCES ON BLOOR,Indoor Pool,2024-11-12,235 BLOOR ST E,Pass,2,1,1,0,1
RESIDENCES ON BLOOR,Indoor Pool,2025-03-31,235 BLOOR ST E,Pass,3,3,0,0,1
RESIDENCES ON BLOOR,Indoor Pool,2025-06-30,235 BLOOR ST E,Pass,2,2,0,0,1
RESIDENCES ON BLOOR,Indoor Pool,2025-12-05,235 BLOOR ST E,Pass,1,1,0,0,1
RESIDENCES ON BLOOR,Indoor Pool,2026-03-26,235 BLOOR ST E,Pass,2,2,0,0,1
RESIDENCES ON BLOOR,Indoor Pool,2026-06-18,235 BLOOR ST E,Pass,1,1,0,0,1
RHONA TOWERS,Outdoor Pool,2025-08-27,RHONA TOWERS,Conditional Pass,5,2,2,1,3
RHONA TOWERS,Outdoor Pool,2025-09-05,RHONA TOWERS,Pass,2,2,0,0,2
RHONA TOWERS,Outdoor Pool,2026-07-13,RHONA TOWERS,Pass,1,1,0,0,1
RICHMOND GARDENS,Outdoor Pool,2024-07-24,RICHMOND GARDENS,Pass,1,1,0,0,1
RICHMOND GARDENS,Outdoor Pool,2025-07-07,RICHMOND GARDENS,Pass,0,0,0,0,0
RICHMOND GARDENS,Outdoor Pool,2026-08-07,RICHMOND GARDENS,Pass,2,1,1,0,2
RICHVIEW GARDENS,Indoor Pool,2024-10-17,RICHVIEW GARDENS,Pass,0,0,0,0,0
RICHVIEW GARDENS,Indoor Pool,2025-03-19,RICHVIEW GARDENS,Closed,3,0,0,3,2
RICHVIEW GARDENS,Indoor Pool,2025-03-26,RICHVIEW GARDENS,Pass,0,0,0,0,0
RICHVIEW GARDENS,Indoor Pool,2025-06-13,RICHVIEW GARDENS,Pass,0,0,0,0,0
RICHVIEW GARDENS,Indoor Pool,2025-09-24,RICHVIEW GARDENS,Pass,0,0,0,0,0
RICHVIEW GARDENS,Indoor Pool,2025-12-15,RICHVIEW GARDENS,Pass,0,0,0,0,0
RICHVIEW GARDENS,Indoor Pool,2026-03-31,RICHVIEW GARDENS,Pass,1,0,1,0,1
RICHVIEW GARDENS,Indoor Pool,2026-05-22,RICHVIEW GARDENS,Pass,0,0,0,0,0
RICHVIEW TERRACE,Indoor Pool,2024-09-30,RICHVIEW TERRACE,Pass,0,0,0,0,0
RICHVIEW TERRACE,Indoor Pool,2024-12-19,RICHVIEW TERRACE,Pass,1,1,0,0,1
RICHVIEW TERRACE,Indoor Pool,2025-03-19,RICHVIEW TERRACE,Pass,0,0,0,0,0
RICHVIEW TERRACE,Indoor Pool,2025-06-13,RICHVIEW TERRACE,Pass,0,0,0,0,0
RICHVIEW TERRACE,Indoor Pool,2025-09-24,RICHVIEW TERRACE,Pass,0,0,0,0,0
RICHVIEW TERRACE,Indoor Pool,2025-12-15,RICHVIEW TERRACE,Pass,0,0,0,0,0
RICHVIEW TERRACE,Indoor Pool,2026-03-25,RICHVIEW TERRACE,Pass,1,1,0,0,1
RICHVIEW TERRACE,Indoor Pool,2026-05-22,RICHVIEW TERRACE,Pass,2,1,1,0,1
RICHVIEW TERRACE,Indoor Pool,2026-09-23,RICHVIEW TERRACE,Conditional Pass,5,2,1,2,3
RICHVIEW VILLA,Indoor Pool,2024-12-19,RICHVIEW VILLA,Conditional Pass,9,4,0,5,5
RICHVIEW VILLA,Indoor Pool,2025-01-30,RICHVIEW VILLA,Pass,0,0,0,0,0
RICHVIEW VILLA,Indoor Pool,2025-05-26,RICHVIEW VILLA,Pass,0,0,0,0,0
RICHVIEW VILLA,Indoor Pool,2025-09-10,RICHVIEW VILLA,Pass,0,0,0,0,0
RICHVIEW VILLA,Indoor Pool,2025-12-03,RICHVIEW VILLA,Pass,0,0,0,0,0
RICHVIEW VILLA,Indoor Pool,2026-03-18,RICHVIEW VILLA,Pass,0,0,0,0,0
RICHVIEW VILLA,Indoor Pool,2026-06-02,RICHVIEW VILLA,Pass,0,0,0,0,0
RIDGEFORD PLACE (SEASON),Outdoor Pool,2024-07-11,RIDGEFORD PLACE,Conditional Pass,4,1,1,2,2
RIDGEFORD PLACE (SEASON),Outdoor Pool,2024-08-30,RIDGEFORD PLACE,Pass,0,0,0,0,0
RIDGEFORD PLACE (SEASON),Outdoor Pool,2025-07-17,RIDGEFORD PLACE,Closed,5,1,1,3,4
RIDGEFORD PLACE (SEASON),Outdoor Pool,2025-07-18,RIDGEFORD PLACE,Conditional Pass,1,0,1,0,1
RIDGEFORD PLACE (SEASON),Outdoor Pool,2025-07-23,RIDGEFORD PLACE,Pass,1,1,0,0,1
RIDGEFORD PLACE (SEASON),Outdoor Pool,2026-09-01,RIDGEFORD PLACE,Pass,1,1,0,0,1
RIDLEY POOL,Outdoor Pool,2024-09-13,RIDLEY POOL,Pass,4,4,0,0,2
RIDLEY POOL,Outdoor Pool,2025-06-05,RIDLEY POOL,Pass,0,0,0,0,0
RIDLEY POOL,Outdoor Pool,2026-06-17,RIDLEY POOL,Conditional Pass,3,2,0,1,3
RIDLEY POOL,Outdoor Pool,2026-07-13,RIDLEY POOL,Pass,0,0,0,0,0
RIDLEY TOWERS,Indoor Pool,2025-09-16,RIDLEY TOWERS,Pass,0,0,0,0,0
RIDLEY TOWERS,Indoor Pool,2025-11-26,RIDLEY TOWERS,Pass,2,2,0,0,2
RIDLEY TOWERS,Indoor Pool,2026-03-06,RIDLEY TOWERS,Pass,1,1,0,0,1
RIDLEY TOWERS,Indoor Pool,2026-05-25,RIDLEY TOWERS,Pass,2,1,1,0,2
RITZ CARLTON HOTEL AND RESIDENCES - POOL,Indoor Pool,2024-09-18,RITZ CARLTON HOTEL AND RESIDENCES,Pass,0,0,0,0,0
RITZ CARLTON HOTEL AND RESIDENCES - POOL,Indoor Pool,2024-12-10,RITZ CARLTON HOTEL AND RESIDENCES,Pass,0,0,0,0,0
RITZ CARLTON HOTEL AND RESIDENCES - POOL,Indoor Pool,2025-05-01,RITZ CARLTON HOTEL AND RESIDENCES,Pass,1,0,1,0,1
RITZ CARLTON HOTEL AND RESIDENCES - POOL,Indoor Pool,2025-11-17,RITZ CARLTON HOTEL AND RESIDENCES,Conditional Pass,3,1,0,2,3
RITZ CARLTON HOTEL AND RESIDENCES - POOL,Indoor Pool,2025-11-19,RITZ CARLTON HOTEL AND RESIDENCES,Pass,0,0,0,0,0
RITZ CARLTON HOTEL AND RESIDENCES - POOL,Indoor Pool,2026-03-12,RITZ CARLTON HOTEL AND RESIDENCES,Pass,1,1,0,0,1
RITZ CARLTON HOTEL AND RESIDENCES - POOL,Indoor Pool,2026-06-08,RITZ CARLTON HOTEL AND RESIDENCES,Pass,3,3,0,0,2
RITZ CARLTON HOTEL AND RESIDENCES - POOL,Indoor Pool,2026-09-25,RITZ CARLTON HOTEL AND RESIDENCES,Pass,0,0,0,0,0
RITZ CARLTON HOTEL AND RESIDENCES - SPA,Spa Indoor,2024-09-18,RITZ CARLTON HOTEL AND RESIDENCES,Pass,0,0,0,0,0
RITZ CARLTON HOTEL AND RESIDENCES - SPA,Spa Indoor,2024-12-10,RITZ CARLTON HOTEL AND RESIDENCES,Pass,0,0,0,0,0
RITZ CARLTON HOTEL AND RESIDENCES - SPA,Spa Indoor,2025-05-01,RITZ CARLTON HOTEL AND RESIDENCES,Pass,1,0,1,0,1
RITZ CARLTON HOTEL AND RESIDENCES - SPA,Spa Indoor,2025-11-17,RITZ CARLTON HOTEL AND RESIDENCES,Conditional Pass,3,1,0,2,3
RITZ CARLTON HOTEL AND RESIDENCES - SPA,Spa Indoor,2025-11-19,RITZ CARLTON HOTEL AND RESIDENCES,Pass,0,0,0,0,0
RITZ CARLTON HOTEL AND RESIDENCES - SPA,Spa Indoor,2026-03-12,RITZ CARLTON HOTEL AND RESIDENCES,Pass,0,0,0,0,0
RITZ CARLTON HOTEL AND RESIDENCES - SPA,Spa Indoor,2026-06-08,RITZ CARLTON HOTEL AND RESIDENCES,Pass,0,0,0,0,0
RITZ CARLTON HOTEL AND RESIDENCES - SPA,Spa Indoor,2026-09-25,RITZ CARLTON HOTEL AND RESIDENCES,Pass,0,0,0,0,0
RITZ CARLTON HOTEL AND RESIDENCES - SPA - MEN'S VITALITY,Spa Indoor,2024-09-25,RITZ CARLTON HOTEL AND RESIDENCES,Pass,0,0,0,0,0
RITZ CARLTON HOTEL AND RESIDENCES - SPA - MEN'S VITALITY,Spa Indoor,2024-12-10,RITZ CARLTON HOTEL AND RESIDENCES,Pass,0,0,0,0,0
RITZ CARLTON HOTEL AND RESIDENCES - SPA - MEN'S VITALITY,Spa Indoor,2025-03-24,RITZ CARLTON HOTEL AND RESIDENCES,Pass,1,1,0,0,1
RITZ CARLTON HOTEL AND RESIDENCES - SPA - MEN'S VITALITY,Spa Indoor,2025-05-28,RITZ CARLTON HOTEL AND RESIDENCES,Pass,0,0,0,0,0
RITZ CARLTON HOTEL AND RESIDENCES - SPA - MEN'S VITALITY,Spa Indoor,2025-11-17,RITZ CARLTON HOTEL AND RESIDENCES,Conditional Pass,4,1,0,3,4
RITZ CARLTON HOTEL AND RESIDENCES - SPA - MEN'S VITALITY,Spa Indoor,2025-11-19,RITZ CARLTON HOTEL AND RESIDENCES,Pass,0,0,0,0,0
RITZ CARLTON HOTEL AND RESIDENCES - SPA - MEN'S VITALITY,Spa Indoor,2026-03-12,RITZ CARLTON HOTEL AND RESIDENCES,Pass,0,0,0,0,0
RITZ CARLTON HOTEL AND RESIDENCES - SPA - MEN'S VITALITY,Spa Indoor,2026-06-08,RITZ CARLTON HOTEL AND RESIDENCES,Pass,0,0,0,0,0
RITZ CARLTON HOTEL AND RESIDENCES - SPA - WOMEN'S VITALITY,Spa Indoor,2024-09-25,RITZ CARLTON HOTEL AND RESIDENCES,Pass,0,0,0,0,0
RITZ CARLTON HOTEL AND RESIDENCES - SPA - WOMEN'S VITALITY,Spa Indoor,2024-12-10,RITZ CARLTON HOTEL AND RESIDENCES,Pass,0,0,0,0,0
RITZ CARLTON HOTEL AND RESIDENCES - SPA - WOMEN'S VITALITY,Spa Indoor,2025-03-24,RITZ CARLTON HOTEL AND RESIDENCES,Pass,1,1,0,0,1
RITZ CARLTON HOTEL AND RESIDENCES - SPA - WOMEN'S VITALITY,Spa Indoor,2025-05-28,RITZ CARLTON HOTEL AND RESIDENCES,Pass,0,0,0,0,0
RITZ CARLTON HOTEL AND RESIDENCES - SPA - WOMEN'S VITALITY,Spa Indoor,2025-11-17,RITZ CARLTON HOTEL AND RESIDENCES,Conditional Pass,4,1,0,3,4
RITZ CARLTON HOTEL AND RESIDENCES - SPA - WOMEN'S VITALITY,Spa Indoor,2025-11-19,RITZ CARLTON HOTEL AND RESIDENCES,Pass,0,0,0,0,0
RITZ CARLTON HOTEL AND RESIDENCES - SPA - WOMEN'S VITALITY,Spa Indoor,2026-03-12,RITZ CARLTON HOTEL AND RESIDENCES,Pass,0,0,0,0,0
RITZ CARLTON HOTEL AND RESIDENCES - SPA - WOMEN'S VITALITY,Spa Indoor,2026-06-08,RITZ CARLTON HOTEL AND RESIDENCES,Pass,0,0,0,0,0
RIVER & FIFTH,Outdoor Pool,2025-05-16,RIVER & FIFTH,Pass,2,2,0,0,1
RIVER & FIFTH,Outdoor Pool,2026-07-20,RIVER & FIFTH,Pass,0,0,0,0,0
RIVER CITY OUTDOOR POOL,Outdoor Pool,2024-08-28,RIVER CITY,Conditional Pass,4,2,0,2,3
RIVER CITY OUTDOOR POOL,Outdoor Pool,2025-08-12,RIVER CITY,Conditional Pass,3,0,1,2,2
RIVER CITY OUTDOOR POOL,Outdoor Pool,2025-08-20,RIVER CITY,Pass,0,0,0,0,0
RIVER CITY OUTDOOR POOL,Outdoor Pool,2026-08-12,RIVER CITY,Pass,0,0,0,0,0
RIVER CITY PHASE 3,Outdoor Pool,2024-08-26,RIVER CITY PHASE 3,Pass,12,12,0,0,4
RIVER CITY PHASE 3,Outdoor Pool,2025-08-07,RIVER CITY PHASE 3,Conditional Pass,4,2,1,1,3
RIVER CITY PHASE 3,Outdoor Pool,2025-08-12,RIVER CITY PHASE 3,Pass,0,0,0,0,0
RIVER CITY PHASE 3,Outdoor Pool,2026-08-25,RIVER CITY PHASE 3,Pass,0,0,0,0,0
RIVER PARK CONDOMINIUMS,Outdoor Pool,2024-07-11,RIVER PARK CONDOMINIUMS,Pass,1,1,0,0,1
RIVER PARK CONDOMINIUMS,Outdoor Pool,2025-08-06,RIVER PARK CONDOMINIUMS,Pass,0,0,0,0,0
RIVER PARK CONDOMINIUMS,Outdoor Pool,2026-07-08,RIVER PARK CONDOMINIUMS,Pass,4,3,1,0,2
RIVER RIDGE CONDO,Spa Indoor,2024-09-30,RIVER RIDGE CONDO,Closed,8,4,3,1,6
RIVER RIDGE CONDO,Spa Indoor,2024-10-01,RIVER RIDGE CONDO,Pass,2,1,1,0,1
RIVER RIDGE CONDO,Spa Indoor,2024-12-23,RIVER RIDGE CONDO,Conditional Pass,3,2,1,0,2
RIVER RIDGE CONDO,Spa Indoor,2024-12-24,RIVER RIDGE CONDO,Pass,2,1,1,0,1
RIVER RIDGE CONDO,Spa Indoor,2025-02-26,RIVER RIDGE CONDO,Pass,2,1,1,0,1
RIVER RIDGE CONDO,Spa Indoor,2025-05-21,RIVER RIDGE CONDO,Pass,3,2,1,0,2
RIVER RIDGE CONDO,Spa Indoor,2025-11-12,RIVER RIDGE CONDO,Conditional Pass,2,1,1,0,1
RIVER RIDGE CONDO,Spa Indoor,2025-11-24,RIVER RIDGE CONDO,Pass,0,0,0,0,0
RIVER RIDGE CONDO,Spa Indoor,2026-02-03,RIVER RIDGE CONDO,Conditional Pass,3,1,2,0,2
RIVER RIDGE CONDO,Spa Indoor,2026-02-05,RIVER RIDGE CONDO,Pass,0,0,0,0,0
RIVER RIDGE CONDO,Spa Indoor,2026-04-08,RIVER RIDGE CONDO,Pass,3,3,0,0,3
RIVER RIDGE CONDO,Spa Indoor,2026-07-03,RIVER RIDGE CONDO,Pass,0,0,0,0,0
RIVER RIDGE CONDO 983,Indoor Pool,2024-09-30,RIVER RIDGE CONDO,Conditional Pass,5,4,1,0,5
RIVER RIDGE CONDO 983,Indoor Pool,2024-10-01,RIVER RIDGE CONDO,Pass,1,1,0,0,1
RIVER RIDGE CONDO 983,Indoor Pool,2024-12-23,RIVER RIDGE CONDO,Pass,2,1,1,0,2
RIVER RIDGE CONDO 983,Indoor Pool,2025-02-20,RIVER RIDGE CONDO,Pass,1,1,0,0,1
RIVER RIDGE CONDO 983,Indoor Pool,2025-04-15,RIVER RIDGE CONDO,Pass,2,1,1,0,2
RIVER RIDGE CONDO 983,Indoor Pool,2025-09-17,RIVER RIDGE CONDO,Pass,4,3,1,0,3
RIVER RIDGE CONDO 983,Indoor Pool,2025-11-12,RIVER RIDGE CONDO,Conditional Pass,4,2,1,1,3
RIVER RIDGE CONDO 983,Indoor Pool,2025-11-13,RIVER RIDGE CONDO,Pass,1,1,0,0,1
RIVER RIDGE CONDO 983,Indoor Pool,2026-02-03,RIVER RIDGE CONDO,Conditional Pass,6,2,3,1,2
RIVER RIDGE CONDO 983,Indoor Pool,2026-02-05,RIVER RIDGE CONDO,Pass,0,0,0,0,0
RIVER RIDGE CONDO 983,Indoor Pool,2026-04-08,RIVER RIDGE CONDO,Pass,2,2,0,0,2
RIVER RIDGE CONDO 983,Indoor Pool,2026-07-03,RIVER RIDGE CONDO,Pass,0,0,0,0,0
RIVERDALE COLLEGIATE,Indoor Pool,2024-09-18,RIVERDALE COLLEGIATE,Pass,0,0,0,0,0
RIVERDALE COLLEGIATE,Indoor Pool,2024-12-09,RIVERDALE COLLEGIATE,Pass,0,0,0,0,0
RIVERDALE COLLEGIATE,Indoor Pool,2025-02-25,RIVERDALE COLLEGIATE,Closed,2,0,0,2,2
RIVERDALE COLLEGIATE,Indoor Pool,2025-02-26,RIVERDALE COLLEGIATE,Pass,0,0,0,0,0
RIVERDALE COLLEGIATE,Indoor Pool,2025-06-02,RIVERDALE COLLEGIATE,Pass,1,1,0,0,1
RIVERDALE COLLEGIATE,Indoor Pool,2025-09-22,RIVERDALE COLLEGIATE,Pass,0,0,0,0,0
RIVERDALE COLLEGIATE,Indoor Pool,2025-12-11,RIVERDALE COLLEGIATE,Pass,0,0,0,0,0
RIVERDALE COLLEGIATE,Indoor Pool,2026-03-24,RIVERDALE COLLEGIATE,Pass,0,0,0,0,0
RIVERDALE COLLEGIATE,Indoor Pool,2026-06-10,RIVERDALE COLLEGIATE,Pass,0,0,0,0,0
RIVERDALE COLLEGIATE,Indoor Pool,2026-09-17,RIVERDALE COLLEGIATE,Pass,1,1,0,0,1
RIVERDALE PARKPOOL,Outdoor Pool,2025-07-07,RIVERDALE PARKPOOL,Pass,1,1,0,0,1
RIVERDALE PARKPOOL,Outdoor Pool,2025-08-11,RIVERDALE PARKPOOL,Pass,1,1,0,0,1
RIVERDALE PARKPOOL,Outdoor Pool,2025-08-22,RIVERDALE PARKPOOL,Pass,0,0,0,0,0
RIVERDALE PARKPOOL,Outdoor Pool,2026-06-24,RIVERDALE PARKPOOL,Pass,2,2,0,0,2
RIVERDALE PARKPOOL,Outdoor Pool,2026-08-05,RIVERDALE PARKPOOL,Pass,1,1,0,0,1
RIVERHOUSE AT THE OLD MILL,Indoor Pool,2025-10-08,RIVER HOUSE AT THE OLD MILL,Conditional Pass,8,2,3,3,3
RIVERHOUSE AT THE OLD MILL,Indoor Pool,2026-06-17,RIVER HOUSE AT THE OLD MILL,Pass,2,2,0,0,1
RIVERHOUSE AT THE OLD MILL,Indoor Pool,2026-08-31,RIVER HOUSE AT THE OLD MILL,Pass,3,3,0,0,3
RIVERHOUSE AT THE OLD MILL,Spa Indoor,2024-09-06,RIVER HOUSE AT THE OLD MILL,Pass,0,0,0,0,0
RIVERHOUSE AT THE OLD MILL,Spa Indoor,2024-10-29,RIVER HOUSE AT THE OLD MILL,Pass,0,0,0,0,0
RIVERHOUSE AT THE OLD MILL,Spa Indoor,2025-01-14,RIVER HOUSE AT THE OLD MILL,Pass,0,0,0,0,0
RIVERHOUSE AT THE OLD MILL,Spa Indoor,2025-10-08,RIVER HOUSE AT THE OLD MILL,Conditional Pass,5,1,2,2,3
RIVERHOUSE AT THE OLD MILL,Spa Indoor,2025-10-17,RIVER HOUSE AT THE OLD MILL,Pass,0,0,0,0,0
RIVERHOUSE AT THE OLD MILL,Spa Indoor,2026-01-19,RIVER HOUSE AT THE OLD MILL,Pass,0,0,0,0,0
RIVERHOUSE AT THE OLD MILL,Spa Indoor,2026-06-17,RIVER HOUSE AT THE OLD MILL,Conditional Pass,3,2,0,1,3
RIVERHOUSE AT THE OLD MILL,Spa Indoor,2026-06-24,RIVER HOUSE AT THE OLD MILL,Pass,0,0,0,0,0
RIVERHOUSE AT THE OLD MILL,Spa Indoor,2026-08-31,RIVER HOUSE AT THE OLD MILL,Pass,1,1,0,0,1
RIVERSIDE SQUARE,Outdoor Pool,2025-07-09,RIVERSIDE SQUARE,Closed,7,2,3,2,4
RIVERSIDE SQUARE,Outdoor Pool,2025-07-10,RIVERSIDE SQUARE,Pass,1,1,0,0,1
RIVERSIDE SQUARE,Outdoor Pool,2025-10-09,RIVERSIDE SQUARE,Conditional Pass,3,1,1,1,2
RIVERSIDE SQUARE,Outdoor Pool,2025-10-10,RIVERSIDE SQUARE,Pass,1,1,0,0,1
RIVERSIDE SQUARE,Outdoor Pool,2026-07-14,RIVERSIDE SQUARE,Conditional Pass,3,1,2,0,2
RIVERSIDE SQUARE,Outdoor Pool,2026-07-21,RIVERSIDE SQUARE,Pass,0,0,0,0,0
RIVIERA CLUB 1 (OUTDOOR POOL),Outdoor Pool,2024-07-18,RIVIERA CLUB 1,Pass,2,2,0,0,2
RIVIERA CLUB 1 (OUTDOOR POOL),Outdoor Pool,2025-05-29,RIVIERA CLUB 1,Pass,1,1,0,0,1
RIVIERA CLUB 1 (OUTDOOR POOL),Outdoor Pool,2025-08-12,RIVIERA CLUB 1,Pass,0,0,0,0,0
RIVIERA CLUB 1 (OUTDOOR POOL),Outdoor Pool,2026-06-22,RIVIERA CLUB 1,Pass,1,1,0,0,1
RIVIERA CLUB 1 (OUTDOOR POOL),Outdoor Pool,2026-08-28,RIVIERA CLUB 1,Pass,1,1,0,0,1
RIVIERA CLUB II,Indoor Pool,2024-08-16,RIVIERIA CLUB II,Pass,1,0,1,0,1
RIVIERA CLUB II,Indoor Pool,2024-10-25,RIVIERIA CLUB II,Pass,0,0,0,0,0
RIVIERA CLUB II,Indoor Pool,2025-05-16,RIVIERIA CLUB II,Conditional Pass,4,1,3,0,3
RIVIERA CLUB II,Indoor Pool,2025-07-18,RIVIERIA CLUB II,Pass,2,2,0,0,2
RIVIERA CLUB II,Spa Indoor,2024-08-16,RIVIERIA CLUB II,Pass,3,2,1,0,3
RIVIERA CLUB II,Spa Indoor,2024-10-25,RIVIERIA CLUB II,Pass,2,2,0,0,2
RIVIERA CLUB II,Spa Indoor,2025-01-03,RIVIERIA CLUB II,Pass,4,4,0,0,2
RIVIERA CLUB II,Spa Indoor,2025-05-16,RIVIERIA CLUB II,Conditional Pass,2,1,1,0,2
RIVIERA CLUB II,Spa Indoor,2025-07-18,RIVIERIA CLUB II,Pass,1,1,0,0,1
RIVIERA CLUB II,Spa Indoor,2025-10-24,RIVIERIA CLUB II,Pass,0,0,0,0,0
RIVIERA CLUB II,Spa Indoor,2026-01-14,RIVIERIA CLUB II,Pass,2,2,0,0,2
RIVIERA CLUB II,Spa Indoor,2026-05-01,RIVIERIA CLUB II,Pass,1,1,0,0,1
RIVIERA CLUB II,Spa Indoor,2026-08-28,RIVIERIA CLUB II,Pass,1,1,0,0,1
RIVIERA CLUB PHASE 2,Outdoor Pool,2024-08-16,RIVIERIA CLUB II,Pass,1,1,0,0,1
RIVIERA CLUB PHASE 2,Outdoor Pool,2025-05-30,RIVIERIA CLUB II,Conditional Pass,1,0,1,0,1
RIVIERA CLUB PHASE 2,Outdoor Pool,2025-08-12,RIVIERIA CLUB II,Pass,2,2,0,0,2
RIVIERA CLUB PHASE 2,Outdoor Pool,2026-06-05,RIVIERIA CLUB II,Pass,2,2,0,0,2
RIVIERA CLUB PHASE 2,Outdoor Pool,2026-08-28,RIVIERIA CLUB II,Pass,2,2,0,0,1
RIVIERA CONDOMINIUM,Spa Indoor,2024-10-01,RIVIERA CONDOMINIUMS,Pass,0,0,0,0,0
RIVIERA CONDOMINIUM,Spa Indoor,2025-01-08,RIVIERA CONDOMINIUMS,Conditional Pass,4,0,3,1,2
RIVIERA CONDOMINIUM,Spa Indoor,2025-01-30,RIVIERA CONDOMINIUMS,Conditional Pass,1,0,0,1,1
RIVIERA CONDOMINIUM,Spa Indoor,2025-02-03,RIVIERA CONDOMINIUMS,Pass,0,0,0,0,0
RIVIERA CONDOMINIUM,Spa Indoor,2025-04-09,RIVIERA CONDOMINIUMS,Pass,1,1,0,0,1
RIVIERA CONDOMINIUM,Spa Indoor,2025-10-22,RIVIERA CONDOMINIUMS,Pass,1,1,0,0,1
RIVIERA CONDOMINIUM,Spa Indoor,2026-01-13,RIVIERA CONDOMINIUMS,Conditional Pass,3,1,2,0,2
RIVIERA CONDOMINIUM,Spa Indoor,2026-01-23,RIVIERA CONDOMINIUMS,Pass,0,0,0,0,0
RIVIERA CONDOMINIUM,Spa Indoor,2026-04-01,RIVIERA CONDOMINIUMS,Pass,1,1,0,0,1
RIVIERA CONDOMINIUM,Spa Indoor,2026-08-05,RIVIERA CONDOMINIUMS,Closed,3,1,0,2,2
RIVIERA CONDOMINIUM,Spa Indoor,2026-08-06,RIVIERA CONDOMINIUMS,Pass,0,0,0,0,0
RIVIERA CONDOMINIUMS,Indoor Pool,2024-10-01,RIVIERA CONDOMINIUMS,Pass,0,0,0,0,0
RIVIERA CONDOMINIUMS,Indoor Pool,2025-01-08,RIVIERA CONDOMINIUMS,Pass,1,1,0,0,1
RIVIERA CONDOMINIUMS,Indoor Pool,2025-04-09,RIVIERA CONDOMINIUMS,Pass,1,1,0,0,1
RIVIERA CONDOMINIUMS,Indoor Pool,2025-10-22,RIVIERA CONDOMINIUMS,Pass,0,0,0,0,0
RIVIERA CONDOMINIUMS,Indoor Pool,2026-01-13,RIVIERA CONDOMINIUMS,Pass,2,2,0,0,1
RIVIERA CONDOMINIUMS,Indoor Pool,2026-04-01,RIVIERA CONDOMINIUMS,Pass,1,1,0,0,1
RIVIERA CONDOMINIUMS,Indoor Pool,2026-08-05,RIVIERA CONDOMINIUMS,Closed,2,0,0,2,2
RIVIERA CONDOMINIUMS,Indoor Pool,2026-08-06,RIVIERA CONDOMINIUMS,Pass,0,0,0,0,0
ROCKEFELLER ON BAYVIEW,Indoor Pool,2024-11-20,ROCKEFELLER ON BAYVIEW,Pass,0,0,0,0,0
ROCKEFELLER ON BAYVIEW,Indoor Pool,2025-05-13,ROCKEFELLER ON BAYVIEW,Pass,0,0,0,0,0
ROCKEFELLER ON BAYVIEW,Indoor Pool,2025-11-20,ROCKEFELLER ON BAYVIEW,Pass,1,1,0,0,1
ROCKEFELLER ON BAYVIEW,Indoor Pool,2026-02-02,ROCKEFELLER ON BAYVIEW,Pass,1,1,0,0,1
ROCKEFELLER ON BAYVIEW,Indoor Pool,2026-05-25,ROCKEFELLER ON BAYVIEW,Pass,1,1,0,0,1
ROCKEFELLER ON BAYVIEW,Spa Indoor,2024-08-21,ROCKEFELLER ON BAYVIEW,Pass,0,0,0,0,0
ROCKEFELLER ON BAYVIEW,Spa Indoor,2024-11-20,ROCKEFELLER ON BAYVIEW,Pass,1,1,0,0,1
ROCKEFELLER ON BAYVIEW,Spa Indoor,2025-05-13,ROCKEFELLER ON BAYVIEW,Conditional Pass,5,1,2,2,3
ROCKEFELLER ON BAYVIEW,Spa Indoor,2025-06-02,ROCKEFELLER ON BAYVIEW,Pass,0,0,0,0,0
ROCKEFELLER ON BAYVIEW,Spa Indoor,2025-09-25,ROCKEFELLER ON BAYVIEW,Pass,0,0,0,0,0
ROCKEFELLER ON BAYVIEW,Spa Indoor,2025-11-20,ROCKEFELLER ON BAYVIEW,Pass,2,1,1,0,2
ROCKEFELLER ON BAYVIEW,Spa Indoor,2026-02-02,ROCKEFELLER ON BAYVIEW,Pass,0,0,0,0,0
ROCKEFELLER ON BAYVIEW,Spa Indoor,2026-05-25,ROCKEFELLER ON BAYVIEW,Conditional Pass,2,1,1,0,2
ROCKEFELLER ON BAYVIEW,Spa Indoor,2026-06-09,ROCKEFELLER ON BAYVIEW,Pass,0,0,0,0,0
ROCKFORD ROAD APTS POOL,Outdoor Pool,2024-07-18,ROCKFORD ROAD APTS POOL,Pass,1,1,0,0,1
ROCKFORD ROAD APTS POOL,Outdoor Pool,2025-07-29,ROCKFORD ROAD APTS POOL,Pass,2,2,0,0,1
ROCKFORD ROAD APTS POOL,Outdoor Pool,2026-08-06,ROCKFORD ROAD APTS POOL,Pass,2,2,0,0,2
RODEO DRIVE CONDOS POOL,Outdoor Pool,2026-08-18,RODEO DRIVE CONDOS POOL,Pass,0,0,0,0,0
RODEO WALK POOL,Indoor Pool,2024-07-09,RODEO WALK,Pass,0,0,0,0,0
RODEO WALK POOL,Indoor Pool,2024-10-07,RODEO WALK,Pass,1,1,0,0,1
RODEO WALK POOL,Indoor Pool,2025-01-16,RODEO WALK,Pass,2,2,0,0,2
RODEO WALK POOL,Indoor Pool,2025-04-16,RODEO WALK,Pass,2,2,0,0,2
RODEO WALK POOL,Indoor Pool,2025-07-29,RODEO WALK,Pass,2,1,1,0,2
RODEO WALK POOL,Indoor Pool,2025-11-17,RODEO WALK,Pass,3,2,1,0,2
RODEO WALK POOL,Indoor Pool,2026-02-19,RODEO WALK,Pass,1,1,0,0,1
RODEO WALK POOL,Indoor Pool,2026-05-20,RODEO WALK,Pass,3,3,0,0,2
RODEO WALK POOL,Indoor Pool,2026-08-07,RODEO WALK,Pass,2,2,0,0,2
RODEO WALK SPA,Spa Indoor,2024-07-09,RODEO WALK,Pass,0,0,0,0,0
RODEO WALK SPA,Spa Indoor,2024-10-11,RODEO WALK,Pass,1,1,0,0,1
RODEO WALK SPA,Spa Indoor,2025-01-16,RODEO WALK,Pass,3,3,0,0,3
RODEO WALK SPA,Spa Indoor,2025-04-16,RODEO WALK,Conditional Pass,6,2,3,1,3
RODEO WALK SPA,Spa Indoor,2025-04-17,RODEO WALK,Pass,0,0,0,0,0
RODEO WALK SPA,Spa Indoor,2025-07-29,RODEO WALK,Pass,2,1,1,0,2
RODEO WALK SPA,Spa Indoor,2025-11-17,RODEO WALK,Pass,2,0,2,0,1
RODEO WALK SPA,Spa Indoor,2026-02-19,RODEO WALK,Pass,1,1,0,0,1
RODEO WALK SPA,Spa Indoor,2026-05-20,RODEO WALK,Conditional Pass,5,1,2,2,3
RODEO WALK SPA,Spa Indoor,2026-05-29,RODEO WALK,Pass,0,0,0,0,0
RODEO WALK SPA,Spa Indoor,2026-08-07,RODEO WALK,Pass,0,0,0,0,0
RODING PARK POOL,Outdoor Pool,2024-07-23,RODING COMMUNITY CENTRE,Pass,3,3,0,0,2
RODING PARK POOL,Outdoor Pool,2025-06-17,RODING COMMUNITY CENTRE,Pass,0,0,0,0,0
RODING PARK POOL,Outdoor Pool,2026-07-24,RODING COMMUNITY CENTRE,Pass,1,1,0,0,1
ROSEDALE GLEN  M.T.C.C.#614,Indoor Pool,2024-07-11,ROSEDALE GLEN,Pass,0,0,0,0,0
ROSEDALE GLEN  M.T.C.C.#614,Indoor Pool,2024-10-10,ROSEDALE GLEN,Pass,0,0,0,0,0
ROSEDALE GLEN  M.T.C.C.#614,Indoor Pool,2025-03-27,ROSEDALE GLEN,Pass,0,0,0,0,0
ROSEDALE GLEN  M.T.C.C.#614,Indoor Pool,2025-06-26,ROSEDALE GLEN,Pass,4,4,0,0,2
ROSEDALE GLEN  M.T.C.C.#614,Indoor Pool,2025-09-22,ROSEDALE GLEN,Pass,2,2,0,0,2
ROSEDALE GLEN  M.T.C.C.#614,Indoor Pool,2025-12-16,ROSEDALE GLEN,Pass,0,0,0,0,0
ROSEDALE GLEN  M.T.C.C.#614,Indoor Pool,2026-03-10,ROSEDALE GLEN,Pass,0,0,0,0,0
ROSEDALE GLEN  M.T.C.C.#614,Indoor Pool,2026-06-18,ROSEDALE GLEN,Pass,0,0,0,0,0
ROSEDALE GLEN MTCC #614,Spa Indoor,2024-07-11,ROSEDALE GLEN,Pass,1,1,0,0,1
ROSEDALE GLEN MTCC #614,Spa Indoor,2025-03-27,ROSEDALE GLEN,Pass,0,0,0,0,0
ROSEDALE GLEN MTCC #614,Spa Indoor,2025-06-26,ROSEDALE GLEN,Conditional Pass,5,4,1,0,2
ROSEDALE GLEN MTCC #614,Spa Indoor,2025-06-30,ROSEDALE GLEN,Pass,3,3,0,0,2
ROSEDALE GLEN MTCC #614,Spa Indoor,2025-09-22,ROSEDALE GLEN,Pass,2,2,0,0,2
ROSEDALE GLEN MTCC #614,Spa Indoor,2025-12-16,ROSEDALE GLEN,Pass,1,1,0,0,1
ROSEDALE GLEN MTCC #614,Spa Indoor,2026-03-10,ROSEDALE GLEN,Pass,1,1,0,0,1
ROSEDALE GLEN MTCC #614,Spa Indoor,2026-06-18,ROSEDALE GLEN,Pass,1,1,0,0,1
ROSEDALE HEIGHTS SECONDARY SCHOOL,Indoor Pool,2024-09-13,ROSEDALE HEIGHTS SECONDARY SCHOOL,Pass,1,1,0,0,1
ROSEDALE HEIGHTS SECONDARY SCHOOL,Indoor Pool,2024-12-03,ROSEDALE HEIGHTS SECONDARY SCHOOL,Pass,2,2,0,0,2
ROSEDALE HEIGHTS SECONDARY SCHOOL,Indoor Pool,2025-01-30,ROSEDALE HEIGHTS SECONDARY SCHOOL,Pass,0,0,0,0,0
ROSEDALE HEIGHTS SECONDARY SCHOOL,Indoor Pool,2025-05-05,ROSEDALE HEIGHTS SECONDARY SCHOOL,Pass,0,0,0,0,0
ROSEDALE HEIGHTS SECONDARY SCHOOL,Indoor Pool,2025-09-25,ROSEDALE HEIGHTS SECONDARY SCHOOL,Pass,4,4,0,0,3
ROSEDALE HEIGHTS SECONDARY SCHOOL,Indoor Pool,2025-11-27,ROSEDALE HEIGHTS SECONDARY SCHOOL,Pass,1,1,0,0,1
ROSEDALE HEIGHTS SECONDARY SCHOOL,Indoor Pool,2026-03-06,ROSEDALE HEIGHTS SECONDARY SCHOOL,Conditional Pass,1,0,0,1,1
ROSEDALE HEIGHTS SECONDARY SCHOOL,Indoor Pool,2026-06-18,ROSEDALE HEIGHTS SECONDARY SCHOOL,Pass,1,1,0,0,1
ROSEDALE HEIGHTS SECONDARY SCHOOL,Indoor Pool,2026-09-22,ROSEDALE HEIGHTS SECONDARY SCHOOL,Pass,0,0,0,0,0
ROSEDALE MOORE PARK ASSOCIATION,Outdoor Pool,2024-08-12,ROSEDALE MOORE PARK ASSOCIATION,Pass,0,0,0,0,0
ROSEDALE MOORE PARK ASSOCIATION,Outdoor Pool,2025-08-11,ROSEDALE MOORE PARK ASSOCIATION,Pass,2,2,0,0,2
ROSEDALE MOORE PARK ASSOCIATION,Outdoor Pool,2026-08-14,ROSEDALE MOORE PARK ASSOCIATION,Pass,1,1,0,0,1
ROSEMOUNT APARTMENT,Outdoor Pool,2024-07-11,ROSEMOUNT APARTMENT,Conditional Pass,4,2,2,0,4
ROSEMOUNT APARTMENT,Outdoor Pool,2024-07-16,ROSEMOUNT APARTMENT,Pass,1,1,0,0,1
ROSEMOUNT APARTMENT,Outdoor Pool,2025-07-28,ROSEMOUNT APARTMENT,Conditional Pass,2,1,0,1,2
ROSEMOUNT APARTMENT,Outdoor Pool,2026-07-07,ROSEMOUNT APARTMENT,Pass,1,1,0,0,1
ROTARY PARK OUTDOOR POOL,Outdoor Pool,2025-07-14,ROTARY PEACE PARK,Conditional Pass,1,0,0,1,1
ROTARY PARK OUTDOOR POOL,Outdoor Pool,2025-07-16,ROTARY PEACE PARK,Pass,0,0,0,0,0
ROTARY PARK OUTDOOR POOL,Outdoor Pool,2026-07-07,ROTARY PEACE PARK,Pass,0,0,0,0,0
ROUGE VALLEY COMMUNITY RECREATION CENTRE - LAP POOL,Indoor Pool,2025-09-15,ROUGE VALLEY COMMUNITY RECREATION CENTRE - LAP POOL,Pass,0,0,0,0,0
ROUGE VALLEY COMMUNITY RECREATION CENTRE - LAP POOL,Indoor Pool,2025-11-24,ROUGE VALLEY COMMUNITY RECREATION CENTRE - LAP POOL,Pass,0,0,0,0,0
ROUGE VALLEY COMMUNITY RECREATION CENTRE - LAP POOL,Indoor Pool,2026-01-19,ROUGE VALLEY COMMUNITY RECREATION CENTRE - LAP POOL,Pass,1,1,0,0,1
ROUGE VALLEY COMMUNITY RECREATION CENTRE - LAP POOL,Indoor Pool,2026-05-04,ROUGE VALLEY COMMUNITY RECREATION CENTRE - LAP POOL,Pass,1,1,0,0,1
ROUGE VALLEY COMMUNITY RECREATION CENTRE - LAP POOL,Indoor Pool,2026-07-22,ROUGE VALLEY COMMUNITY RECREATION CENTRE - LAP POOL,Pass,0,0,0,0,0
ROUGE VALLEY COMMUNITY RECREATION CENTRE - LEISURE POOL,Indoor Pool,2025-09-15,ROUGE VALLEY COMMUNITY RECREATION CENTRE - LAP POOL,Pass,0,0,0,0,0
ROUGE VALLEY COMMUNITY RECREATION CENTRE - LEISURE POOL,Indoor Pool,2025-11-24,ROUGE VALLEY COMMUNITY RECREATION CENTRE - LAP POOL,Pass,0,0,0,0,0
ROUGE VALLEY COMMUNITY RECREATION CENTRE - LEISURE POOL,Indoor Pool,2026-01-19,ROUGE VALLEY COMMUNITY RECREATION CENTRE - LAP POOL,Pass,1,1,0,0,1
ROUGE VALLEY COMMUNITY RECREATION CENTRE - LEISURE POOL,Indoor Pool,2026-05-04,ROUGE VALLEY COMMUNITY RECREATION CENTRE - LAP POOL,Pass,1,1,0,0,1
ROUGE VALLEY COMMUNITY RECREATION CENTRE - LEISURE POOL,Indoor Pool,2026-07-22,ROUGE VALLEY COMMUNITY RECREATION CENTRE - LAP POOL,Pass,0,0,0,0,0
ROUGE VALLEY RESIDENCE,Outdoor Pool,2024-07-09,GENERATION BLVD,Closed,4,1,0,3,4
ROUGE VALLEY RESIDENCE,Outdoor Pool,2024-07-12,GENERATION BLVD,Pass,0,0,0,0,0
ROUGE VALLEY RESIDENCE,Outdoor Pool,2024-08-12,GENERATION BLVD,Pass,0,0,0,0,0
ROUGE VALLEY RESIDENCE,Outdoor Pool,2025-06-27,GENERATION BLVD,Pass,0,0,0,0,0
ROUGE VALLEY RESIDENCE,Outdoor Pool,2025-08-05,GENERATION BLVD,Pass,0,0,0,0,0
ROUGE VALLEY RESIDENCE,Outdoor Pool,2026-06-22,GENERATION BLVD,Pass,1,1,0,0,1
ROUND HILL POOL,Outdoor Pool,2025-06-06,ROUND HILL APARTMENTS,Closed,5,1,1,3,5
ROUND HILL POOL,Outdoor Pool,2025-06-10,ROUND HILL APARTMENTS,Pass,0,0,0,0,0
ROUND HILL POOL,Outdoor Pool,2026-06-16,ROUND HILL APARTMENTS,Pass,0,0,0,0,0
ROWNTREE MILLS,Outdoor Pool,2024-07-30,ROWNTREE MILLS,Pass,2,2,0,0,2
ROWNTREE MILLS,Outdoor Pool,2025-08-07,ROWNTREE MILLS,Pass,2,1,1,0,2
ROWNTREE MILLS,Outdoor Pool,2026-08-13,ROWNTREE MILLS,Pass,8,6,2,0,4
ROYAL ARMS CONDO INDOOR POOL,Indoor Pool,2024-09-24,ROYAL ARMS CONDO,Pass,1,1,0,0,1
ROYAL ARMS CONDO INDOOR POOL,Indoor Pool,2024-12-02,ROYAL ARMS CONDO,Pass,1,1,0,0,1
ROYAL ARMS CONDO INDOOR POOL,Indoor Pool,2025-03-11,ROYAL ARMS CONDO,Pass,1,1,0,0,1
ROYAL ARMS CONDO INDOOR POOL,Indoor Pool,2025-05-26,ROYAL ARMS CONDO,Pass,1,1,0,0,1
ROYAL ARMS CONDO INDOOR POOL,Indoor Pool,2025-09-09,ROYAL ARMS CONDO,Pass,0,0,0,0,0
ROYAL ARMS CONDO INDOOR POOL,Indoor Pool,2025-12-17,ROYAL ARMS CONDO,Pass,0,0,0,0,0
ROYAL ARMS CONDO INDOOR POOL,Indoor Pool,2026-03-25,ROYAL ARMS CONDO,Pass,0,0,0,0,0
ROYAL ARMS CONDO INDOOR POOL,Indoor Pool,2026-06-22,ROYAL ARMS CONDO,Pass,0,0,0,0,0
ROYAL ARMS CONDO SPA,Spa Indoor,2024-09-24,ROYAL ARMS CONDO,Pass,0,0,0,0,0
ROYAL ARMS CONDO SPA,Spa Indoor,2025-03-11,ROYAL ARMS CONDO,Pass,1,1,0,0,1
ROYAL ARMS CONDO SPA,Spa Indoor,2025-05-26,ROYAL ARMS CONDO,Pass,1,0,1,0,1
ROYAL ARMS CONDO SPA,Spa Indoor,2025-09-09,ROYAL ARMS CONDO,Conditional Pass,3,0,1,2,2
ROYAL ARMS CONDO SPA,Spa Indoor,2025-10-01,ROYAL ARMS CONDO,Pass,0,0,0,0,0
ROYAL ARMS CONDO SPA,Spa Indoor,2025-12-17,ROYAL ARMS CONDO,Pass,0,0,0,0,0
ROYAL ARMS CONDO SPA,Spa Indoor,2026-03-25,ROYAL ARMS CONDO,Pass,0,0,0,0,0
ROYAL ARMS CONDO SPA,Spa Indoor,2026-06-22,ROYAL ARMS CONDO,Pass,0,0,0,0,0
ROYAL CANADIAN YACHT CLUB,Indoor Pool,2024-08-21,ROYAL CANADIAN YACHT CLUB,Pass,0,0,0,0,0
ROYAL CANADIAN YACHT CLUB,Indoor Pool,2024-09-12,ROYAL CANADIAN YACHT CLUB,Pass,0,0,0,0,0
ROYAL CANADIAN YACHT CLUB,Indoor Pool,2024-12-19,ROYAL CANADIAN YACHT CLUB,Pass,0,0,0,0,0
ROYAL CANADIAN YACHT CLUB,Indoor Pool,2025-03-24,ROYAL CANADIAN YACHT CLUB,Pass,0,0,0,0,0
ROYAL CANADIAN YACHT CLUB,Indoor Pool,2025-06-17,ROYAL CANADIAN YACHT CLUB,Pass,0,0,0,0,0
ROYAL CANADIAN YACHT CLUB,Indoor Pool,2025-09-19,ROYAL CANADIAN YACHT CLUB,Pass,0,0,0,0,0
ROYAL CANADIAN YACHT CLUB,Indoor Pool,2025-12-02,ROYAL CANADIAN YACHT CLUB,Pass,0,0,0,0,0
ROYAL CANADIAN YACHT CLUB,Indoor Pool,2026-03-04,ROYAL CANADIAN YACHT CLUB,Pass,0,0,0,0,0
ROYAL CANADIAN YACHT CLUB,Indoor Pool,2026-06-08,ROYAL CANADIAN YACHT CLUB,Pass,0,0,0,0,0
ROYAL CANADIAN YACHT CLUB,Outdoor Pool,2024-07-18,ROYAL CANADIAN YACHT CLUB,Pass,0,0,0,0,0
ROYAL CANADIAN YACHT CLUB,Outdoor Pool,2025-10-20,ROYAL CANADIAN YACHT CLUB,Pass,0,0,0,0,0
ROYAL CANADIAN YACHT CLUB,Outdoor Pool,2026-06-26,ROYAL CANADIAN YACHT CLUB,Pass,2,1,1,0,1
ROYAL CREST REC. CENTRE,Indoor Pool,2024-07-17,ROYAL CREST REC. CENTRE,Pass,1,1,0,0,1
ROYAL CREST REC. CENTRE,Indoor Pool,2024-10-25,ROYAL CREST REC. CENTRE,Pass,2,2,0,0,2
ROYAL CREST REC. CENTRE,Indoor Pool,2025-01-20,ROYAL CREST REC. CENTRE,Conditional Pass,4,2,0,2,2
ROYAL CREST REC. CENTRE,Indoor Pool,2025-02-03,ROYAL CREST REC. CENTRE,Pass,1,1,0,0,1
ROYAL CREST REC. CENTRE,Indoor Pool,2025-05-30,ROYAL CREST REC. CENTRE,Pass,2,2,0,0,1
ROYAL CREST REC. CENTRE,Indoor Pool,2025-09-09,ROYAL CREST REC. CENTRE,Pass,2,2,0,0,1
ROYAL CREST REC. CENTRE,Indoor Pool,2025-12-15,ROYAL CREST REC. CENTRE,Conditional Pass,4,2,2,0,3
ROYAL CREST REC. CENTRE,Indoor Pool,2025-12-16,ROYAL CREST REC. CENTRE,Pass,0,0,0,0,0
ROYAL CREST REC. CENTRE,Indoor Pool,2026-03-30,ROYAL CREST REC. CENTRE,Conditional Pass,2,0,2,0,2
ROYAL CREST REC. CENTRE,Indoor Pool,2026-05-08,ROYAL CREST REC. CENTRE,Pass,1,1,0,0,1
ROYAL GATE APARTMENTS,Outdoor Pool,2024-08-02,ROYAL GATE APARTMENTS,Conditional Pass,3,1,2,0,2
ROYAL GATE APARTMENTS,Outdoor Pool,2024-08-07,ROYAL GATE APARTMENTS,Pass,0,0,0,0,0
ROYAL GATE APARTMENTS,Outdoor Pool,2025-07-08,ROYAL GATE APARTMENTS,Pass,0,0,0,0,0
ROYAL GATE APARTMENTS,Outdoor Pool,2026-07-13,ROYAL GATE APARTMENTS,Conditional Pass,2,1,1,0,2
ROYAL GATE APARTMENTS,Outdoor Pool,2026-07-15,ROYAL GATE APARTMENTS,Pass,0,0,0,0,0
ROYAL HILL APT POOL,Outdoor Pool,2024-07-15,ROYAL HILL APTS,Pass,2,2,0,0,2
ROYAL HILL APT POOL,Outdoor Pool,2025-08-26,ROYAL HILL APTS,Pass,1,1,0,0,1
ROYAL ROSE APTS,Outdoor Pool,2024-08-20,ROYAL ROSE APTS,Conditional Pass,7,4,3,0,4
ROYAL ROSE APTS,Outdoor Pool,2024-08-22,ROYAL ROSE APTS,Pass,0,0,0,0,0
ROYAL ROSE APTS,Outdoor Pool,2025-07-08,ROYAL ROSE APTS,Pass,0,0,0,0,0
ROYAL ROSE APTS,Outdoor Pool,2026-07-08,ROYAL ROSE APTS,Pass,1,1,0,0,1
ROYAL TOWERS,Outdoor Pool,2025-08-18,ROYAL TOWERS,Pass,0,0,0,0,0
ROYAL YORK HEALTH CLUB,Indoor Pool,2024-07-12,ROYAL YORK HEALTH CLUB,Pass,0,0,0,0,0
ROYAL YORK HEALTH CLUB,Indoor Pool,2024-10-16,ROYAL YORK HEALTH CLUB,Pass,0,0,0,0,0
ROYAL YORK HEALTH CLUB,Indoor Pool,2025-01-21,ROYAL YORK HEALTH CLUB,Pass,0,0,0,0,0
ROYAL YORK HEALTH CLUB,Indoor Pool,2025-04-11,ROYAL YORK HEALTH CLUB,Pass,0,0,0,0,0
ROYAL YORK HEALTH CLUB,Indoor Pool,2026-01-21,ROYAL YORK HEALTH CLUB,Pass,2,2,0,0,1
ROYAL YORK HEALTH CLUB,Indoor Pool,2026-04-07,ROYAL YORK HEALTH CLUB,Pass,0,0,0,0,0
ROYAL YORK HEALTH CLUB,Indoor Pool,2026-07-27,ROYAL YORK HEALTH CLUB,Pass,0,0,0,0,0
ROYAL YORK HEALTH CLUB,Spa Indoor,2024-10-09,ROYAL YORK HEALTH CLUB,Pass,0,0,0,0,0
ROYAL YORK HEALTH CLUB,Spa Indoor,2026-01-21,ROYAL YORK HEALTH CLUB,Pass,0,0,0,0,0
ROYAL YORK PLACE,Outdoor Pool,2024-08-19,ROYAL YORK PLACE,Pass,4,4,0,0,2
ROYAL YORK PLACE,Outdoor Pool,2025-06-18,ROYAL YORK PLACE,Pass,1,1,0,0,1
ROYAL YORK PLACE,Outdoor Pool,2026-06-15,ROYAL YORK PLACE,Closed,6,2,0,4,4
ROYAL YORK PLACE,Outdoor Pool,2026-06-16,ROYAL YORK PLACE,Pass,0,0,0,0,0
ROYAL YORK PLACE,Outdoor Pool,2026-07-13,ROYAL YORK PLACE,Conditional Pass,4,3,1,0,3
ROYAL YORK PLACE,Outdoor Pool,2026-07-15,ROYAL YORK PLACE,Pass,0,0,0,0,0
ROYWOOD APT POOL,Outdoor Pool,2024-07-23,ROYWOOD APTS,Conditional Pass,6,4,0,2,3
ROYWOOD APT POOL,Outdoor Pool,2024-07-29,ROYWOOD APTS,Pass,2,1,1,0,1
ROYWOOD APT POOL,Outdoor Pool,2025-07-02,ROYWOOD APTS,Pass,8,6,2,0,4
RUNNYMEDE COLLEGIATE,Indoor Pool,2025-01-08,RUNNYMEDE COLLEGIATE,Pass,0,0,0,0,0
RUNNYMEDE COLLEGIATE,Indoor Pool,2026-02-03,RUNNYMEDE COLLEGIATE,Pass,0,0,0,0,0
RUNNYMEDE COLLEGIATE,Indoor Pool,2026-06-18,RUNNYMEDE COLLEGIATE,Pass,3,3,0,0,2
RUNNYMEDE COLLEGIATE,Indoor Pool,2026-09-15,RUNNYMEDE COLLEGIATE,Pass,1,1,0,0,1
SAN ARDO APARTMENTS,Indoor Pool,2024-11-05,SAN ARDO APARTMENTS,Pass,0,0,0,0,0
SAN ARDO APARTMENTS,Indoor Pool,2025-04-23,SAN ARDO APARTMENTS,Conditional Pass,2,0,0,2,2
SAN ARDO APARTMENTS,Indoor Pool,2025-04-30,SAN ARDO APARTMENTS,Pass,0,0,0,0,0
SAN ARDO APARTMENTS,Indoor Pool,2026-01-08,SAN ARDO APARTMENTS,Pass,3,3,0,0,2
SAN ARDO APARTMENTS,Indoor Pool,2026-06-30,SAN ARDO APARTMENTS,Conditional Pass,2,1,0,1,2
SAN ARDO APARTMENTS,Indoor Pool,2026-07-17,SAN ARDO APARTMENTS,Pass,2,2,0,0,1
SAN REMO,Outdoor Pool,2024-08-15,SAN REMO,Conditional Pass,9,5,2,2,5
SAN REMO,Outdoor Pool,2025-07-14,SAN REMO,Pass,2,2,0,0,2
SAN REMO,Outdoor Pool,2026-07-13,SAN REMO,Closed,6,3,1,2,5
SAN REMO,Outdoor Pool,2026-07-28,SAN REMO,Pass,0,0,0,0,0
SANDMAN SIGNATURE HOTEL,Indoor Pool,2024-12-05,SANDMAN SIGNATURE HOTEL,Pass,1,1,0,0,1
SANDMAN SIGNATURE HOTEL,Indoor Pool,2025-01-15,SANDMAN SIGNATURE HOTEL,Pass,0,0,0,0,0
SANDMAN SIGNATURE HOTEL,Indoor Pool,2025-06-24,SANDMAN SIGNATURE HOTEL,Pass,0,0,0,0,0
SANDMAN SIGNATURE HOTEL,Indoor Pool,2025-09-18,SANDMAN SIGNATURE HOTEL,Pass,0,0,0,0,0
SANDMAN SIGNATURE HOTEL,Indoor Pool,2025-12-02,SANDMAN SIGNATURE HOTEL,Pass,0,0,0,0,0
SANDMAN SIGNATURE HOTEL,Indoor Pool,2026-01-30,SANDMAN SIGNATURE HOTEL,Pass,1,1,0,0,1
SANDMAN SIGNATURE HOTEL,Indoor Pool,2026-04-02,SANDMAN SIGNATURE HOTEL,Pass,0,0,0,0,0
SANDMAN SIGNATURE HOTEL,Indoor Pool,2026-09-08,SANDMAN SIGNATURE HOTEL,Pass,2,2,0,0,2
SANDMAN SIGNATURE HOTEL,Spa Indoor,2024-12-05,SANDMAN SIGNATURE HOTEL,Pass,0,0,0,0,0
SANDMAN SIGNATURE HOTEL,Spa Indoor,2025-01-15,SANDMAN SIGNATURE HOTEL,Pass,1,1,0,0,1
SANDMAN SIGNATURE HOTEL,Spa Indoor,2025-06-24,SANDMAN SIGNATURE HOTEL,Pass,1,1,0,0,1
SANDMAN SIGNATURE HOTEL,Spa Indoor,2025-09-18,SANDMAN SIGNATURE HOTEL,Pass,1,1,0,0,1
SANDMAN SIGNATURE HOTEL,Spa Indoor,2026-01-30,SANDMAN SIGNATURE HOTEL,Conditional Pass,2,0,1,1,1
SANDMAN SIGNATURE HOTEL,Spa Indoor,2026-02-26,SANDMAN SIGNATURE HOTEL,Pass,1,1,0,0,1
SANDMAN SIGNATURE HOTEL,Spa Indoor,2026-04-02,SANDMAN SIGNATURE HOTEL,Conditional Pass,3,1,1,1,1
SANDMAN SIGNATURE HOTEL,Spa Indoor,2026-05-20,SANDMAN SIGNATURE HOTEL,Pass,0,0,0,0,0
SANDMAN SIGNATURE HOTEL,Spa Indoor,2026-09-08,SANDMAN SIGNATURE HOTEL,Pass,1,1,0,0,1
SATEC W.A.PORTER POOL,Indoor Pool,2024-12-03,SATEC AT W. A. PORTER,Pass,1,1,0,0,1
SATEC W.A.PORTER POOL,Indoor Pool,2025-03-19,SATEC AT W. A. PORTER,Pass,2,1,1,0,2
SATEC W.A.PORTER POOL,Indoor Pool,2025-05-07,SATEC AT W. A. PORTER,Pass,2,1,1,0,2
SATEC W.A.PORTER POOL,Indoor Pool,2025-09-29,SATEC AT W. A. PORTER,Pass,0,0,0,0,0
SATEC W.A.PORTER POOL,Indoor Pool,2025-12-15,SATEC AT W. A. PORTER,Pass,0,0,0,0,0
SATEC W.A.PORTER POOL,Indoor Pool,2026-03-25,SATEC AT W. A. PORTER,Pass,2,2,0,0,1
SATEC W.A.PORTER POOL,Indoor Pool,2026-06-17,SATEC AT W. A. PORTER,Pass,0,0,0,0,0
SAVVY CONDOMINIUMS,Indoor Pool,2024-08-30,SAVVY CONDOMINIUMS,Pass,1,1,0,0,1
SAVVY CONDOMINIUMS,Indoor Pool,2024-11-19,SAVVY CONDOMINIUMS,Pass,2,2,0,0,2
SAVVY CONDOMINIUMS,Indoor Pool,2025-02-24,SAVVY CONDOMINIUMS,Pass,1,1,0,0,1
SAVVY CONDOMINIUMS,Indoor Pool,2025-05-12,SAVVY CONDOMINIUMS,Pass,0,0,0,0,0
SAVVY CONDOMINIUMS,Indoor Pool,2025-09-23,SAVVY CONDOMINIUMS,Conditional Pass,1,0,0,1,1
SAVVY CONDOMINIUMS,Indoor Pool,2025-09-25,SAVVY CONDOMINIUMS,Pass,0,0,0,0,0
SAVVY CONDOMINIUMS,Indoor Pool,2025-12-01,SAVVY CONDOMINIUMS,Pass,0,0,0,0,0
SAVVY CONDOMINIUMS,Indoor Pool,2026-02-20,SAVVY CONDOMINIUMS,Pass,1,1,0,0,1
SAVVY CONDOMINIUMS,Indoor Pool,2026-06-12,SAVVY CONDOMINIUMS,Closed,2,0,1,1,2
SAVVY CONDOMINIUMS,Indoor Pool,2026-06-16,SAVVY CONDOMINIUMS,Pass,0,0,0,0,0
SCADDING COURT COMMUNITY CENTRE,Indoor Pool,2025-05-14,SCADDING COURT COMMUNITY CENTRE,Pass,0,0,0,0,0
SCADDING COURT COMMUNITY CENTRE,Indoor Pool,2025-09-29,SCADDING COURT COMMUNITY CENTRE,Closed,2,0,0,2,2
SCADDING COURT COMMUNITY CENTRE,Indoor Pool,2025-10-22,SCADDING COURT COMMUNITY CENTRE,Pass,0,0,0,0,0
SCADDING COURT COMMUNITY CENTRE,Indoor Pool,2026-02-23,SCADDING COURT COMMUNITY CENTRE,Pass,0,0,0,0,0
SCALA INDOOR POOL,Indoor Pool,2024-12-13,SCALA INDOOR POOL,Pass,0,0,0,0,0
SCALA INDOOR POOL,Indoor Pool,2025-05-07,SCALA INDOOR POOL,Pass,0,0,0,0,0
SCALA INDOOR POOL,Indoor Pool,2025-08-19,SCALA INDOOR POOL,Pass,0,0,0,0,0
SCALA INDOOR POOL,Indoor Pool,2025-12-19,SCALA INDOOR POOL,Pass,3,2,1,0,1
SCALA INDOOR POOL,Indoor Pool,2026-02-25,SCALA INDOOR POOL,Pass,3,3,0,0,2
SCALA INDOOR POOL,Indoor Pool,2026-04-20,SCALA INDOOR POOL,Pass,3,3,0,0,2
SCALA INDOOR POOL,Indoor Pool,2026-07-15,SCALA INDOOR POOL,Pass,1,1,0,0,1
SCALA OUTDOOR POOL,Outdoor Pool,2024-09-18,SCALA INDOOR POOL,Pass,0,0,0,0,0
SCALA OUTDOOR POOL,Outdoor Pool,2025-08-19,SCALA INDOOR POOL,Pass,0,0,0,0,0
SCALA OUTDOOR POOL,Outdoor Pool,2026-07-15,SCALA INDOOR POOL,Pass,1,1,0,0,1
SCALA OUTDOOR SPA,Spa Outdoor,2024-09-18,SCALA INDOOR POOL,Pass,1,1,0,0,1
SCALA OUTDOOR SPA,Spa Outdoor,2026-07-15,SCALA INDOOR POOL,Pass,3,3,0,0,2
SCARB. YMCA (MAIN POOL),Indoor Pool,2024-09-27,YMCA SCARBOROUGH,Pass,1,1,0,0,1
SCARB. YMCA (MAIN POOL),Indoor Pool,2024-12-19,YMCA SCARBOROUGH,Pass,0,0,0,0,0
SCARB. YMCA (MAIN POOL),Indoor Pool,2025-02-21,YMCA SCARBOROUGH,Pass,0,0,0,0,0
SCARB. YMCA (MAIN POOL),Indoor Pool,2025-05-01,YMCA SCARBOROUGH,Pass,0,0,0,0,0
SCARB. YMCA (MAIN POOL),Indoor Pool,2025-09-12,YMCA SCARBOROUGH,Conditional Pass,1,0,1,0,1
SCARB. YMCA (MAIN POOL),Indoor Pool,2025-09-16,YMCA SCARBOROUGH,Pass,0,0,0,0,0
SCARB. YMCA (MAIN POOL),Indoor Pool,2025-11-19,YMCA SCARBOROUGH,Pass,0,0,0,0,0
SCARB. YMCA (MAIN POOL),Indoor Pool,2026-01-28,YMCA SCARBOROUGH,Pass,1,1,0,0,1
SCARB. YMCA (MAIN POOL),Indoor Pool,2026-04-29,YMCA SCARBOROUGH,Pass,1,1,0,0,1
SCARB. YMCA (MAIN POOL),Indoor Pool,2026-08-27,YMCA SCARBOROUGH,Pass,1,1,0,0,1
SCARB. YMCA (TRAINING POOL),Indoor Pool,2024-09-27,YMCA SCARBOROUGH,Pass,1,1,0,0,1
SCARB. YMCA (TRAINING POOL),Indoor Pool,2024-12-19,YMCA SCARBOROUGH,Pass,0,0,0,0,0
SCARB. YMCA (TRAINING POOL),Indoor Pool,2025-02-21,YMCA SCARBOROUGH,Pass,0,0,0,0,0
SCARB. YMCA (TRAINING POOL),Indoor Pool,2025-05-01,YMCA SCARBOROUGH,Pass,0,0,0,0,0
SCARB. YMCA (TRAINING POOL),Indoor Pool,2025-09-11,YMCA SCARBOROUGH,Pass,0,0,0,0,0
SCARB. YMCA (TRAINING POOL),Indoor Pool,2025-11-19,YMCA SCARBOROUGH,Pass,0,0,0,0,0
SCARB. YMCA (TRAINING POOL),Indoor Pool,2026-01-28,YMCA SCARBOROUGH,Pass,1,1,0,0,1
SCARB. YMCA (TRAINING POOL),Indoor Pool,2026-04-29,YMCA SCARBOROUGH,Pass,1,1,0,0,1
SCARB. YMCA (TRAINING POOL),Indoor Pool,2026-08-27,YMCA SCARBOROUGH,Pass,1,1,0,0,1
SCARB. YMCA (WOMEN),Spa Indoor,2024-09-27,YMCA SCARBOROUGH,Pass,1,0,1,0,1
SCARB. YMCA (WOMEN),Spa Indoor,2024-12-19,YMCA SCARBOROUGH,Pass,0,0,0,0,0
SCARB. YMCA (WOMEN),Spa Indoor,2025-02-24,YMCA SCARBOROUGH,Conditional Pass,1,0,0,1,1
SCARB. YMCA (WOMEN),Spa Indoor,2025-04-17,YMCA SCARBOROUGH,Closed,3,0,0,3,2
SCARB. YMCA (WOMEN),Spa Indoor,2025-06-20,YMCA SCARBOROUGH,Pass,0,0,0,0,0
SCARB. YMCA (WOMEN),Spa Indoor,2025-09-10,YMCA SCARBOROUGH,Pass,1,1,0,0,1
SCARB. YMCA (WOMEN),Spa Indoor,2025-12-17,YMCA SCARBOROUGH,Pass,1,1,0,0,1
SCARB. YMCA (WOMEN),Spa Indoor,2026-02-12,YMCA SCARBOROUGH,Pass,1,1,0,0,1
SCARB. YMCA (WOMEN),Spa Indoor,2026-04-30,YMCA SCARBOROUGH,Pass,1,1,0,0,1
SCARB. YMCA (WOMEN),Spa Indoor,2026-08-27,YMCA SCARBOROUGH,Pass,1,1,0,0,1
SCARB. YMCA - MEN'S INDOOR SPA,Spa Indoor,2024-09-27,YMCA SCARBOROUGH,Pass,0,0,0,0,0
SCARB. YMCA - MEN'S INDOOR SPA,Spa Indoor,2024-12-19,YMCA SCARBOROUGH,Pass,0,0,0,0,0
SCARB. YMCA - MEN'S INDOOR SPA,Spa Indoor,2025-04-17,YMCA SCARBOROUGH,Conditional Pass,2,1,0,1,2
SCARB. YMCA - MEN'S INDOOR SPA,Spa Indoor,2025-06-17,YMCA SCARBOROUGH,Pass,0,0,0,0,0
SCARB. YMCA - MEN'S INDOOR SPA,Spa Indoor,2025-09-10,YMCA SCARBOROUGH,Pass,0,0,0,0,0
SCARB. YMCA - MEN'S INDOOR SPA,Spa Indoor,2025-12-16,YMCA SCARBOROUGH,Pass,0,0,0,0,0
SCARB. YMCA - MEN'S INDOOR SPA,Spa Indoor,2026-03-19,YMCA SCARBOROUGH,Pass,0,0,0,0,0
SCARB. YMCA - MEN'S INDOOR SPA,Spa Indoor,2026-06-15,YMCA SCARBOROUGH,Pass,0,0,0,0,0
SCARB. YMCA - MEN'S INDOOR SPA,Spa Indoor,2026-08-27,YMCA SCARBOROUGH,Pass,0,0,0,0,0
SCARBOROUGH CENTENNIAL RECREATION CENTRE,Indoor Pool,2024-09-30,SCARBOROUGH CENTENNIAL RECREATION CENTRE,Conditional Pass,2,1,1,0,2
SCARBOROUGH CENTENNIAL RECREATION CENTRE,Indoor Pool,2024-10-07,SCARBOROUGH CENTENNIAL RECREATION CENTRE,Pass,1,1,0,0,1
SCARBOROUGH CENTENNIAL RECREATION CENTRE,Indoor Pool,2025-01-20,SCARBOROUGH CENTENNIAL RECREATION CENTRE,Pass,0,0,0,0,0
SCARBOROUGH CENTENNIAL RECREATION CENTRE,Indoor Pool,2025-05-26,SCARBOROUGH CENTENNIAL RECREATION CENTRE,Pass,0,0,0,0,0
SCARBOROUGH CENTENNIAL RECREATION CENTRE,Indoor Pool,2025-08-15,SCARBOROUGH CENTENNIAL RECREATION CENTRE,Conditional Pass,3,0,3,0,3
SCARBOROUGH CENTENNIAL RECREATION CENTRE,Indoor Pool,2026-03-27,SCARBOROUGH CENTENNIAL RECREATION CENTRE,Pass,0,0,0,0,0
SCARBOROUGH CENTENNIAL RECREATION CENTRE,Indoor Pool,2026-06-10,SCARBOROUGH CENTENNIAL RECREATION CENTRE,Pass,4,4,0,0,4
SCARBOROUGH CENTENNIAL RECREATION CENTRE,Indoor Pool,2026-08-31,SCARBOROUGH CENTENNIAL RECREATION CENTRE,Conditional Pass,4,3,0,1,4
SCARBOROUGH FAIR,Spa Indoor,2024-09-11,SCARBOROUGH FAIR,Conditional Pass,4,2,1,1,2
SCARBOROUGH FAIR,Spa Indoor,2024-09-12,SCARBOROUGH FAIR,Pass,0,0,0,0,0
SCARBOROUGH FAIR,Spa Indoor,2024-11-26,SCARBOROUGH FAIR,Pass,0,0,0,0,0
SCARBOROUGH FAIR,Spa Indoor,2025-01-21,SCARBOROUGH FAIR,Pass,1,1,0,0,1
SCARBOROUGH FAIR,Spa Indoor,2025-05-09,SCARBOROUGH FAIR,Conditional Pass,1,0,1,0,1
SCARBOROUGH FAIR,Spa Indoor,2025-07-17,SCARBOROUGH FAIR,Pass,0,0,0,0,0
SCARBOROUGH FAIR,Spa Indoor,2025-10-07,SCARBOROUGH FAIR,Pass,0,0,0,0,0
SCARBOROUGH FAIR,Spa Indoor,2026-01-05,SCARBOROUGH FAIR,Conditional Pass,3,1,1,1,2
SCARBOROUGH FAIR,Spa Indoor,2026-03-24,SCARBOROUGH FAIR,Pass,0,0,0,0,0
SCARBOROUGH FAIR,Spa Indoor,2026-06-18,SCARBOROUGH FAIR,Closed,4,2,0,2,3
SCARBOROUGH FAIR,Spa Indoor,2026-07-09,SCARBOROUGH FAIR,Pass,1,1,0,0,1
SCARBOROUGH FAIR,Spa Indoor,2026-08-18,SCARBOROUGH FAIR,Pass,1,1,0,0,1
SCARBOROUGH FAIR MTCC 1038 / 1039,Indoor Pool,2024-09-11,SCARBOROUGH FAIR,Conditional Pass,6,5,0,1,4
SCARBOROUGH FAIR MTCC 1038 / 1039,Indoor Pool,2024-09-12,SCARBOROUGH FAIR,Pass,0,0,0,0,0
SCARBOROUGH FAIR MTCC 1038 / 1039,Indoor Pool,2024-11-26,SCARBOROUGH FAIR,Pass,0,0,0,0,0
SCARBOROUGH FAIR MTCC 1038 / 1039,Indoor Pool,2025-01-21,SCARBOROUGH FAIR,Pass,0,0,0,0,0
SCARBOROUGH FAIR MTCC 1038 / 1039,Indoor Pool,2025-04-24,SCARBOROUGH FAIR,Pass,1,1,0,0,1
SCARBOROUGH FAIR MTCC 1038 / 1039,Indoor Pool,2025-07-17,SCARBOROUGH FAIR,Pass,0,0,0,0,0
SCARBOROUGH FAIR MTCC 1038 / 1039,Indoor Pool,2025-10-07,SCARBOROUGH FAIR,Pass,0,0,0,0,0
SCARBOROUGH FAIR MTCC 1038 / 1039,Indoor Pool,2026-01-05,SCARBOROUGH FAIR,Pass,1,1,0,0,1
SCARBOROUGH FAIR MTCC 1038 / 1039,Indoor Pool,2026-06-18,SCARBOROUGH FAIR,Pass,2,2,0,0,1
SCARBOROUGH FAIR MTCC 1038 / 1039,Indoor Pool,2026-08-14,SCARBOROUGH FAIR,Pass,0,0,0,0,0
SCARBOROUGH WOOD,Outdoor Pool,2025-07-31,121 LING RD,Pass,0,0,0,0,0
SCARBOROUGH WOOD,Outdoor Pool,2025-08-27,121 LING RD,Pass,0,0,0,0,0
SCARBOROUGH WOOD,Outdoor Pool,2026-07-07,121 LING RD,Pass,0,0,0,0,0
SCENIC III ON EGLINTON - INDOOR POOL,Indoor Pool,2024-08-13,SCENIC III ON EGLINTON - INDOOR POOL,Pass,2,2,0,0,1
SCENIC III ON EGLINTON - INDOOR POOL,Indoor Pool,2024-11-04,SCENIC III ON EGLINTON - INDOOR POOL,Pass,0,0,0,0,0
SCENIC III ON EGLINTON - INDOOR POOL,Indoor Pool,2025-02-03,SCENIC III ON EGLINTON - INDOOR POOL,Pass,3,3,0,0,2
SCENIC III ON EGLINTON - INDOOR POOL,Indoor Pool,2025-04-23,SCENIC III ON EGLINTON - INDOOR POOL,Pass,0,0,0,0,0
SCENIC III ON EGLINTON - INDOOR POOL,Indoor Pool,2025-07-17,SCENIC III ON EGLINTON - INDOOR POOL,Pass,2,2,0,0,2
SCENIC III ON EGLINTON - INDOOR POOL,Indoor Pool,2025-10-28,SCENIC III ON EGLINTON - INDOOR POOL,Pass,0,0,0,0,0
SCENIC III ON EGLINTON - INDOOR POOL,Indoor Pool,2026-01-13,SCENIC III ON EGLINTON - INDOOR POOL,Pass,0,0,0,0,0
SCENIC III ON EGLINTON - INDOOR POOL,Indoor Pool,2026-04-01,SCENIC III ON EGLINTON - INDOOR POOL,Pass,0,0,0,0,0
SCENIC III ON EGLINTON - INDOOR POOL,Indoor Pool,2026-09-17,SCENIC III ON EGLINTON - INDOOR POOL,Pass,0,0,0,0,0
SCENIC ON EGLINTON,Indoor Pool,2024-09-20,35 BRIAN PECK CRES (TSCC 2351),Pass,0,0,0,0,0
SCENIC ON EGLINTON,Indoor Pool,2024-12-09,35 BRIAN PECK CRES (TSCC 2351),Conditional Pass,6,3,2,1,4
SCENIC ON EGLINTON,Indoor Pool,2024-12-12,35 BRIAN PECK CRES (TSCC 2351),Pass,0,0,0,0,0
SCENIC ON EGLINTON,Indoor Pool,2025-03-11,35 BRIAN PECK CRES (TSCC 2351),Conditional Pass,6,4,1,1,3
SCENIC ON EGLINTON,Indoor Pool,2025-03-13,35 BRIAN PECK CRES (TSCC 2351),Pass,1,1,0,0,1
SCENIC ON EGLINTON,Indoor Pool,2025-09-16,35 BRIAN PECK CRES (TSCC 2351),Conditional Pass,5,3,1,1,2
SCENIC ON EGLINTON,Indoor Pool,2025-10-17,35 BRIAN PECK CRES (TSCC 2351),Pass,0,0,0,0,0
SCENIC ON EGLINTON,Indoor Pool,2026-02-17,35 BRIAN PECK CRES (TSCC 2351),Closed,9,4,3,2,5
SCENIC ON EGLINTON,Indoor Pool,2026-02-19,35 BRIAN PECK CRES (TSCC 2351),Pass,3,1,2,0,3
SCENIC ON EGLINTON,Indoor Pool,2026-05-06,35 BRIAN PECK CRES (TSCC 2351),Conditional Pass,6,4,2,0,3
SCHOOL IN THE POOL,Indoor Pool,2024-09-18,SCHOOL IN THE POOL,Conditional Pass,1,0,0,1,1
SCHOOL IN THE POOL,Indoor Pool,2024-10-21,SCHOOL IN THE POOL,Conditional Pass,1,0,0,1,1
SCHOOL IN THE POOL,Indoor Pool,2024-10-29,SCHOOL IN THE POOL,Pass,0,0,0,0,0
SCHOOL IN THE POOL,Indoor Pool,2024-12-04,SCHOOL IN THE POOL,Pass,0,0,0,0,0
SCHOOL IN THE POOL,Indoor Pool,2025-01-23,SCHOOL IN THE POOL,Pass,0,0,0,0,0
SCHOOL IN THE POOL,Indoor Pool,2025-05-13,SCHOOL IN THE POOL,Pass,0,0,0,0,0
SCHOOL IN THE POOL,Indoor Pool,2025-09-26,SCHOOL IN THE POOL,Pass,1,1,0,0,1
SCHOOL IN THE POOL,Indoor Pool,2025-11-04,SCHOOL IN THE POOL,Pass,1,1,0,0,1
SCHOOL IN THE POOL,Indoor Pool,2026-05-13,SCHOOL IN THE POOL,Pass,5,5,0,0,3
SHANGRI-LA HOTEL TORONTO - POOL,Indoor Pool,2024-08-21,SHANGRI-LA HOTEL,Pass,0,0,0,0,0
SHANGRI-LA HOTEL TORONTO - POOL,Indoor Pool,2024-11-19,SHANGRI-LA HOTEL,Pass,0,0,0,0,0
SHANGRI-LA HOTEL TORONTO - POOL,Indoor Pool,2025-02-13,SHANGRI-LA HOTEL,Pass,0,0,0,0,0
SHANGRI-LA HOTEL TORONTO - POOL,Indoor Pool,2025-04-22,SHANGRI-LA HOTEL,Pass,0,0,0,0,0
SHANGRI-LA HOTEL TORONTO - POOL,Indoor Pool,2025-09-17,SHANGRI-LA HOTEL,Pass,0,0,0,0,0
SHANGRI-LA HOTEL TORONTO - POOL,Indoor Pool,2025-12-17,SHANGRI-LA HOTEL,Conditional Pass,2,1,0,1,2
SHANGRI-LA HOTEL TORONTO - POOL,Indoor Pool,2025-12-19,SHANGRI-LA HOTEL,Pass,0,0,0,0,0
SHANGRI-LA HOTEL TORONTO - POOL,Indoor Pool,2026-02-19,SHANGRI-LA HOTEL,Pass,0,0,0,0,0
SHANGRI-LA HOTEL TORONTO - POOL,Indoor Pool,2026-05-06,SHANGRI-LA HOTEL,Pass,0,0,0,0,0
SHANGRI-LA HOTEL TORONTO - POOL,Indoor Pool,2026-09-08,SHANGRI-LA HOTEL,Pass,0,0,0,0,0
SHANGRI-LA HOTEL TORONTO - SPA,Spa Indoor,2024-08-21,SHANGRI-LA HOTEL,Pass,0,0,0,0,0
SHANGRI-LA HOTEL TORONTO - SPA,Spa Indoor,2024-11-19,SHANGRI-LA HOTEL,Pass,0,0,0,0,0
SHANGRI-LA HOTEL TORONTO - SPA,Spa Indoor,2025-02-13,SHANGRI-LA HOTEL,Pass,0,0,0,0,0
SHANGRI-LA HOTEL TORONTO - SPA,Spa Indoor,2025-04-22,SHANGRI-LA HOTEL,Pass,0,0,0,0,0
SHANGRI-LA HOTEL TORONTO - SPA,Spa Indoor,2025-09-17,SHANGRI-LA HOTEL,Pass,0,0,0,0,0
SHANGRI-LA HOTEL TORONTO - SPA,Spa Indoor,2025-12-17,SHANGRI-LA HOTEL,Conditional Pass,1,0,0,1,1
SHANGRI-LA HOTEL TORONTO - SPA,Spa Indoor,2025-12-19,SHANGRI-LA HOTEL,Pass,0,0,0,0,0
SHANGRI-LA HOTEL TORONTO - SPA,Spa Indoor,2026-02-19,SHANGRI-LA HOTEL,Pass,0,0,0,0,0
SHANGRI-LA HOTEL TORONTO - SPA,Spa Indoor,2026-05-06,SHANGRI-LA HOTEL,Pass,0,0,0,0,0
SHANGRI-LA HOTEL TORONTO - SPA,Spa Indoor,2026-09-08,SHANGRI-LA HOTEL,Pass,0,0,0,0,0
SHENDY'S SWIM CENTRE,Indoor Pool,2024-08-23,SHENDY'S SWIM CENTRE,Pass,0,0,0,0,0
SHENDY'S SWIM CENTRE,Indoor Pool,2025-03-05,SHENDY'S SWIM CENTRE,Pass,3,2,1,0,3
SHENDY'S SWIM CENTRE,Indoor Pool,2025-06-06,SHENDY'S SWIM CENTRE,Conditional Pass,3,0,1,2,2
SHENDY'S SWIM CENTRE,Indoor Pool,2025-08-18,SHENDY'S SWIM CENTRE,Pass,2,2,0,0,1
SHENDY'S SWIM CENTRE,Indoor Pool,2026-02-02,SHENDY'S SWIM CENTRE,Pass,2,2,0,0,1
SHENDY'S SWIM CENTRE,Indoor Pool,2026-05-15,SHENDY'S SWIM CENTRE,Pass,1,1,0,0,1
SHENDY'S SWIM CENTRE,Indoor Pool,2026-07-07,SHENDY'S SWIM CENTRE,Pass,3,3,0,0,2
SHEPHERD VILLAGE POOL,Indoor Pool,2024-08-30,SHEPHERD MANOR,Pass,0,0,0,0,0
SHEPHERD VILLAGE POOL,Indoor Pool,2024-12-19,SHEPHERD MANOR,Pass,0,0,0,0,0
SHEPHERD VILLAGE POOL,Indoor Pool,2025-02-21,SHEPHERD MANOR,Pass,2,2,0,0,2
SHEPHERD VILLAGE POOL,Indoor Pool,2025-05-27,SHEPHERD MANOR,Conditional Pass,5,1,2,2,4
SHEPHERD VILLAGE POOL,Indoor Pool,2025-06-09,SHEPHERD MANOR,Pass,2,1,1,0,2
SHEPHERD VILLAGE POOL,Indoor Pool,2025-09-22,SHEPHERD MANOR,Pass,2,1,1,0,2
SHEPHERD VILLAGE POOL,Indoor Pool,2025-12-17,SHEPHERD MANOR,Conditional Pass,2,0,2,0,2
SHEPHERD VILLAGE POOL,Indoor Pool,2025-12-19,SHEPHERD MANOR,Pass,1,1,0,0,1
SHEPHERD VILLAGE POOL,Indoor Pool,2026-03-24,SHEPHERD MANOR,Pass,0,0,0,0,0
SHEPHERD VILLAGE POOL,Indoor Pool,2026-05-13,SHEPHERD MANOR,Pass,0,0,0,0,0
SHEPHERD VILLAGE POOL,Indoor Pool,2026-07-21,SHEPHERD MANOR,Conditional Pass,3,1,1,1,2
SHERATON CENTRE HOTEL,Indoor Pool,2024-09-20,SHERATON CENTRE HOTEL,Pass,0,0,0,0,0
SHERATON CENTRE HOTEL,Indoor Pool,2024-12-11,SHERATON CENTRE HOTEL,Pass,0,0,0,0,0
SHERATON CENTRE HOTEL,Indoor Pool,2025-03-26,SHERATON CENTRE HOTEL,Pass,0,0,0,0,0
SHERATON CENTRE HOTEL,Indoor Pool,2025-06-30,SHERATON CENTRE HOTEL,Pass,0,0,0,0,0
SHERATON CENTRE HOTEL,Indoor Pool,2025-09-30,SHERATON CENTRE HOTEL,Pass,0,0,0,0,0
SHERATON CENTRE HOTEL,Indoor Pool,2025-12-17,SHERATON CENTRE HOTEL,Pass,0,0,0,0,0
SHERATON CENTRE HOTEL,Indoor Pool,2026-03-31,SHERATON CENTRE HOTEL,Pass,0,0,0,0,0
SHERATON CENTRE HOTEL,Indoor Pool,2026-06-24,SHERATON CENTRE HOTEL,Pass,0,0,0,0,0
SHERATON TORONTO AIRPORT HOTEL,Indoor Pool,2024-08-19,SHERATON TORONTO AIRPORT HOTEL,Pass,1,1,0,0,1
SHERATON TORONTO AIRPORT HOTEL,Indoor Pool,2025-01-21,SHERATON TORONTO AIRPORT HOTEL,Pass,0,0,0,0,0
SHERATON TORONTO AIRPORT HOTEL,Indoor Pool,2025-04-29,SHERATON TORONTO AIRPORT HOTEL,Pass,0,0,0,0,0
SHERATON TORONTO AIRPORT HOTEL,Indoor Pool,2025-09-03,SHERATON TORONTO AIRPORT HOTEL,Pass,0,0,0,0,0
SHERATON TORONTO AIRPORT HOTEL,Indoor Pool,2025-11-10,SHERATON TORONTO AIRPORT HOTEL,Conditional Pass,1,0,0,1,1
SHERATON TORONTO AIRPORT HOTEL,Indoor Pool,2025-12-19,SHERATON TORONTO AIRPORT HOTEL,Pass,0,0,0,0,0
SHERATON TORONTO AIRPORT HOTEL,Indoor Pool,2026-03-19,SHERATON TORONTO AIRPORT HOTEL,Pass,1,1,0,0,1
SHERATON TORONTO AIRPORT HOTEL,Indoor Pool,2026-05-12,SHERATON TORONTO AIRPORT HOTEL,Pass,1,1,0,0,1
SHERATON TORONTO AIRPORT HOTEL,Indoor Pool,2026-09-24,SHERATON TORONTO AIRPORT HOTEL,Pass,2,2,0,0,1
SIR OLIVER MOWAT C.I.,Indoor Pool,2024-09-09,SIR OLIVER MOWAT COLLEGIATE INSTITUTE,Pass,0,0,0,0,0
SIR OLIVER MOWAT C.I.,Indoor Pool,2024-11-19,SIR OLIVER MOWAT COLLEGIATE INSTITUTE,Pass,1,1,0,0,1
SIR OLIVER MOWAT C.I.,Indoor Pool,2025-01-28,SIR OLIVER MOWAT COLLEGIATE INSTITUTE,Pass,1,1,0,0,1
SIR OLIVER MOWAT C.I.,Indoor Pool,2025-04-07,SIR OLIVER MOWAT COLLEGIATE INSTITUTE,Pass,0,0,0,0,0
SIR OLIVER MOWAT C.I.,Indoor Pool,2025-10-15,SIR OLIVER MOWAT COLLEGIATE INSTITUTE,Pass,1,1,0,0,1
SIR OLIVER MOWAT C.I.,Indoor Pool,2026-01-20,SIR OLIVER MOWAT COLLEGIATE INSTITUTE,Pass,0,0,0,0,0
SIR OLIVER MOWAT C.I.,Indoor Pool,2026-04-17,SIR OLIVER MOWAT COLLEGIATE INSTITUTE,Conditional Pass,2,0,1,1,2
SIR OLIVER MOWAT C.I.,Indoor Pool,2026-05-06,SIR OLIVER MOWAT COLLEGIATE INSTITUTE,Pass,0,0,0,0,0
SIR OLIVER MOWAT C.I.,Indoor Pool,2026-09-14,SIR OLIVER MOWAT COLLEGIATE INSTITUTE,Pass,0,0,0,0,0
SIR WILFRED LAURIER C.I.,Indoor Pool,2024-09-16,SIR WILFRID LAURIER COLLEGIATE INSTITUTE,Pass,0,0,0,0,0
SIR WILFRED LAURIER C.I.,Indoor Pool,2024-11-22,SIR WILFRID LAURIER COLLEGIATE INSTITUTE,Pass,2,2,0,0,2
SIR WILFRED LAURIER C.I.,Indoor Pool,2025-01-27,SIR WILFRID LAURIER COLLEGIATE INSTITUTE,Pass,1,1,0,0,1
SIR WILFRED LAURIER C.I.,Indoor Pool,2025-04-08,SIR WILFRID LAURIER COLLEGIATE INSTITUTE,Pass,0,0,0,0,0
SIR WILFRED LAURIER C.I.,Indoor Pool,2025-09-25,SIR WILFRID LAURIER COLLEGIATE INSTITUTE,Pass,0,0,0,0,0
SIR WILFRED LAURIER C.I.,Indoor Pool,2025-12-17,SIR WILFRID LAURIER COLLEGIATE INSTITUTE,Pass,1,1,0,0,1
SIR WILFRED LAURIER C.I.,Indoor Pool,2026-02-09,SIR WILFRID LAURIER COLLEGIATE INSTITUTE,Pass,1,1,0,0,1
SIR WILFRED LAURIER C.I.,Indoor Pool,2026-04-16,SIR WILFRID LAURIER COLLEGIATE INSTITUTE,Pass,2,2,0,0,1
SIR WILFRED LAURIER C.I.,Indoor Pool,2026-09-11,SIR WILFRID LAURIER COLLEGIATE INSTITUTE,Pass,0,0,0,0,0
SKY CLUB,Indoor Pool,2024-07-12,SKY CLUB,Pass,0,0,0,0,0
SKY CLUB,Indoor Pool,2024-10-18,SKY CLUB,Pass,0,0,0,0,0
SKY CLUB,Indoor Pool,2025-01-21,SKY CLUB,Pass,1,1,0,0,1
SKY CLUB,Indoor Pool,2025-04-08,SKY CLUB,Pass,1,1,0,0,1
SKY CLUB,Indoor Pool,2025-07-17,SKY CLUB,Pass,0,0,0,0,0
SKY CLUB,Indoor Pool,2025-10-07,SKY CLUB,Conditional Pass,3,0,1,2,3
SKY CLUB,Indoor Pool,2026-01-16,SKY CLUB,Pass,0,0,0,0,0
SKY CLUB,Indoor Pool,2026-04-16,SKY CLUB,Pass,0,0,0,0,0
SKY CLUB,Indoor Pool,2026-07-21,SKY CLUB,Pass,0,0,0,0,0
SKY CLUB,Spa Indoor,2025-10-07,SKY CLUB,Conditional Pass,3,0,0,3,3
SKY PARK (SEASON),Outdoor Pool,2025-05-26,SKY PARK,Pass,2,2,0,0,2
SKY PARK (SEASON),Outdoor Pool,2025-08-18,SKY PARK,Pass,1,1,0,0,1
SKY PARK (SEASON),Outdoor Pool,2026-06-01,SKY PARK,Conditional Pass,5,2,1,2,3
SKY PARK (SEASON),Outdoor Pool,2026-06-12,SKY PARK,Pass,0,0,0,0,0
SKY PARK PLACE (WHIRLPOOL),Spa Indoor,2024-09-23,SKY PARK,Pass,0,0,0,0,0
SKY PARK PLACE (WHIRLPOOL),Spa Indoor,2024-10-15,SKY PARK,Pass,4,4,0,0,3
SKY PARK PLACE (WHIRLPOOL),Spa Indoor,2025-01-15,SKY PARK,Pass,2,1,1,0,1
SKY PARK PLACE (WHIRLPOOL),Spa Indoor,2025-05-09,SKY PARK,Pass,2,2,0,0,2
SKY PARK PLACE (WHIRLPOOL),Spa Indoor,2025-08-18,SKY PARK,Pass,1,0,1,0,1
SKY PARK PLACE (WHIRLPOOL),Spa Indoor,2025-10-23,SKY PARK,Pass,1,1,0,0,1
SKY PARK PLACE (WHIRLPOOL),Spa Indoor,2026-03-13,SKY PARK,Pass,0,0,0,0,0
SKY PARK PLACE (WHIRLPOOL),Spa Indoor,2026-06-01,SKY PARK,Pass,1,1,0,0,1
SKY PARK POOL,Indoor Pool,2024-09-23,SKY PARK,Pass,0,0,0,0,0
SKY PARK POOL,Indoor Pool,2024-10-15,SKY PARK,Pass,0,0,0,0,0
SKY PARK POOL,Indoor Pool,2025-01-15,SKY PARK,Pass,2,2,0,0,2
SKY PARK POOL,Indoor Pool,2025-05-09,SKY PARK,Pass,1,1,0,0,1
SKY PARK POOL,Indoor Pool,2025-08-18,SKY PARK,Pass,0,0,0,0,0
SKY PARK POOL,Indoor Pool,2025-10-23,SKY PARK,Pass,1,1,0,0,1
SKY PARK POOL,Indoor Pool,2026-03-13,SKY PARK,Pass,0,0,0,0,0
SKY PARK POOL,Indoor Pool,2026-06-01,SKY PARK,Pass,1,1,0,0,1
SKYMARK ON AVONDALE,Indoor Pool,2024-09-06,SKYMARK ON AVONDALE,Pass,3,3,0,0,2
SKYMARK ON AVONDALE,Indoor Pool,2024-12-04,SKYMARK ON AVONDALE,Pass,1,1,0,0,1
SKYMARK ON AVONDALE,Indoor Pool,2025-03-11,SKYMARK ON AVONDALE,Pass,0,0,0,0,0
SKYMARK ON AVONDALE,Indoor Pool,2025-06-03,SKYMARK ON AVONDALE,Pass,0,0,0,0,0
SKYMARK ON AVONDALE,Indoor Pool,2025-09-08,SKYMARK ON AVONDALE,Conditional Pass,2,0,2,0,2
SKYMARK ON AVONDALE,Indoor Pool,2025-09-19,SKYMARK ON AVONDALE,Conditional Pass,2,1,1,0,1
SKYMARK ON AVONDALE,Indoor Pool,2025-10-10,SKYMARK ON AVONDALE,Pass,0,0,0,0,0
SKYMARK ON AVONDALE,Indoor Pool,2025-12-03,SKYMARK ON AVONDALE,Pass,1,1,0,0,1
SKYMARK ON AVONDALE,Indoor Pool,2026-01-20,SKYMARK ON AVONDALE,Pass,0,0,0,0,0
SKYMARK ON AVONDALE,Indoor Pool,2026-05-14,SKYMARK ON AVONDALE,Pass,0,0,0,0,0
SKYMARK ON AVONDALE,Indoor Pool,2026-07-28,SKYMARK ON AVONDALE,Pass,0,0,0,0,0
SKYMARK ON AVONDALE SPA,Spa Indoor,2024-12-04,SKYMARK ON AVONDALE,Pass,1,1,0,0,1
SKYMARK ON AVONDALE SPA,Spa Indoor,2025-03-11,SKYMARK ON AVONDALE,Pass,0,0,0,0,0
SKYMARK ON AVONDALE SPA,Spa Indoor,2025-09-08,SKYMARK ON AVONDALE,Conditional Pass,3,1,1,1,2
SKYMARK ON AVONDALE SPA,Spa Indoor,2025-09-19,SKYMARK ON AVONDALE,Conditional Pass,3,1,1,1,2
SKYMARK ON AVONDALE SPA,Spa Indoor,2025-10-10,SKYMARK ON AVONDALE,Pass,0,0,0,0,0
SKYMARK ON AVONDALE SPA,Spa Indoor,2025-12-03,SKYMARK ON AVONDALE,Conditional Pass,3,0,2,1,2
SKYMARK ON AVONDALE SPA,Spa Indoor,2025-12-15,SKYMARK ON AVONDALE,Pass,0,0,0,0,0
SKYMARK ON AVONDALE SPA,Spa Indoor,2026-01-20,SKYMARK ON AVONDALE,Pass,0,0,0,0,0
SKYMARK ON AVONDALE SPA,Spa Indoor,2026-05-14,SKYMARK ON AVONDALE,Pass,0,0,0,0,0
SKYMARK ON AVONDALE SPA,Spa Indoor,2026-07-28,SKYMARK ON AVONDALE,Pass,0,0,0,0,0
SKYMARK PLACE INDOOR POOL,Indoor Pool,2024-10-28,SKYMARK PLACE,Pass,0,0,0,0,0
SKYMARK PLACE INDOOR POOL,Indoor Pool,2025-01-24,SKYMARK PLACE,Pass,0,0,0,0,0
SKYMARK PLACE INDOOR POOL,Indoor Pool,2025-04-23,SKYMARK PLACE,Pass,0,0,0,0,0
SKYMARK PLACE INDOOR POOL,Indoor Pool,2025-07-28,SKYMARK PLACE,Pass,1,1,0,0,1
SKYMARK PLACE INDOOR POOL,Indoor Pool,2025-10-29,SKYMARK PLACE,Conditional Pass,8,4,1,3,5
SKYMARK PLACE INDOOR POOL,Indoor Pool,2025-11-10,SKYMARK PLACE,Pass,1,1,0,0,1
SKYMARK PLACE INDOOR POOL,Indoor Pool,2026-03-10,SKYMARK PLACE,Pass,4,4,0,0,2
SKYMARK PLACE INDOOR POOL,Indoor Pool,2026-07-20,SKYMARK PLACE,Conditional Pass,3,2,0,1,2
SKYMARK PLACE INDOOR POOL,Indoor Pool,2026-07-29,SKYMARK PLACE,Pass,1,1,0,0,1
SKYMARK PLACE WHIRLPOOL,Spa Indoor,2024-10-28,SKYMARK PLACE,Pass,2,2,0,0,1
SKYMARK PLACE WHIRLPOOL,Spa Indoor,2025-01-24,SKYMARK PLACE,Conditional Pass,3,1,0,2,2
SKYMARK PLACE WHIRLPOOL,Spa Indoor,2025-02-10,SKYMARK PLACE,Pass,0,0,0,0,0
SKYMARK PLACE WHIRLPOOL,Spa Indoor,2025-04-23,SKYMARK PLACE,Pass,0,0,0,0,0
SKYMARK PLACE WHIRLPOOL,Spa Indoor,2025-07-28,SKYMARK PLACE,Pass,1,1,0,0,1
SKYMARK PLACE WHIRLPOOL,Spa Indoor,2025-10-29,SKYMARK PLACE,Conditional Pass,6,3,2,1,4
SKYMARK PLACE WHIRLPOOL,Spa Indoor,2025-11-10,SKYMARK PLACE,Pass,2,2,0,0,2
SKYMARK PLACE WHIRLPOOL,Spa Indoor,2026-03-10,SKYMARK PLACE,Pass,7,6,1,0,4
SKYMARK PLACE WHIRLPOOL,Spa Indoor,2026-07-20,SKYMARK PLACE,Conditional Pass,4,2,0,2,3
SKYMARK PLACE WHIRLPOOL,Spa Indoor,2026-07-29,SKYMARK PLACE,Pass,2,2,0,0,2
SKYMARK RECREATION CENTRE - INDOOR,Indoor Pool,2024-09-16,SKYMARK RECREATION CENTRE,Pass,0,0,0,0,0
SKYMARK RECREATION CENTRE - INDOOR,Indoor Pool,2024-12-19,SKYMARK RECREATION CENTRE,Conditional Pass,3,2,0,1,2
SKYMARK RECREATION CENTRE - INDOOR,Indoor Pool,2025-02-10,SKYMARK RECREATION CENTRE,Pass,1,1,0,0,1
SKYMARK RECREATION CENTRE - INDOOR,Indoor Pool,2025-05-01,SKYMARK RECREATION CENTRE,Pass,0,0,0,0,0
SKYMARK RECREATION CENTRE - INDOOR,Indoor Pool,2025-08-27,SKYMARK RECREATION CENTRE,Pass,1,1,0,0,1
SKYMARK RECREATION CENTRE - INDOOR,Indoor Pool,2025-12-22,SKYMARK RECREATION CENTRE,Pass,7,7,0,0,3
SKYMARK RECREATION CENTRE - INDOOR,Indoor Pool,2026-03-06,SKYMARK RECREATION CENTRE,Pass,4,4,0,0,2
SKYMARK RECREATION CENTRE - INDOOR,Indoor Pool,2026-04-16,SKYMARK RECREATION CENTRE,Pass,5,5,0,0,3
SKYMARK RECREATION CENTRE - OUTDOOR,Outdoor Pool,2025-06-24,SKYMARK RECREATION CENTRE,Closed,4,1,0,3,4
SKYMARK RECREATION CENTRE - OUTDOOR,Outdoor Pool,2025-06-26,SKYMARK RECREATION CENTRE,Pass,0,0,0,0,0
SKYMARK RECREATION CENTRE - OUTDOOR,Outdoor Pool,2026-06-09,SKYMARK RECREATION CENTRE,Pass,2,2,0,0,2
SKYSCAPE,Indoor Pool,2024-07-24,SKYSCAPE,Pass,1,1,0,0,1
SKYSCAPE,Indoor Pool,2024-10-07,SKYSCAPE,Pass,1,0,1,0,1
SKYSCAPE,Indoor Pool,2025-01-08,SKYSCAPE,Pass,2,2,0,0,2
SKYSCAPE,Indoor Pool,2025-04-07,SKYSCAPE,Pass,1,1,0,0,1
SKYSCAPE,Indoor Pool,2025-07-14,SKYSCAPE,Pass,2,2,0,0,2
SKYSCAPE,Indoor Pool,2025-10-28,SKYSCAPE,Pass,0,0,0,0,0
SKYSCAPE,Indoor Pool,2026-01-14,SKYSCAPE,Pass,0,0,0,0,0
SKYSCAPE,Indoor Pool,2026-05-13,SKYSCAPE,Pass,1,1,0,0,1
SKYSCAPE,Indoor Pool,2026-07-20,SKYSCAPE,Pass,0,0,0,0,0
SKYSCAPE SPA,Spa Indoor,2024-07-24,SKYSCAPE,Pass,1,0,1,0,1
SKYSCAPE SPA,Spa Indoor,2024-10-07,SKYSCAPE,Pass,2,1,1,0,1
SKYSCAPE SPA,Spa Indoor,2025-01-08,SKYSCAPE,Pass,2,2,0,0,2
SKYSCAPE SPA,Spa Indoor,2025-04-07,SKYSCAPE,Conditional Pass,3,1,1,1,2
SKYSCAPE SPA,Spa Indoor,2025-04-14,SKYSCAPE,Pass,0,0,0,0,0
SKYSCAPE SPA,Spa Indoor,2025-07-14,SKYSCAPE,Pass,1,1,0,0,1
SKYSCAPE SPA,Spa Indoor,2025-10-28,SKYSCAPE,Pass,1,1,0,0,1
SKYSCAPE SPA,Spa Indoor,2026-01-14,SKYSCAPE,Pass,1,1,0,0,1
SKYSCAPE SPA,Spa Indoor,2026-05-13,SKYSCAPE,Conditional Pass,4,3,1,0,3
SKYSCAPE SPA,Spa Indoor,2026-05-20,SKYSCAPE,Pass,1,1,0,0,1
SKYSCAPE SPA,Spa Indoor,2026-07-20,SKYSCAPE,Pass,0,0,0,0,0
SKYVIEW MANOR,Indoor Pool,2024-09-09,MORNELLE COURT,Pass,1,1,0,0,1
SKYVIEW MANOR,Indoor Pool,2024-12-02,MORNELLE COURT,Pass,1,1,0,0,1
SKYVIEW MANOR,Indoor Pool,2025-02-12,MORNELLE COURT,Pass,2,1,1,0,2
SKYVIEW MANOR,Indoor Pool,2025-05-29,MORNELLE COURT,Pass,2,1,1,0,2
SKYVIEW MANOR,Indoor Pool,2025-07-28,MORNELLE COURT,Conditional Pass,6,2,2,2,4
SKYVIEW MANOR,Indoor Pool,2025-08-01,MORNELLE COURT,Pass,1,1,0,0,1
SKYVIEW MANOR,Indoor Pool,2025-11-26,MORNELLE COURT,Pass,1,1,0,0,1
SKYVIEW MANOR,Indoor Pool,2026-01-30,MORNELLE COURT,Pass,2,2,0,0,2
SKYVIEW MANOR,Indoor Pool,2026-05-04,MORNELLE COURT,Pass,2,2,0,0,2
SKYVIEW MANOR,Indoor Pool,2026-07-15,MORNELLE COURT,Pass,2,1,1,0,2
SKYVIEW ON YONGE,Indoor Pool,2024-09-03,SKYVIEW ON YONGE,Pass,2,2,0,0,2
SKYVIEW ON YONGE,Indoor Pool,2024-11-28,SKYVIEW ON YONGE,Conditional Pass,4,2,0,2,4
SKYVIEW ON YONGE,Indoor Pool,2025-01-21,SKYVIEW ON YONGE,Pass,2,1,1,0,2
SKYVIEW ON YONGE,Indoor Pool,2025-04-22,SKYVIEW ON YONGE,Pass,2,2,0,0,2
SKYVIEW ON YONGE,Indoor Pool,2025-07-02,SKYVIEW ON YONGE,Pass,2,2,0,0,2
SKYVIEW ON YONGE,Indoor Pool,2025-11-14,SKYVIEW ON YONGE,Pass,3,2,1,0,3
SKYVIEW ON YONGE,Indoor Pool,2026-02-23,SKYVIEW ON YONGE,Pass,0,0,0,0,0
SKYVIEW ON YONGE,Indoor Pool,2026-06-02,SKYVIEW ON YONGE,Pass,1,1,0,0,1
SKYVIEW ON YONGE,Indoor Pool,2026-09-11,SKYVIEW ON YONGE,Pass,0,0,0,0,0
SKYVIEW ON YONGE POOL,Outdoor Pool,2024-09-03,SKYVIEW ON YONGE,Pass,2,2,0,0,2
SKYVIEW ON YONGE POOL,Outdoor Pool,2025-07-02,SKYVIEW ON YONGE,Pass,2,2,0,0,2
SKYVIEW ON YONGE POOL,Outdoor Pool,2026-06-02,SKYVIEW ON YONGE,Pass,5,5,0,0,3
SKYVIEW ON YONGE SPA,Spa Indoor,2024-11-28,SKYVIEW ON YONGE,Pass,1,1,0,0,1
SKYVIEW ON YONGE SPA,Spa Indoor,2025-01-21,SKYVIEW ON YONGE,Pass,1,1,0,0,1
SKYVIEW ON YONGE SPA,Spa Indoor,2025-04-22,SKYVIEW ON YONGE,Pass,1,1,0,0,1
SKYVIEW ON YONGE SPA,Spa Indoor,2025-07-02,SKYVIEW ON YONGE,Pass,1,1,0,0,1
SKYVIEW ON YONGE SPA,Spa Indoor,2026-09-11,SKYVIEW ON YONGE,Pass,1,1,0,0,1
SLOANE APARTMENTS OUTDOOR POOL,Outdoor Pool,2026-07-20,SLOANE APARTMENTS OUTDOOR POOL,Pass,1,1,0,0,1
SLOANE APARTMENTS SPA 1,Spa Indoor,2026-09-18,SLOANE APARTMENTS OUTDOOR POOL,Pass,1,1,0,0,1
SLOANE APARTMENTS SPA 2,Spa Indoor,2026-09-18,SLOANE APARTMENTS OUTDOOR POOL,Pass,2,2,0,0,1
SMITHFIELD POOL OUTDOOR,Outdoor Pool,2025-08-07,SMITHFIELD PARK,Pass,2,2,0,0,1
SMITHFIELD POOL OUTDOOR,Outdoor Pool,2026-06-30,SMITHFIELD PARK,Pass,6,6,0,0,3
SMYTHE PARK POOL,Outdoor Pool,2025-07-14,SMYTHE PARK,Conditional Pass,4,2,1,1,3
SMYTHE PARK POOL,Outdoor Pool,2025-07-29,SMYTHE PARK,Pass,0,0,0,0,0
SMYTHE PARK POOL,Outdoor Pool,2026-07-08,SMYTHE PARK,Conditional Pass,4,1,1,2,2
SMYTHE PARK POOL,Outdoor Pool,2026-08-10,SMYTHE PARK,Conditional Pass,7,4,1,2,4
SOHO METROPOLITAN HOTEL,Indoor Pool,2024-09-16,SOHO METROPOLITAN HOTEL,Conditional Pass,4,2,0,2,2
SOHO METROPOLITAN HOTEL,Indoor Pool,2024-09-24,SOHO METROPOLITAN HOTEL,Pass,1,1,0,0,1
SOHO METROPOLITAN HOTEL,Indoor Pool,2024-12-11,SOHO METROPOLITAN HOTEL,Pass,0,0,0,0,0
SOHO METROPOLITAN HOTEL,Indoor Pool,2025-02-05,SOHO METROPOLITAN HOTEL,Pass,4,3,1,0,3
SOHO METROPOLITAN HOTEL,Indoor Pool,2025-04-23,SOHO METROPOLITAN HOTEL,Pass,2,1,1,0,2
SOHO METROPOLITAN HOTEL,Indoor Pool,2025-09-18,SOHO METROPOLITAN HOTEL,Pass,0,0,0,0,0
SOHO METROPOLITAN HOTEL,Indoor Pool,2026-02-27,SOHO METROPOLITAN HOTEL,Pass,1,1,0,0,1
SOHO METROPOLITAN HOTEL,Indoor Pool,2026-05-19,SOHO METROPOLITAN HOTEL,Pass,3,3,0,0,2
SOHO METROPOLITAN HOTEL,Indoor Pool,2026-08-25,SOHO METROPOLITAN HOTEL,Pass,1,1,0,0,1
SOHO METROPOLITAN HOTEL,Spa Indoor,2024-09-16,SOHO METROPOLITAN HOTEL,Conditional Pass,4,1,1,2,2
SOHO METROPOLITAN HOTEL,Spa Indoor,2024-09-24,SOHO METROPOLITAN HOTEL,Pass,0,0,0,0,0
SOHO METROPOLITAN HOTEL,Spa Indoor,2025-02-05,SOHO METROPOLITAN HOTEL,Pass,1,1,0,0,1
SOHO METROPOLITAN HOTEL,Spa Indoor,2025-04-23,SOHO METROPOLITAN HOTEL,Pass,0,0,0,0,0
SOHO METROPOLITAN HOTEL,Spa Indoor,2026-02-27,SOHO METROPOLITAN HOTEL,Pass,0,0,0,0,0
SOHO METROPOLITAN HOTEL,Spa Indoor,2026-05-19,SOHO METROPOLITAN HOTEL,Conditional Pass,2,0,1,1,1
SOHO METROPOLITAN HOTEL,Spa Indoor,2026-05-22,SOHO METROPOLITAN HOTEL,Pass,0,0,0,0,0
SOHO METROPOLITAN HOTEL,Spa Indoor,2026-08-25,SOHO METROPOLITAN HOTEL,Pass,0,0,0,0,0
SOLEIL CONDOMINIUMS,Spa Indoor,2024-11-20,SOLEIL CONDOMINIUMS,Conditional Pass,2,1,0,1,2
SOLEIL CONDOMINIUMS,Spa Indoor,2024-11-21,SOLEIL CONDOMINIUMS,Pass,0,0,0,0,0
SOLEIL CONDOMINIUMS,Spa Indoor,2025-04-02,SOLEIL CONDOMINIUMS,Conditional Pass,4,1,2,1,2
SOLEIL CONDOMINIUMS,Spa Indoor,2025-04-07,SOLEIL CONDOMINIUMS,Pass,0,0,0,0,0
SOLEIL CONDOMINIUMS,Spa Indoor,2025-07-16,SOLEIL CONDOMINIUMS,Pass,5,5,0,0,2
SOLEIL CONDOMINIUMS,Spa Indoor,2025-12-17,SOLEIL CONDOMINIUMS,Pass,0,0,0,0,0
SOLEIL CONDOMINIUMS,Spa Indoor,2026-03-31,SOLEIL CONDOMINIUMS,Conditional Pass,6,2,1,3,4
SOLEIL CONDOMINIUMS,Spa Indoor,2026-04-14,SOLEIL CONDOMINIUMS,Pass,0,0,0,0,0
SOLEIL CONDOMINIUMS,Spa Indoor,2026-08-06,SOLEIL CONDOMINIUMS,Conditional Pass,5,2,1,2,2
SOMERSET APT POOL,Outdoor Pool,2024-07-26,SOMERSET APTS,Conditional Pass,2,1,0,1,1
SOMERSET APT POOL,Outdoor Pool,2024-08-06,SOMERSET APTS,Pass,0,0,0,0,0
SOMERSET APT POOL,Outdoor Pool,2025-07-10,SOMERSET APTS,Conditional Pass,6,1,3,2,5
SOMERSET APT POOL,Outdoor Pool,2025-08-07,SOMERSET APTS,Pass,1,1,0,0,1
SOMERSET APT POOL,Outdoor Pool,2026-08-13,SOMERSET APTS,Pass,3,2,1,0,3
SONATA,Indoor Pool,2024-09-27,SONATA,Pass,4,4,0,0,3
SONATA,Indoor Pool,2024-12-19,SONATA,Conditional Pass,6,4,0,2,4
SONATA,Indoor Pool,2025-03-04,SONATA,Pass,0,0,0,0,0
SONATA,Indoor Pool,2025-05-05,SONATA,Pass,1,1,0,0,1
SONATA,Indoor Pool,2025-09-16,SONATA,Pass,3,3,0,0,1
SONATA,Indoor Pool,2025-12-30,SONATA,Pass,2,1,1,0,2
SONATA,Indoor Pool,2026-03-09,SONATA,Pass,4,3,1,0,4
SONATA,Indoor Pool,2026-06-05,SONATA,Pass,1,0,1,0,1
SOUTH BEACH CONDOS,Indoor Pool,2024-12-06,SOUTH BEACH CONDOS,Pass,0,0,0,0,0
SOUTH BEACH CONDOS,Indoor Pool,2025-06-17,SOUTH BEACH CONDOS,Pass,0,0,0,0,0
SOUTH BEACH CONDOS,Indoor Pool,2025-10-24,SOUTH BEACH CONDOS,Pass,0,0,0,0,0
SOUTH BEACH CONDOS,Indoor Pool,2026-02-09,SOUTH BEACH CONDOS,Pass,0,0,0,0,0
SOUTH BEACH CONDOS,Indoor Pool,2026-04-15,SOUTH BEACH CONDOS,Pass,0,0,0,0,0
SOUTH BEACH CONDOS,Indoor Pool,2026-07-20,SOUTH BEACH CONDOS,Pass,0,0,0,0,0
SOUTH BEACH CONDOS,Outdoor Pool,2024-08-19,SOUTH BEACH CONDOS,Pass,0,0,0,0,0
SOUTH BEACH CONDOS,Outdoor Pool,2024-09-25,SOUTH BEACH CONDOS,Pass,1,1,0,0,1
SOUTH BEACH CONDOS,Outdoor Pool,2025-03-21,SOUTH BEACH CONDOS,Pass,0,0,0,0,0
SOUTH BEACH CONDOS,Outdoor Pool,2025-06-19,SOUTH BEACH CONDOS,Pass,0,0,0,0,0
SOUTH BEACH CONDOS,Outdoor Pool,2026-05-27,SOUTH BEACH CONDOS,Pass,0,0,0,0,0
SOUTH BEACH CONDOS,Outdoor Pool,2026-07-08,SOUTH BEACH CONDOS,Pass,3,3,0,0,3
SOUTH BEACH CONDOS,Spa Indoor,2024-09-25,SOUTH BEACH CONDOS,Pass,0,0,0,0,0
SOUTH BEACH CONDOS (NORTH),Spa Indoor,2024-08-19,SOUTH BEACH CONDOS,Pass,0,0,0,0,0
SOUTH BEACH CONDOS (NORTH),Spa Indoor,2024-12-06,SOUTH BEACH CONDOS,Pass,0,0,0,0,0
SOUTH BEACH CONDOS (NORTH),Spa Indoor,2025-03-21,SOUTH BEACH CONDOS,Pass,0,0,0,0,0
SOUTH BEACH CONDOS (NORTH),Spa Indoor,2025-06-17,SOUTH BEACH CONDOS,Pass,0,0,0,0,0
SOUTH BEACH CONDOS (NORTH),Spa Indoor,2025-10-24,SOUTH BEACH CONDOS,Pass,0,0,0,0,0
SOUTH BEACH CONDOS (NORTH),Spa Indoor,2026-02-09,SOUTH BEACH CONDOS,Pass,0,0,0,0,0
SOUTH BEACH CONDOS (NORTH),Spa Indoor,2026-04-15,SOUTH BEACH CONDOS,Pass,0,0,0,0,0
SOUTH BEACH CONDOS (NORTH),Spa Indoor,2026-07-20,SOUTH BEACH CONDOS,Pass,0,0,0,0,0
SOUTH HAMPTON,Indoor Pool,2024-09-10,SOUTH HAMPTON,Pass,1,1,0,0,1
SOUTH HAMPTON,Indoor Pool,2024-11-20,SOUTH HAMPTON,Pass,0,0,0,0,0
SOUTH HAMPTON,Indoor Pool,2025-03-11,SOUTH HAMPTON,Pass,1,1,0,0,1
SOUTH HAMPTON,Indoor Pool,2025-06-25,SOUTH HAMPTON,Pass,0,0,0,0,0
SOUTH HAMPTON,Indoor Pool,2025-11-25,SOUTH HAMPTON,Pass,2,2,0,0,2
SOUTH HAMPTON,Indoor Pool,2026-03-19,SOUTH HAMPTON,Pass,1,1,0,0,1
SOUTH HAMPTON,Indoor Pool,2026-06-04,SOUTH HAMPTON,Pass,2,1,1,0,1
SOUTH HAMPTON,Indoor Pool,2026-07-07,SOUTH HAMPTON,Pass,1,1,0,0,1
SOUTH HAMPTON,Spa Indoor,2024-09-10,SOUTH HAMPTON,Pass,2,1,1,0,1
SOUTH HAMPTON,Spa Indoor,2025-03-11,SOUTH HAMPTON,Pass,1,1,0,0,1
SOUTH HAMPTON,Spa Indoor,2025-11-24,SOUTH HAMPTON,Pass,1,1,0,0,1
SOUTH HAMPTON,Spa Indoor,2026-03-19,SOUTH HAMPTON,Pass,0,0,0,0,0
SOUTH HAMPTON,Spa Indoor,2026-06-04,SOUTH HAMPTON,Conditional Pass,4,1,2,1,3
SOUTH HAMPTON,Spa Indoor,2026-06-09,SOUTH HAMPTON,Pass,0,0,0,0,0
SOUTH HAMPTON,Spa Indoor,2026-07-07,SOUTH HAMPTON,Pass,2,2,0,0,2
SOUTH KINGSWAY VILLAGE REC CENTRE - POOL,Indoor Pool,2024-09-12,SOUTH KINGSWAY VILLAGE REC CENTRE - POOL,Conditional Pass,1,0,1,0,1
SOUTH KINGSWAY VILLAGE REC CENTRE - POOL,Indoor Pool,2024-09-16,SOUTH KINGSWAY VILLAGE REC CENTRE - POOL,Pass,0,0,0,0,0
SOUTH KINGSWAY VILLAGE REC CENTRE - POOL,Indoor Pool,2024-11-08,SOUTH KINGSWAY VILLAGE REC CENTRE - POOL,Pass,0,0,0,0,0
SOUTH KINGSWAY VILLAGE REC CENTRE - POOL,Indoor Pool,2025-03-03,SOUTH KINGSWAY VILLAGE REC CENTRE - POOL,Pass,2,2,0,0,2
SOUTH KINGSWAY VILLAGE REC CENTRE - POOL,Indoor Pool,2025-06-26,SOUTH KINGSWAY VILLAGE REC CENTRE - POOL,Pass,3,3,0,0,3
SOUTH KINGSWAY VILLAGE REC CENTRE - POOL,Indoor Pool,2025-09-19,SOUTH KINGSWAY VILLAGE REC CENTRE - POOL,Closed,4,0,0,4,4
SOUTH KINGSWAY VILLAGE REC CENTRE - POOL,Indoor Pool,2025-10-02,SOUTH KINGSWAY VILLAGE REC CENTRE - POOL,Conditional Pass,3,0,2,1,2
SOUTH KINGSWAY VILLAGE REC CENTRE - POOL,Indoor Pool,2025-10-17,SOUTH KINGSWAY VILLAGE REC CENTRE - POOL,Pass,0,0,0,0,0
SOUTH KINGSWAY VILLAGE REC CENTRE - POOL,Indoor Pool,2026-03-18,SOUTH KINGSWAY VILLAGE REC CENTRE - POOL,Pass,2,2,0,0,2
SOUTH KINGSWAY VILLAGE REC CENTRE - POOL,Indoor Pool,2026-06-25,SOUTH KINGSWAY VILLAGE REC CENTRE - POOL,Pass,3,3,0,0,3
SOUTH KINGSWAY VILLAGE REC CENTRE - POOL,Indoor Pool,2026-08-11,SOUTH KINGSWAY VILLAGE REC CENTRE - POOL,Pass,4,4,0,0,2
SOUTH KINGSWAY VILLAGE REC CENTRE - SPA,Spa Indoor,2024-11-08,SOUTH KINGSWAY VILLAGE REC CENTRE - POOL,Pass,1,1,0,0,1
SOUTH KINGSWAY VILLAGE REC CENTRE - SPA,Spa Indoor,2025-09-19,SOUTH KINGSWAY VILLAGE REC CENTRE - POOL,Closed,4,0,1,3,4
SOUTH KINGSWAY VILLAGE REC CENTRE - SPA,Spa Indoor,2025-10-02,SOUTH KINGSWAY VILLAGE REC CENTRE - POOL,Conditional Pass,3,0,2,1,2
SOUTH KINGSWAY VILLAGE REC CENTRE - SPA,Spa Indoor,2025-10-17,SOUTH KINGSWAY VILLAGE REC CENTRE - POOL,Closed,3,0,1,2,3
SOUTH KINGSWAY VILLAGE REC CENTRE - SPA,Spa Indoor,2025-10-30,SOUTH KINGSWAY VILLAGE REC CENTRE - POOL,Conditional Pass,3,1,1,1,3
SOUTH KINGSWAY VILLAGE REC CENTRE - SPA,Spa Indoor,2025-11-04,SOUTH KINGSWAY VILLAGE REC CENTRE - POOL,Pass,1,1,0,0,1
SOUTH KINGSWAY VILLAGE REC CENTRE - SPA,Spa Indoor,2026-03-18,SOUTH KINGSWAY VILLAGE REC CENTRE - POOL,Pass,2,2,0,0,2
SOUTH KINGSWAY VILLAGE REC CENTRE - SPA,Spa Indoor,2026-06-25,SOUTH KINGSWAY VILLAGE REC CENTRE - POOL,Pass,2,2,0,0,2
SOUTH KINGSWAY VILLAGE REC CENTRE - SPA,Spa Indoor,2026-08-11,SOUTH KINGSWAY VILLAGE REC CENTRE - POOL,Pass,4,4,0,0,2
SOUTHSIDE RESIDENCES AT GRAMERCY PARK,Outdoor Pool,2024-08-21,SOUTHSIDE RESIDENCES AT GRAMERCY PARK,Pass,0,0,0,0,0
SOUTHSIDE RESIDENCES AT GRAMERCY PARK,Outdoor Pool,2025-06-04,SOUTHSIDE RESIDENCES AT GRAMERCY PARK,Pass,2,1,1,0,1
SOUTHSIDE RESIDENCES AT GRAMERCY PARK,Outdoor Pool,2026-08-17,SOUTHSIDE RESIDENCES AT GRAMERCY PARK,Pass,3,2,1,0,3
SPA EXCESS,Spa Indoor,2024-09-11,SPA EXCESS,Pass,1,0,1,0,1
SPA EXCESS,Spa Indoor,2024-12-18,SPA EXCESS,Pass,2,2,0,0,2
SPA EXCESS,Spa Indoor,2025-03-26,SPA EXCESS,Conditional Pass,3,0,1,2,2
SPA EXCESS,Spa Indoor,2025-05-01,SPA EXCESS,Pass,0,0,0,0,0
SPA EXCESS,Spa Indoor,2025-10-29,SPA EXCESS,Pass,0,0,0,0,0
SPA EXCESS,Spa Indoor,2026-03-26,SPA EXCESS,Pass,0,0,0,0,0
SPA EXCESS,Spa Indoor,2026-05-11,SPA EXCESS,Closed,2,0,0,2,2
SPA EXCESS,Spa Indoor,2026-05-19,SPA EXCESS,Pass,0,0,0,0,0
SPA INDOOR,Spa Indoor,2024-10-30,530 ST CLAIR AVE W,Pass,0,0,0,0,0
SPA INDOOR,Spa Indoor,2025-03-06,530 ST CLAIR AVE W,Conditional Pass,2,0,0,2,2
SPA INDOOR,Spa Indoor,2025-03-20,530 ST CLAIR AVE W,Pass,0,0,0,0,0
SPA INDOOR,Spa Indoor,2025-05-15,530 ST CLAIR AVE W,Pass,0,0,0,0,0
SPA INDOOR,Spa Indoor,2025-10-03,530 ST CLAIR AVE W,Conditional Pass,2,0,1,1,2
SPA INDOOR,Spa Indoor,2025-10-20,530 ST CLAIR AVE W,Pass,0,0,0,0,0
SPA INDOOR,Spa Indoor,2026-04-15,530 ST CLAIR AVE W,Pass,4,1,3,0,2
SPANISH VILLA POOL,Outdoor Pool,2025-08-28,SPANISH VILLA,Conditional Pass,4,0,3,1,4
SPANISH VILLA POOL,Outdoor Pool,2026-09-01,SPANISH VILLA,Pass,2,2,0,0,2
SQUIRES APARTMENTS,Indoor Pool,2024-09-27,THE SQUIRES APARTMENTS,Pass,0,0,0,0,0
SQUIRES APARTMENTS,Indoor Pool,2024-12-18,THE SQUIRES APARTMENTS,Pass,0,0,0,0,0
SQUIRES APARTMENTS,Indoor Pool,2025-03-27,THE SQUIRES APARTMENTS,Pass,2,1,1,0,1
SQUIRES APARTMENTS,Indoor Pool,2025-06-16,THE SQUIRES APARTMENTS,Pass,0,0,0,0,0
SQUIRES APARTMENTS,Indoor Pool,2025-09-30,THE SQUIRES APARTMENTS,Conditional Pass,2,0,0,2,2
SQUIRES APARTMENTS,Indoor Pool,2025-10-06,THE SQUIRES APARTMENTS,Pass,0,0,0,0,0
SQUIRES APARTMENTS,Indoor Pool,2026-03-03,THE SQUIRES APARTMENTS,Pass,0,0,0,0,0
SQUIRES APARTMENTS,Indoor Pool,2026-05-07,THE SQUIRES APARTMENTS,Pass,1,1,0,0,1
SQUIRES APARTMENTS,Indoor Pool,2026-09-02,THE SQUIRES APARTMENTS,Pass,4,3,1,0,3
ST ANDREW ON THE GREEN,Indoor Pool,2024-08-02,ST ANDREW ON THE GREEN,Pass,0,0,0,0,0
ST ANDREW ON THE GREEN,Indoor Pool,2024-10-23,ST ANDREW ON THE GREEN,Pass,0,0,0,0,0
ST ANDREW ON THE GREEN,Indoor Pool,2025-03-31,ST ANDREW ON THE GREEN,Closed,3,0,0,3,3
ST ANDREW ON THE GREEN,Indoor Pool,2025-04-09,ST ANDREW ON THE GREEN,Pass,0,0,0,0,0
ST ANDREW ON THE GREEN,Indoor Pool,2025-12-04,ST ANDREW ON THE GREEN,Pass,0,0,0,0,0
ST ANDREW ON THE GREEN,Indoor Pool,2026-03-16,ST ANDREW ON THE GREEN,Pass,0,0,0,0,0
ST ANDREW ON THE GREEN,Indoor Pool,2026-06-16,ST ANDREW ON THE GREEN,Pass,0,0,0,0,0
ST ANDREW ON THE GREEN,Indoor Pool,2026-09-17,ST ANDREW ON THE GREEN,Pass,0,0,0,0,0
ST GABRIEL VILLAGE SPA,Spa Indoor,2024-09-13,ST GABRIEL VILLAGE,Pass,1,1,0,0,1
ST GABRIEL VILLAGE SPA,Spa Indoor,2024-12-09,ST GABRIEL VILLAGE,Pass,0,0,0,0,0
ST GABRIEL VILLAGE SPA,Spa Indoor,2025-03-10,ST GABRIEL VILLAGE,Pass,0,0,0,0,0
ST GABRIEL VILLAGE SPA,Spa Indoor,2025-06-02,ST GABRIEL VILLAGE,Pass,0,0,0,0,0
ST GABRIEL VILLAGE SPA,Spa Indoor,2025-09-03,ST GABRIEL VILLAGE,Pass,1,1,0,0,1
ST GABRIEL VILLAGE SPA,Spa Indoor,2025-12-17,ST GABRIEL VILLAGE,Conditional Pass,4,1,1,2,3
ST GABRIEL VILLAGE SPA,Spa Indoor,2025-12-23,ST GABRIEL VILLAGE,Pass,0,0,0,0,0
ST GABRIEL VILLAGE SPA,Spa Indoor,2026-02-19,ST GABRIEL VILLAGE,Conditional Pass,3,1,1,1,2
ST GABRIEL VILLAGE SPA,Spa Indoor,2026-02-24,ST GABRIEL VILLAGE,Pass,0,0,0,0,0
ST GABRIEL VILLAGE SPA,Spa Indoor,2026-04-13,ST GABRIEL VILLAGE,Pass,2,2,0,0,2
ST GABRIEL VILLAGE SPA,Spa Indoor,2026-09-17,ST GABRIEL VILLAGE,Pass,3,2,1,0,2
ST GABRIEL VILLAGE SWIMMING POOL,Indoor Pool,2024-09-13,ST GABRIEL VILLAGE,Pass,1,1,0,0,1
ST GABRIEL VILLAGE SWIMMING POOL,Indoor Pool,2024-12-09,ST GABRIEL VILLAGE,Pass,0,0,0,0,0
ST GABRIEL VILLAGE SWIMMING POOL,Indoor Pool,2025-03-10,ST GABRIEL VILLAGE,Pass,0,0,0,0,0
ST GABRIEL VILLAGE SWIMMING POOL,Indoor Pool,2025-06-02,ST GABRIEL VILLAGE,Pass,0,0,0,0,0
ST GABRIEL VILLAGE SWIMMING POOL,Indoor Pool,2025-09-03,ST GABRIEL VILLAGE,Pass,1,1,0,0,1
ST GABRIEL VILLAGE SWIMMING POOL,Indoor Pool,2025-12-17,ST GABRIEL VILLAGE,Pass,3,2,1,0,3
ST GABRIEL VILLAGE SWIMMING POOL,Indoor Pool,2026-02-19,ST GABRIEL VILLAGE,Pass,1,1,0,0,1
ST GABRIEL VILLAGE SWIMMING POOL,Indoor Pool,2026-04-13,ST GABRIEL VILLAGE,Pass,3,3,0,0,3
ST GABRIEL VILLAGE SWIMMING POOL,Indoor Pool,2026-09-17,ST GABRIEL VILLAGE,Pass,4,3,1,0,3
ST LAWRENCE ON THE PARK - PUBLIC SWIMMING POOL,Indoor Pool,2025-02-27,65 SCADDING AVE,Pass,0,0,0,0,0
ST LAWRENCE ON THE PARK - PUBLIC SWIMMING POOL,Indoor Pool,2025-04-30,65 SCADDING AVE,Pass,0,0,0,0,0
ST LAWRENCE ON THE PARK - PUBLIC SWIMMING POOL,Indoor Pool,2025-09-22,65 SCADDING AVE,Conditional Pass,1,0,0,1,1
ST LAWRENCE ON THE PARK - PUBLIC SWIMMING POOL,Indoor Pool,2025-09-24,65 SCADDING AVE,Pass,0,0,0,0,0
ST LAWRENCE ON THE PARK - PUBLIC SWIMMING POOL,Indoor Pool,2025-11-13,65 SCADDING AVE,Pass,0,0,0,0,0
ST LAWRENCE ON THE PARK - PUBLIC SWIMMING POOL,Indoor Pool,2026-02-05,65 SCADDING AVE,Pass,0,0,0,0,0
ST LAWRENCE ON THE PARK - PUBLIC SWIMMING POOL,Indoor Pool,2026-04-20,65 SCADDING AVE,Conditional Pass,2,0,1,1,2
ST LAWRENCE ON THE PARK - PUBLIC SWIMMING POOL,Indoor Pool,2026-04-23,65 SCADDING AVE,Pass,0,0,0,0,0
ST LAWRENCE ON THE PARK - PUBLIC SWIMMING POOL,Indoor Pool,2026-07-28,65 SCADDING AVE,Conditional Pass,1,0,0,1,1
ST LAWRENCE ON THE PARK - PUBLIC SWIMMING POOL,Indoor Pool,2026-09-16,65 SCADDING AVE,Conditional Pass,2,0,1,1,1
ST PATRICK CATHOLIC SECONDARY SCHOOL,Indoor Pool,2024-09-16,ST PATRICK CATHOLIC SECONDARY SCHOOL,Pass,0,0,0,0,0
ST PATRICK CATHOLIC SECONDARY SCHOOL,Indoor Pool,2024-12-04,ST PATRICK CATHOLIC SECONDARY SCHOOL,Pass,2,2,0,0,1
ST PATRICK CATHOLIC SECONDARY SCHOOL,Indoor Pool,2025-02-10,ST PATRICK CATHOLIC SECONDARY SCHOOL,Conditional Pass,5,1,4,0,2
ST PATRICK CATHOLIC SECONDARY SCHOOL,Indoor Pool,2025-02-14,ST PATRICK CATHOLIC SECONDARY SCHOOL,Pass,0,0,0,0,0
ST PATRICK CATHOLIC SECONDARY SCHOOL,Indoor Pool,2025-05-12,ST PATRICK CATHOLIC SECONDARY SCHOOL,Pass,2,1,1,0,1
ST PATRICK CATHOLIC SECONDARY SCHOOL,Indoor Pool,2025-09-09,ST PATRICK CATHOLIC SECONDARY SCHOOL,Pass,1,1,0,0,1
ST PATRICK CATHOLIC SECONDARY SCHOOL,Indoor Pool,2025-12-01,ST PATRICK CATHOLIC SECONDARY SCHOOL,Conditional Pass,2,1,1,0,2
ST PATRICK CATHOLIC SECONDARY SCHOOL,Indoor Pool,2025-12-02,ST PATRICK CATHOLIC SECONDARY SCHOOL,Pass,1,1,0,0,1
ST PATRICK CATHOLIC SECONDARY SCHOOL,Indoor Pool,2026-03-02,ST PATRICK CATHOLIC SECONDARY SCHOOL,Pass,1,1,0,0,1
ST PATRICK CATHOLIC SECONDARY SCHOOL,Indoor Pool,2026-06-02,ST PATRICK CATHOLIC SECONDARY SCHOOL,Conditional Pass,1,0,1,0,1
ST PATRICK CATHOLIC SECONDARY SCHOOL,Indoor Pool,2026-07-27,ST PATRICK CATHOLIC SECONDARY SCHOOL,Pass,0,0,0,0,0
ST REGIS TORONTO,Indoor Pool,2024-08-12,THE ADELAIDE HOTEL,Pass,0,0,0,0,0
ST REGIS TORONTO,Indoor Pool,2024-11-01,THE ADELAIDE HOTEL,Pass,0,0,0,0,0
ST REGIS TORONTO,Indoor Pool,2025-03-12,THE ADELAIDE HOTEL,Pass,0,0,0,0,0
ST REGIS TORONTO,Indoor Pool,2025-06-16,THE ADELAIDE HOTEL,Pass,0,0,0,0,0
ST REGIS TORONTO,Indoor Pool,2025-09-26,THE ADELAIDE HOTEL,Pass,0,0,0,0,0
ST REGIS TORONTO,Indoor Pool,2025-12-02,THE ADELAIDE HOTEL,Pass,1,1,0,0,1
ST REGIS TORONTO,Indoor Pool,2026-03-27,THE ADELAIDE HOTEL,Pass,0,0,0,0,0
ST REGIS TORONTO,Indoor Pool,2026-06-23,THE ADELAIDE HOTEL,Pass,0,0,0,0,0
ST REGIS TORONTO,Spa Indoor,2024-08-12,THE ADELAIDE HOTEL,Pass,1,1,0,0,1
ST REGIS TORONTO,Spa Indoor,2025-12-02,THE ADELAIDE HOTEL,Pass,2,1,1,0,1
ST. ALBANS BOYS & GIRLS CLUB,Indoor Pool,2024-07-19,ST. ALBANS BOYS & GIRLS CLUB,Pass,0,0,0,0,0
ST. ALBANS BOYS & GIRLS CLUB,Indoor Pool,2024-10-30,ST. ALBANS BOYS & GIRLS CLUB,Pass,0,0,0,0,0
ST. ALBANS BOYS & GIRLS CLUB,Indoor Pool,2025-03-18,ST. ALBANS BOYS & GIRLS CLUB,Pass,0,0,0,0,0
ST. ALBANS BOYS & GIRLS CLUB,Indoor Pool,2025-07-02,ST. ALBANS BOYS & GIRLS CLUB,Pass,0,0,0,0,0
ST. ALBANS BOYS & GIRLS CLUB,Indoor Pool,2025-10-01,ST. ALBANS BOYS & GIRLS CLUB,Pass,0,0,0,0,0
ST. ALBANS BOYS & GIRLS CLUB,Indoor Pool,2026-01-05,ST. ALBANS BOYS & GIRLS CLUB,Pass,0,0,0,0,0
ST. ALBANS BOYS & GIRLS CLUB,Indoor Pool,2026-04-07,ST. ALBANS BOYS & GIRLS CLUB,Pass,0,0,0,0,0
ST. ALBANS BOYS & GIRLS CLUB,Indoor Pool,2026-07-14,ST. ALBANS BOYS & GIRLS CLUB,Pass,0,0,0,0,0
ST. ANDREW ON THE GREEN,Spa Indoor,2024-10-23,ST ANDREW ON THE GREEN,Pass,0,0,0,0,0
ST. ANDREW ON THE GREEN,Spa Indoor,2025-03-31,ST ANDREW ON THE GREEN,Closed,3,0,1,2,3
ST. ANDREW ON THE GREEN,Spa Indoor,2025-04-09,ST ANDREW ON THE GREEN,Pass,0,0,0,0,0
ST. ANDREW ON THE GREEN,Spa Indoor,2025-12-04,ST ANDREW ON THE GREEN,Pass,0,0,0,0,0
ST. ANDREW ON THE GREEN,Spa Indoor,2026-03-16,ST ANDREW ON THE GREEN,Pass,0,0,0,0,0
ST. ANDREW ON THE GREEN,Spa Indoor,2026-09-17,ST ANDREW ON THE GREEN,Pass,0,0,0,0,0
ST. JOHN'S REHABILITATION,Indoor Pool,2024-09-05,ST. JOHN'S REHABILITATION,Pass,0,0,0,0,0
ST. JOHN'S REHABILITATION,Indoor Pool,2024-12-10,ST. JOHN'S REHABILITATION,Pass,0,0,0,0,0
ST. JOHN'S REHABILITATION,Indoor Pool,2025-03-27,ST. JOHN'S REHABILITATION,Pass,0,0,0,0,0
ST. JOHN'S REHABILITATION,Indoor Pool,2025-06-24,ST. JOHN'S REHABILITATION,Pass,1,1,0,0,1
ST. JOHN'S REHABILITATION,Indoor Pool,2025-10-07,ST. JOHN'S REHABILITATION,Pass,0,0,0,0,0
ST. JOHN'S REHABILITATION,Indoor Pool,2026-01-21,ST. JOHN'S REHABILITATION,Pass,2,2,0,0,2
ST. JOHN'S REHABILITATION,Indoor Pool,2026-05-08,ST. JOHN'S REHABILITATION,Pass,3,3,0,0,2
ST. LAWRENCE COMMUNITY CTR,Indoor Pool,2024-09-23,ST. LAWRENCE COMMUNITY CENTRE,Pass,0,0,0,0,0
ST. LAWRENCE COMMUNITY CTR,Indoor Pool,2024-12-18,ST. LAWRENCE COMMUNITY CENTRE,Pass,0,0,0,0,0
ST. LAWRENCE COMMUNITY CTR,Indoor Pool,2025-03-17,ST. LAWRENCE COMMUNITY CENTRE,Pass,0,0,0,0,0
ST. LAWRENCE COMMUNITY CTR,Indoor Pool,2025-06-25,ST. LAWRENCE COMMUNITY CENTRE,Pass,0,0,0,0,0
ST. LAWRENCE COMMUNITY CTR,Indoor Pool,2025-11-12,ST. LAWRENCE COMMUNITY CENTRE,Pass,0,0,0,0,0
ST. LAWRENCE COMMUNITY CTR,Indoor Pool,2026-03-24,ST. LAWRENCE COMMUNITY CENTRE,Pass,0,0,0,0,0
ST. LAWRENCE COMMUNITY CTR,Indoor Pool,2026-06-22,ST. LAWRENCE COMMUNITY CENTRE,Conditional Pass,1,0,0,1,1
STANLEY PARK POOL,Outdoor Pool,2025-07-30,STANLEY PARK,Conditional Pass,1,0,0,1,1
STANLEY PARK POOL,Outdoor Pool,2026-08-27,STANLEY PARK,Pass,0,0,0,0,0
STATION PLACE,Outdoor Pool,2024-07-25,STATION PLACE,Pass,0,0,0,0,0
STATION PLACE,Outdoor Pool,2025-07-23,STATION PLACE,Pass,0,0,0,0,0
STATLEY TOWERS APARTMENTS,Outdoor Pool,2025-07-10,90 MORNELLE COURT,Pass,1,1,0,0,1
STATLEY TOWERS APARTMENTS,Outdoor Pool,2025-08-18,90 MORNELLE COURT,Pass,2,2,0,0,2
STATLEY TOWERS APARTMENTS,Outdoor Pool,2026-07-13,90 MORNELLE COURT,Conditional Pass,4,2,2,0,3
STATLEY TOWERS APARTMENTS,Outdoor Pool,2026-07-15,90 MORNELLE COURT,Pass,0,0,0,0,0
STEAMWORKS,Spa Indoor,2024-09-27,STEAMWORKS,Pass,0,0,0,0,0
STEAMWORKS,Spa Indoor,2025-03-20,STEAMWORKS,Pass,0,0,0,0,0
STEAMWORKS,Spa Indoor,2025-09-29,STEAMWORKS,Pass,0,0,0,0,0
STEAMWORKS,Spa Indoor,2026-01-08,STEAMWORKS,Pass,0,0,0,0,0
STEAMWORKS,Spa Indoor,2026-03-16,STEAMWORKS,Pass,0,0,0,0,0
STEAMWORKS,Spa Indoor,2026-06-30,STEAMWORKS,Pass,0,0,0,0,0
STEPHEN LEACOCK C.I.,Indoor Pool,2024-09-27,STEPHEN LEACOCK COLLEGIATE INSTITUTE,Pass,0,0,0,0,0
STEPHEN LEACOCK C.I.,Indoor Pool,2024-12-16,STEPHEN LEACOCK COLLEGIATE INSTITUTE,Pass,0,0,0,0,0
STEPHEN LEACOCK C.I.,Indoor Pool,2025-03-04,STEPHEN LEACOCK COLLEGIATE INSTITUTE,Pass,2,2,0,0,2
STEPHEN LEACOCK C.I.,Indoor Pool,2025-05-29,STEPHEN LEACOCK COLLEGIATE INSTITUTE,Pass,1,1,0,0,1
STEPHEN LEACOCK C.I.,Indoor Pool,2025-09-11,STEPHEN LEACOCK COLLEGIATE INSTITUTE,Pass,1,1,0,0,1
STEPHEN LEACOCK C.I.,Indoor Pool,2025-12-16,STEPHEN LEACOCK COLLEGIATE INSTITUTE,Pass,0,0,0,0,0
STEPHEN LEACOCK C.I.,Indoor Pool,2026-03-11,STEPHEN LEACOCK COLLEGIATE INSTITUTE,Pass,1,1,0,0,1
STEPHEN LEACOCK C.I.,Indoor Pool,2026-06-05,STEPHEN LEACOCK COLLEGIATE INSTITUTE,Pass,0,0,0,0,0
STUDIO 1 EAST SPA,Spa Outdoor,2024-08-27,STUDIO 1 - EAST SPA,Pass,0,0,0,0,0
STUDIO 1 EAST SPA,Spa Outdoor,2025-05-08,STUDIO 1 - EAST SPA,Pass,0,0,0,0,0
STUDIO 1 EAST SPA,Spa Outdoor,2026-07-10,STUDIO 1 - EAST SPA,Closed,3,1,0,2,3
STUDIO 1 EAST SPA,Spa Outdoor,2026-07-28,STUDIO 1 - EAST SPA,Pass,0,0,0,0,0
STUDIO 1 WEST SPA,Spa Outdoor,2024-08-27,STUDIO 1 - EAST SPA,Pass,0,0,0,0,0
STUDIO 1 WEST SPA,Spa Outdoor,2025-05-08,STUDIO 1 - EAST SPA,Pass,0,0,0,0,0
STUDIO 1 WEST SPA,Spa Outdoor,2026-07-10,STUDIO 1 - EAST SPA,Closed,5,1,1,3,3
STUDIO 1 WEST SPA,Spa Outdoor,2026-07-28,STUDIO 1 - EAST SPA,Pass,1,1,0,0,1
STUDIO 2,Spa Outdoor,2024-08-29,STUDIO 2,Pass,0,0,0,0,0
STUDIO 2,Spa Outdoor,2025-05-08,STUDIO 2,Pass,0,0,0,0,0
STUDIO 2,Spa Outdoor,2026-07-10,STUDIO 2,Closed,3,0,1,2,3
STUDIO 2,Spa Outdoor,2026-07-22,STUDIO 2,Pass,0,0,0,0,0
SUMMIT CLUB,Indoor Pool,2024-09-12,SUMMIT CLUB,Pass,0,0,0,0,0
SUMMIT CLUB,Indoor Pool,2024-12-11,SUMMIT CLUB,Pass,0,0,0,0,0
SUMMIT CLUB,Indoor Pool,2025-02-21,SUMMIT CLUB,Pass,0,0,0,0,0
SUMMIT CLUB,Indoor Pool,2025-06-24,SUMMIT CLUB,Pass,0,0,0,0,0
SUMMIT CLUB,Indoor Pool,2025-10-23,SUMMIT CLUB,Pass,0,0,0,0,0
SUMMIT CLUB,Indoor Pool,2026-02-02,SUMMIT CLUB,Pass,0,0,0,0,0
SUMMIT CLUB,Indoor Pool,2026-06-24,SUMMIT CLUB,Pass,0,0,0,0,0
SUMMIT CLUB,Indoor Pool,2026-07-29,SUMMIT CLUB,Pass,0,0,0,0,0
SUMMIT CLUB,Outdoor Pool,2025-06-24,SUMMIT CLUB,Conditional Pass,2,0,1,1,2
SUMMIT CLUB,Outdoor Pool,2025-07-04,SUMMIT CLUB,Pass,0,0,0,0,0
SUNNYSIDE/GUS RYDER OUTDOOR POOL,Outdoor Pool,2025-07-09,SUNNYSIDE - GUS RYDER OUTDOOR POOL,Pass,3,3,0,0,3
SUNNYSIDE/GUS RYDER OUTDOOR POOL,Outdoor Pool,2026-07-03,SUNNYSIDE - GUS RYDER OUTDOOR POOL,Pass,0,0,0,0,0
SUNNYVIEW PUBLIC SCHOOL INDOOR LARGE POOL,Indoor Pool,2024-11-12,SUNNYVIEW PUBLIC SCHOOL,Pass,0,0,0,0,0
SUNNYVIEW PUBLIC SCHOOL INDOOR LARGE POOL,Indoor Pool,2025-01-29,SUNNYVIEW PUBLIC SCHOOL,Conditional Pass,1,0,0,1,1
SUNNYVIEW PUBLIC SCHOOL INDOOR LARGE POOL,Indoor Pool,2025-01-31,SUNNYVIEW PUBLIC SCHOOL,Pass,0,0,0,0,0
SUNNYVIEW PUBLIC SCHOOL INDOOR LARGE POOL,Indoor Pool,2025-09-04,SUNNYVIEW PUBLIC SCHOOL,Pass,0,0,0,0,0
SUNNYVIEW PUBLIC SCHOOL INDOOR LARGE POOL,Indoor Pool,2025-12-02,SUNNYVIEW PUBLIC SCHOOL,Pass,0,0,0,0,0
SUNNYVIEW PUBLIC SCHOOL INDOOR LARGE POOL,Indoor Pool,2026-04-07,SUNNYVIEW PUBLIC SCHOOL,Pass,0,0,0,0,0
SUNNYVIEW PUBLIC SCHOOL SMALL INDOOR POOL,Indoor Pool,2024-11-12,SUNNYVIEW PUBLIC SCHOOL,Pass,0,0,0,0,0
SUNNYVIEW PUBLIC SCHOOL SMALL INDOOR POOL,Indoor Pool,2025-01-29,SUNNYVIEW PUBLIC SCHOOL,Conditional Pass,1,0,0,1,1
SUNNYVIEW PUBLIC SCHOOL SMALL INDOOR POOL,Indoor Pool,2025-03-24,SUNNYVIEW PUBLIC SCHOOL,Pass,0,0,0,0,0
SUNNYVIEW PUBLIC SCHOOL SMALL INDOOR POOL,Indoor Pool,2025-05-28,SUNNYVIEW PUBLIC SCHOOL,Pass,0,0,0,0,0
SUNNYVIEW PUBLIC SCHOOL SMALL INDOOR POOL,Indoor Pool,2025-09-04,SUNNYVIEW PUBLIC SCHOOL,Pass,0,0,0,0,0
SUNNYVIEW PUBLIC SCHOOL SMALL INDOOR POOL,Indoor Pool,2025-12-02,SUNNYVIEW PUBLIC SCHOOL,Pass,0,0,0,0,0
SUNNYVIEW PUBLIC SCHOOL SMALL INDOOR POOL,Indoor Pool,2026-04-07,SUNNYVIEW PUBLIC SCHOOL,Pass,0,0,0,0,0
SUNRISE APARTMENTS POOL,Outdoor Pool,2024-08-28,SUNRISE APARTMENTS,Closed,5,0,1,4,3
SUNRISE APARTMENTS POOL,Outdoor Pool,2025-07-24,SUNRISE APARTMENTS,Conditional Pass,7,1,1,5,4
SUNRISE APARTMENTS POOL,Outdoor Pool,2025-07-31,SUNRISE APARTMENTS,Pass,0,0,0,0,0
SUOMI-KOTI,Indoor Pool,2026-06-11,SUOMI-KOTI,Conditional Pass,12,8,2,2,4
SUOMI-KOTI,Spa Indoor,2026-06-11,SUOMI-KOTI,Closed,12,5,3,4,5
SUSSEX HOUSE,Outdoor Pool,2024-07-18,SUSSEX HOUSE,Pass,0,0,0,0,0
SUSSEX HOUSE,Outdoor Pool,2025-07-18,SUSSEX HOUSE,Pass,0,0,0,0,0
SUSSEX HOUSE,Outdoor Pool,2026-08-10,SUSSEX HOUSE,Pass,1,1,0,0,1
SWANSEA RECREATION CENTRE,Indoor Pool,2024-09-25,SWANSEA COMMUNITY RECREATION CENTRE,Pass,1,1,0,0,1
SWANSEA RECREATION CENTRE,Indoor Pool,2024-12-09,SWANSEA COMMUNITY RECREATION CENTRE,Pass,1,1,0,0,1
SWANSEA RECREATION CENTRE,Indoor Pool,2025-03-04,SWANSEA COMMUNITY RECREATION CENTRE,Pass,1,1,0,0,1
SWANSEA RECREATION CENTRE,Indoor Pool,2025-05-22,SWANSEA COMMUNITY RECREATION CENTRE,Pass,0,0,0,0,0
SWANSEA RECREATION CENTRE,Indoor Pool,2025-09-29,SWANSEA COMMUNITY RECREATION CENTRE,Pass,0,0,0,0,0
SWANSEA RECREATION CENTRE,Indoor Pool,2026-02-05,SWANSEA COMMUNITY RECREATION CENTRE,Pass,1,1,0,0,1
SWANSEA RECREATION CENTRE,Indoor Pool,2026-06-24,SWANSEA COMMUNITY RECREATION CENTRE,Pass,2,2,0,0,2
SWANSEA RECREATION CENTRE,Indoor Pool,2026-08-06,SWANSEA COMMUNITY RECREATION CENTRE,Pass,3,2,1,0,2
SWEAT & TONIC,Indoor Pool,2024-09-05,SWEAT & TONIC - 486 FRONT ST W,Pass,0,0,0,0,0
SWEAT & TONIC,Indoor Pool,2024-12-24,SWEAT & TONIC - 486 FRONT ST W,Pass,0,0,0,0,0
SWEAT & TONIC,Indoor Pool,2025-03-26,SWEAT & TONIC - 486 FRONT ST W,Pass,0,0,0,0,0
SWEAT & TONIC,Indoor Pool,2025-06-26,SWEAT & TONIC - 486 FRONT ST W,Pass,1,1,0,0,1
SWEAT & TONIC,Indoor Pool,2025-12-16,SWEAT & TONIC - 486 FRONT ST W,Pass,0,0,0,0,0
SWEAT & TONIC,Indoor Pool,2026-02-04,SWEAT & TONIC - 486 FRONT ST W,Closed,2,0,0,2,2
SWEAT & TONIC,Indoor Pool,2026-02-05,SWEAT & TONIC - 486 FRONT ST W,Pass,0,0,0,0,0
SWEAT & TONIC,Indoor Pool,2026-06-29,SWEAT & TONIC - 486 FRONT ST W,Pass,0,0,0,0,0
SWEAT & TONIC SPA,Spa Indoor,2024-09-05,SWEAT & TONIC - 486 FRONT ST W,Pass,0,0,0,0,0
SWEAT & TONIC SPA,Spa Indoor,2024-12-24,SWEAT & TONIC - 486 FRONT ST W,Pass,0,0,0,0,0
SWEAT & TONIC SPA,Spa Indoor,2025-03-26,SWEAT & TONIC - 486 FRONT ST W,Pass,1,1,0,0,1
SWEAT & TONIC SPA,Spa Indoor,2025-06-26,SWEAT & TONIC - 486 FRONT ST W,Pass,1,1,0,0,1
SWEAT & TONIC SPA,Spa Indoor,2025-12-16,SWEAT & TONIC - 486 FRONT ST W,Pass,0,0,0,0,0
SWEAT & TONIC SPA,Spa Indoor,2026-02-04,SWEAT & TONIC - 486 FRONT ST W,Closed,3,1,0,2,3
SWEAT & TONIC SPA,Spa Indoor,2026-02-05,SWEAT & TONIC - 486 FRONT ST W,Pass,0,0,0,0,0
SWEAT & TONIC SPA,Spa Indoor,2026-06-29,SWEAT & TONIC - 486 FRONT ST W,Pass,0,0,0,0,0
SYMPHONY SQUARE POOL,Indoor Pool,2024-09-26,SYMPHONY SQUARE,Pass,1,1,0,0,1
SYMPHONY SQUARE POOL,Indoor Pool,2024-12-24,SYMPHONY SQUARE,Conditional Pass,2,1,1,0,2
SYMPHONY SQUARE POOL,Indoor Pool,2025-01-20,SYMPHONY SQUARE,Pass,0,0,0,0,0
SYMPHONY SQUARE POOL,Indoor Pool,2025-03-27,SYMPHONY SQUARE,Pass,0,0,0,0,0
SYMPHONY SQUARE POOL,Indoor Pool,2025-05-26,SYMPHONY SQUARE,Pass,5,5,0,0,3
SYMPHONY SQUARE POOL,Indoor Pool,2025-09-29,SYMPHONY SQUARE,Conditional Pass,3,1,1,1,2
SYMPHONY SQUARE POOL,Indoor Pool,2025-10-09,SYMPHONY SQUARE,Pass,0,0,0,0,0
SYMPHONY SQUARE POOL,Indoor Pool,2026-01-07,SYMPHONY SQUARE,Pass,2,2,0,0,2
SYMPHONY SQUARE POOL,Indoor Pool,2026-06-04,SYMPHONY SQUARE,Pass,1,1,0,0,1
TAM O'SHANTER HIGHLANDS - CASITAS (MTCC 1106),Indoor Pool,2024-07-24,TAM O'SHANTER HIGHLANDS CASITAS,Pass,0,0,0,0,0
TAM O'SHANTER HIGHLANDS - CASITAS (MTCC 1106),Indoor Pool,2024-07-29,TAM O'SHANTER HIGHLANDS CASITAS,Closed,2,0,0,2,2
TAM O'SHANTER HIGHLANDS - CASITAS (MTCC 1106),Indoor Pool,2024-07-31,TAM O'SHANTER HIGHLANDS CASITAS,Pass,0,0,0,0,0
TAM O'SHANTER HIGHLANDS - CASITAS (MTCC 1106),Indoor Pool,2024-10-07,TAM O'SHANTER HIGHLANDS CASITAS,Pass,2,2,0,0,2
TAM O'SHANTER HIGHLANDS - CASITAS (MTCC 1106),Indoor Pool,2025-01-22,TAM O'SHANTER HIGHLANDS CASITAS,Pass,1,1,0,0,1
TAM O'SHANTER HIGHLANDS - CASITAS (MTCC 1106),Indoor Pool,2025-05-13,TAM O'SHANTER HIGHLANDS CASITAS,Pass,2,2,0,0,2
TAM O'SHANTER HIGHLANDS - CASITAS (MTCC 1106),Indoor Pool,2025-09-08,TAM O'SHANTER HIGHLANDS CASITAS,Pass,1,1,0,0,1
TAM O'SHANTER HIGHLANDS - CASITAS (MTCC 1106),Indoor Pool,2025-11-18,TAM O'SHANTER HIGHLANDS CASITAS,Closed,3,1,0,2,3
TAM O'SHANTER HIGHLANDS - CASITAS (MTCC 1106),Indoor Pool,2025-11-19,TAM O'SHANTER HIGHLANDS CASITAS,Pass,0,0,0,0,0
TAM O'SHANTER HIGHLANDS - CASITAS (MTCC 1106),Indoor Pool,2026-01-30,TAM O'SHANTER HIGHLANDS CASITAS,Conditional Pass,1,0,1,0,1
TAM O'SHANTER HIGHLANDS - CASITAS (MTCC 1106),Indoor Pool,2026-02-06,TAM O'SHANTER HIGHLANDS CASITAS,Pass,0,0,0,0,0
TAM O'SHANTER HIGHLANDS - CASITAS (MTCC 1106),Indoor Pool,2026-05-25,TAM O'SHANTER HIGHLANDS CASITAS,Pass,0,0,0,0,0
TAM O'SHANTER HIGHLANDS - CASITAS (MTCC 1106),Indoor Pool,2026-09-25,TAM O'SHANTER HIGHLANDS CASITAS,Pass,0,0,0,0,0
TANGO,Spa Indoor,2024-08-20,TANGO,Pass,0,0,0,0,0
TANGO,Spa Indoor,2024-11-12,TANGO,Pass,0,0,0,0,0
TANGO,Spa Indoor,2025-05-01,TANGO,Pass,0,0,0,0,0
TANGO,Spa Indoor,2025-09-26,TANGO,Pass,1,1,0,0,1
TANGO,Spa Indoor,2025-11-25,TANGO,Pass,1,1,0,0,1
TANGO,Spa Indoor,2026-01-30,TANGO,Pass,2,2,0,0,2
TANGO,Spa Indoor,2026-04-30,TANGO,Pass,1,1,0,0,1
TANGO,Spa Indoor,2026-08-26,TANGO,Pass,0,0,0,0,0
TANGO SPA A,Spa Outdoor,2024-08-20,TANGO SPA A,Pass,1,1,0,0,1
TANGO SPA A,Spa Outdoor,2025-07-17,TANGO,Pass,0,0,0,0,0
TANGO SPA A,Spa Outdoor,2026-07-10,TANGO,Conditional Pass,4,0,2,2,3
TANGO SPA A,Spa Outdoor,2026-08-26,TANGO,Pass,0,0,0,0,0
TANGO SPA B,Spa Outdoor,2024-08-20,TANGO SPA A,Pass,1,1,0,0,1
TANGO SPA B,Spa Outdoor,2025-07-17,TANGO,Pass,0,0,0,0,0
TANGO SPA B,Spa Outdoor,2026-07-10,TANGO,Conditional Pass,4,1,2,1,4
TANGO SPA B,Spa Outdoor,2026-08-26,TANGO,Pass,0,0,0,0,0
TANGO SPA C,Spa Outdoor,2024-08-20,TANGO SPA A,Pass,1,1,0,0,1
TANGO SPA C,Spa Outdoor,2025-07-17,TANGO,Pass,3,3,0,0,1
TANGO SPA C,Spa Outdoor,2026-07-10,TANGO,Conditional Pass,4,1,1,2,4
TANGO SPA C,Spa Outdoor,2026-08-26,TANGO,Pass,0,0,0,0,0
TAPESTRY AT VILLAGE GATE WEST,Indoor Pool,2024-09-30,TAPESTRY AT VILLAGE GATE WEST,Pass,0,0,0,0,0
TAPESTRY AT VILLAGE GATE WEST,Indoor Pool,2024-12-16,TAPESTRY AT VILLAGE GATE WEST,Pass,0,0,0,0,0
TAPESTRY AT VILLAGE GATE WEST,Indoor Pool,2025-03-18,TAPESTRY AT VILLAGE GATE WEST,Pass,0,0,0,0,0
TAPESTRY AT VILLAGE GATE WEST,Indoor Pool,2025-06-19,TAPESTRY AT VILLAGE GATE WEST,Pass,0,0,0,0,0
TAPESTRY AT VILLAGE GATE WEST,Indoor Pool,2025-09-29,TAPESTRY AT VILLAGE GATE WEST,Pass,0,0,0,0,0
TAPESTRY AT VILLAGE GATE WEST,Indoor Pool,2025-12-22,TAPESTRY AT VILLAGE GATE WEST,Pass,0,0,0,0,0
TAPESTRY AT VILLAGE GATE WEST,Indoor Pool,2026-03-26,TAPESTRY AT VILLAGE GATE WEST,Pass,2,0,2,0,2
TAPESTRY AT VILLAGE GATE WEST,Indoor Pool,2026-06-24,TAPESTRY AT VILLAGE GATE WEST,Pass,2,1,1,0,1
TAPESTRY AT VILLAGE GATE WEST,Indoor Pool,2026-09-15,TAPESTRY AT VILLAGE GATE WEST,Pass,4,3,1,0,2
TEAHOUSE CONDO HOT SPA,Spa Indoor,2024-10-16,TEAHOUSE CONDO HOT SPA,Pass,0,0,0,0,0
TEAHOUSE CONDO HOT SPA,Spa Indoor,2025-02-06,TEAHOUSE CONDO HOT SPA,Pass,0,0,0,0,0
TEAHOUSE CONDO HOT SPA,Spa Indoor,2025-05-09,TEAHOUSE CONDO HOT SPA,Pass,5,5,0,0,1
TEAHOUSE CONDO HOT SPA,Spa Indoor,2026-01-22,TEAHOUSE CONDO HOT SPA,Conditional Pass,7,3,2,2,3
TEAHOUSE CONDO HOT SPA,Spa Indoor,2026-04-30,TEAHOUSE CONDO HOT SPA,Pass,2,2,0,0,1
TEAHOUSE CONDO HOT SPA,Spa Indoor,2026-09-15,TEAHOUSE CONDO HOT SPA,Pass,1,1,0,0,1
TEAHOUSE CONDO OUTDOOR POOL,Outdoor Pool,2026-09-15,TEAHOUSE CONDO HOT SPA,Pass,1,1,0,0,1
TEAHOUSE CONDOS COLD SPA,Spa Indoor,2024-10-16,TEAHOUSE CONDO HOT SPA,Pass,0,0,0,0,0
TEAHOUSE CONDOS COLD SPA,Spa Indoor,2025-02-06,TEAHOUSE CONDO HOT SPA,Pass,0,0,0,0,0
TEAHOUSE CONDOS COLD SPA,Spa Indoor,2025-05-09,TEAHOUSE CONDO HOT SPA,Pass,5,5,0,0,1
TEAHOUSE CONDOS COLD SPA,Spa Indoor,2026-01-22,TEAHOUSE CONDO HOT SPA,Conditional Pass,6,2,2,2,3
TEAHOUSE CONDOS COLD SPA,Spa Indoor,2026-04-30,TEAHOUSE CONDO HOT SPA,Conditional Pass,3,2,1,0,2
TEAHOUSE CONDOS COLD SPA,Spa Indoor,2026-09-15,TEAHOUSE CONDO HOT SPA,Pass,1,1,0,0,1
TEAHOUSE CONDOS TEMPERATE SPA,Spa Indoor,2024-10-16,TEAHOUSE CONDO HOT SPA,Pass,0,0,0,0,0
TEAHOUSE CONDOS TEMPERATE SPA,Spa Indoor,2025-02-06,TEAHOUSE CONDO HOT SPA,Pass,0,0,0,0,0
TEAHOUSE CONDOS TEMPERATE SPA,Spa Indoor,2025-05-09,TEAHOUSE CONDO HOT SPA,Pass,5,5,0,0,1
TEAHOUSE CONDOS TEMPERATE SPA,Spa Indoor,2026-01-22,TEAHOUSE CONDO HOT SPA,Conditional Pass,6,3,2,1,3
TEAHOUSE CONDOS TEMPERATE SPA,Spa Indoor,2026-04-30,TEAHOUSE CONDO HOT SPA,Conditional Pass,3,2,0,1,2
TEAHOUSE CONDOS TEMPERATE SPA,Spa Indoor,2026-09-15,TEAHOUSE CONDO HOT SPA,Pass,1,1,0,0,1
TEAHOUSE CONDOS WARM SPA,Spa Indoor,2024-10-16,TEAHOUSE CONDO HOT SPA,Pass,0,0,0,0,0
TEAHOUSE CONDOS WARM SPA,Spa Indoor,2026-01-22,TEAHOUSE CONDO HOT SPA,Conditional Pass,5,2,2,1,3
TEAHOUSE CONDOS WARM SPA,Spa Indoor,2026-04-30,TEAHOUSE CONDO HOT SPA,Conditional Pass,3,2,0,1,2
TEAHOUSE CONDOS WARM SPA,Spa Indoor,2026-09-15,TEAHOUSE CONDO HOT SPA,Pass,1,1,0,0,1
TEN YORK,Outdoor Pool,2024-09-10,TEN YORK,Conditional Pass,3,2,0,1,2
TEN YORK,Outdoor Pool,2024-09-13,TEN YORK,Pass,0,0,0,0,0
TEN YORK,Outdoor Pool,2026-09-15,TEN YORK,Pass,1,1,0,0,1
THE 88 ON BROADWAY (POOL),Indoor Pool,2024-09-20,THE 88 ON BROADWAY,Pass,0,0,0,0,0
THE 88 ON BROADWAY (POOL),Indoor Pool,2024-12-05,THE 88 ON BROADWAY,Pass,1,1,0,0,1
THE 88 ON BROADWAY (POOL),Indoor Pool,2025-02-14,THE 88 ON BROADWAY,Pass,2,2,0,0,2
THE 88 ON BROADWAY (POOL),Indoor Pool,2025-05-30,THE 88 ON BROADWAY,Pass,0,0,0,0,0
THE 88 ON BROADWAY (POOL),Indoor Pool,2025-09-05,THE 88 ON BROADWAY,Pass,2,2,0,0,1
THE 88 ON BROADWAY (POOL),Indoor Pool,2025-12-03,THE 88 ON BROADWAY,Pass,1,1,0,0,1
THE 88 ON BROADWAY (POOL),Indoor Pool,2026-02-06,THE 88 ON BROADWAY,Conditional Pass,3,0,2,1,3
THE 88 ON BROADWAY (POOL),Indoor Pool,2026-03-11,THE 88 ON BROADWAY,Pass,0,0,0,0,0
THE 88 ON BROADWAY (POOL),Indoor Pool,2026-05-14,THE 88 ON BROADWAY,Pass,6,6,0,0,5
THE 88 ON BROADWAY (SPA),Spa Indoor,2024-09-20,THE 88 ON BROADWAY,Pass,1,1,0,0,1
THE 88 ON BROADWAY (SPA),Spa Indoor,2024-12-05,THE 88 ON BROADWAY,Pass,0,0,0,0,0
THE 88 ON BROADWAY (SPA),Spa Indoor,2025-02-14,THE 88 ON BROADWAY,Pass,3,2,1,0,2
THE 88 ON BROADWAY (SPA),Spa Indoor,2025-05-30,THE 88 ON BROADWAY,Pass,1,1,0,0,1
THE 88 ON BROADWAY (SPA),Spa Indoor,2025-09-05,THE 88 ON BROADWAY,Pass,1,1,0,0,1
THE 88 ON BROADWAY (SPA),Spa Indoor,2025-12-03,THE 88 ON BROADWAY,Pass,0,0,0,0,0
THE 88 ON BROADWAY (SPA),Spa Indoor,2026-02-06,THE 88 ON BROADWAY,Conditional Pass,4,1,2,1,3
THE 88 ON BROADWAY (SPA),Spa Indoor,2026-03-11,THE 88 ON BROADWAY,Pass,0,0,0,0,0
THE 88 ON BROADWAY (SPA),Spa Indoor,2026-05-14,THE 88 ON BROADWAY,Conditional Pass,3,2,0,1,3
THE ALLENWAY,Indoor Pool,2024-09-06,THE ALLENWAY,Pass,5,3,2,0,3
THE ALLENWAY,Indoor Pool,2024-11-14,THE ALLENWAY,Pass,0,0,0,0,0
THE ALLENWAY,Indoor Pool,2025-06-27,THE ALLENWAY,Conditional Pass,2,0,1,1,2
THE ALLENWAY,Indoor Pool,2025-07-04,THE ALLENWAY,Pass,0,0,0,0,0
THE ALLENWAY,Indoor Pool,2025-11-10,THE ALLENWAY,Conditional Pass,4,1,2,1,2
THE ALLENWAY,Indoor Pool,2026-01-05,THE ALLENWAY,Pass,0,0,0,0,0
THE ALLENWAY,Indoor Pool,2026-04-15,THE ALLENWAY,Pass,3,3,0,0,2
THE ANTIQUARY INDOOR SPA,Spa Indoor,2024-12-19,THE ANTIQUARY,Pass,0,0,0,0,0
THE ANTIQUARY INDOOR SPA,Spa Indoor,2025-02-20,THE ANTIQUARY,Pass,0,0,0,0,0
THE ANTIQUARY INDOOR SPA,Spa Indoor,2025-05-08,THE ANTIQUARY,Pass,0,0,0,0,0
THE ANTIQUARY INDOOR SPA,Spa Indoor,2025-09-18,THE ANTIQUARY,Pass,1,1,0,0,1
THE ANTIQUARY INDOOR SPA,Spa Indoor,2025-11-06,THE ANTIQUARY,Conditional Pass,4,2,1,1,4
THE ANTIQUARY INDOOR SPA,Spa Indoor,2025-12-10,THE ANTIQUARY,Pass,0,0,0,0,0
THE ANTIQUARY INDOOR SPA,Spa Indoor,2026-02-03,THE ANTIQUARY,Pass,0,0,0,0,0
THE ANTIQUARY INDOOR SPA,Spa Indoor,2026-05-20,THE ANTIQUARY,Conditional Pass,3,1,1,1,2
THE ANTIQUARY INDOOR SPA,Spa Indoor,2026-06-08,THE ANTIQUARY,Pass,0,0,0,0,0
THE ANTIQUARY INDOOR SPA,Spa Indoor,2026-09-22,THE ANTIQUARY,Pass,2,2,0,0,2
THE ANTIQUARY POOL,Indoor Pool,2024-09-18,THE ANTIQUARY,Pass,8,7,1,0,3
THE ANTIQUARY POOL,Indoor Pool,2024-11-20,THE ANTIQUARY,Pass,0,0,0,0,0
THE ANTIQUARY POOL,Indoor Pool,2025-02-20,THE ANTIQUARY,Pass,0,0,0,0,0
THE ANTIQUARY POOL,Indoor Pool,2025-05-08,THE ANTIQUARY,Pass,0,0,0,0,0
THE ANTIQUARY POOL,Indoor Pool,2025-09-18,THE ANTIQUARY,Pass,1,1,0,0,1
THE ANTIQUARY POOL,Indoor Pool,2025-11-06,THE ANTIQUARY,Pass,0,0,0,0,0
THE ANTIQUARY POOL,Indoor Pool,2026-02-03,THE ANTIQUARY,Pass,2,1,1,0,2
THE ANTIQUARY POOL,Indoor Pool,2026-05-20,THE ANTIQUARY,Conditional Pass,2,1,1,0,2
THE ANTIQUARY POOL,Indoor Pool,2026-06-08,THE ANTIQUARY,Pass,0,0,0,0,0
THE ANTIQUARY POOL,Indoor Pool,2026-09-22,THE ANTIQUARY,Conditional Pass,3,0,2,1,3
THE ARC INDOOR POOL,Indoor Pool,2024-09-09,THE ARC,Pass,0,0,0,0,0
THE ARC INDOOR POOL,Indoor Pool,2024-12-03,THE ARC,Pass,1,1,0,0,1
THE ARC INDOOR POOL,Indoor Pool,2025-03-05,THE ARC,Pass,2,2,0,0,1
THE ARC INDOOR POOL,Indoor Pool,2025-05-26,THE ARC,Pass,0,0,0,0,0
THE ARC INDOOR POOL,Indoor Pool,2025-09-02,THE ARC,Pass,0,0,0,0,0
THE ARC INDOOR POOL,Indoor Pool,2025-11-04,THE ARC,Closed,6,2,1,3,4
THE ARC INDOOR POOL,Indoor Pool,2025-11-07,THE ARC,Pass,0,0,0,0,0
THE ARC INDOOR POOL,Indoor Pool,2025-11-19,THE ARC,Pass,0,0,0,0,0
THE ARC INDOOR POOL,Indoor Pool,2026-03-02,THE ARC,Pass,2,2,0,0,1
THE ARC INDOOR POOL,Indoor Pool,2026-05-05,THE ARC,Pass,4,4,0,0,3
THE ARC INDOOR SPA,Spa Indoor,2024-09-09,THE ARC,Conditional Pass,2,1,0,1,2
THE ARC INDOOR SPA,Spa Indoor,2024-09-26,THE ARC,Pass,0,0,0,0,0
THE ARC INDOOR SPA,Spa Indoor,2024-12-03,THE ARC,Pass,2,2,0,0,2
THE ARC INDOOR SPA,Spa Indoor,2025-03-05,THE ARC,Conditional Pass,3,1,1,1,2
THE ARC INDOOR SPA,Spa Indoor,2025-03-06,THE ARC,Pass,0,0,0,0,0
THE ARC INDOOR SPA,Spa Indoor,2025-05-26,THE ARC,Pass,0,0,0,0,0
THE ARC INDOOR SPA,Spa Indoor,2025-09-02,THE ARC,Pass,0,0,0,0,0
THE ARC INDOOR SPA,Spa Indoor,2025-11-07,THE ARC,Pass,0,0,0,0,0
THE ARC INDOOR SPA,Spa Indoor,2026-03-02,THE ARC,Pass,0,0,0,0,0
THE ARC INDOOR SPA,Spa Indoor,2026-05-05,THE ARC,Conditional Pass,6,4,1,1,3
THE ARC INDOOR SPA,Spa Indoor,2026-05-13,THE ARC,Pass,0,0,0,0,0
THE ASCOT CONDOMINIUM,Indoor Pool,2024-09-16,THE ASCOT CONDOMINIUM,Pass,1,1,0,0,1
THE ASCOT CONDOMINIUM,Indoor Pool,2024-11-05,THE ASCOT CONDOMINIUM,Conditional Pass,3,1,1,1,3
THE ASCOT CONDOMINIUM,Indoor Pool,2024-11-12,THE ASCOT CONDOMINIUM,Pass,0,0,0,0,0
THE ASCOT CONDOMINIUM,Indoor Pool,2025-03-05,THE ASCOT CONDOMINIUM,Pass,0,0,0,0,0
THE ASCOT CONDOMINIUM,Indoor Pool,2025-05-07,THE ASCOT CONDOMINIUM,Closed,1,0,0,1,1
THE ASCOT CONDOMINIUM,Indoor Pool,2025-05-09,THE ASCOT CONDOMINIUM,Pass,1,0,1,0,1
THE ASCOT CONDOMINIUM,Indoor Pool,2025-10-09,THE ASCOT CONDOMINIUM,Pass,1,0,1,0,1
THE ASCOT CONDOMINIUM,Indoor Pool,2026-01-21,THE ASCOT CONDOMINIUM,Pass,0,0,0,0,0
THE ASCOT CONDOMINIUM,Indoor Pool,2026-04-16,THE ASCOT CONDOMINIUM,Conditional Pass,1,0,0,1,1
THE ASCOT CONDOMINIUM,Indoor Pool,2026-04-21,THE ASCOT CONDOMINIUM,Pass,0,0,0,0,0
THE ASCOT CONDOMINIUM,Indoor Pool,2026-09-09,THE ASCOT CONDOMINIUM,Pass,3,1,2,0,2
THE AVENUE,Indoor Pool,2024-09-30,THE AVENUE,Pass,4,4,0,0,2
THE AVENUE,Indoor Pool,2025-03-18,THE AVENUE,Pass,0,0,0,0,0
THE AVENUE,Indoor Pool,2025-05-30,THE AVENUE,Pass,1,1,0,0,1
THE AVENUE,Indoor Pool,2025-10-07,THE AVENUE,Pass,1,1,0,0,1
THE AVENUE,Indoor Pool,2026-03-13,THE AVENUE,Pass,1,1,0,0,1
THE AVENUE,Indoor Pool,2026-05-13,THE AVENUE,Pass,3,2,1,0,3
THE AVENUE,Spa Indoor,2024-09-30,THE AVENUE,Conditional Pass,4,3,1,0,3
THE AVENUE,Spa Indoor,2024-10-02,THE AVENUE,Pass,3,3,0,0,2
THE AVENUE,Spa Indoor,2025-10-07,THE AVENUE,Pass,2,2,0,0,2
THE AVENUE,Spa Indoor,2026-03-13,THE AVENUE,Conditional Pass,3,1,1,1,1
THE AVENUE,Spa Indoor,2026-03-27,THE AVENUE,Pass,0,0,0,0,0
THE AVENUE,Spa Indoor,2026-05-13,THE AVENUE,Conditional Pass,2,0,1,1,2
THE AVENUE,Spa Indoor,2026-05-29,THE AVENUE,Pass,0,0,0,0,0
THE BARRINGTON,Outdoor Pool,2024-08-20,THE BARRINGTON,Conditional Pass,4,2,1,1,3
THE BARRINGTON,Outdoor Pool,2025-07-07,THE BARRINGTON,Closed,8,1,0,7,6
THE BARRINGTON,Outdoor Pool,2025-07-11,THE BARRINGTON,Pass,1,1,0,0,1
THE BELLAGIO ON BLOOR,Indoor Pool,2024-08-14,THE BELLAGIO ON BLOOR,Pass,2,2,0,0,1
THE BELLAGIO ON BLOOR,Indoor Pool,2024-11-07,THE BELLAGIO ON BLOOR,Pass,2,2,0,0,1
THE BELLAGIO ON BLOOR,Indoor Pool,2025-04-01,THE BELLAGIO ON BLOOR,Pass,7,7,0,0,3
THE BELLAGIO ON BLOOR,Indoor Pool,2025-12-08,THE BELLAGIO ON BLOOR,Pass,2,2,0,0,1
THE BELLAGIO ON BLOOR,Indoor Pool,2026-03-10,THE BELLAGIO ON BLOOR,Pass,1,1,0,0,1
THE BELLAGIO ON BLOOR,Indoor Pool,2026-06-16,THE BELLAGIO ON BLOOR,Pass,4,4,0,0,4
THE BELLAGIO ON BLOOR,Spa Indoor,2024-08-14,THE BELLAGIO ON BLOOR,Pass,2,2,0,0,2
THE BELLAGIO ON BLOOR,Spa Indoor,2025-04-01,THE BELLAGIO ON BLOOR,Pass,4,4,0,0,1
THE BELLAGIO ON BLOOR,Spa Indoor,2025-12-08,THE BELLAGIO ON BLOOR,Pass,2,2,0,0,1
THE BELLAGIO ON BLOOR,Spa Indoor,2026-03-10,THE BELLAGIO ON BLOOR,Conditional Pass,4,2,0,2,2
THE BELLAGIO ON BLOOR,Spa Indoor,2026-06-16,THE BELLAGIO ON BLOOR,Pass,1,1,0,0,1
THE BENTLEY M.T.C.C. #596,Outdoor Pool,2024-09-05,THE BENTLEY,Pass,0,0,0,0,0
THE BENTLEY M.T.C.C. #596,Outdoor Pool,2025-07-09,THE BENTLEY,Pass,0,0,0,0,0
THE BENTLEY M.T.C.C. #596,Outdoor Pool,2026-06-09,THE BENTLEY,Pass,0,0,0,0,0
THE BENTLEY M.T.C.C. #596,Outdoor Pool,2026-09-18,THE BENTLEY,Pass,0,0,0,0,0
THE BOULEVARD CLUB,Indoor Pool,2024-09-30,THE BOULEVARD CLUB,Pass,0,0,0,0,0
THE BOULEVARD CLUB,Indoor Pool,2024-12-16,THE BOULEVARD CLUB,Conditional Pass,3,1,1,1,3
THE BOULEVARD CLUB,Indoor Pool,2025-01-10,THE BOULEVARD CLUB,Pass,0,0,0,0,0
THE BOULEVARD CLUB,Indoor Pool,2025-05-09,THE BOULEVARD CLUB,Pass,2,2,0,0,2
THE BOULEVARD CLUB,Indoor Pool,2026-03-17,THE BOULEVARD CLUB,Pass,0,0,0,0,0
THE BOULEVARD CLUB,Indoor Pool,2026-05-20,THE BOULEVARD CLUB,Pass,0,0,0,0,0
THE BOULEVARD CLUB,Indoor Pool,2026-08-20,THE BOULEVARD CLUB,Conditional Pass,1,0,1,0,1
THE BOULEVARD CLUB,Indoor Pool,2026-09-04,THE BOULEVARD CLUB,Pass,0,0,0,0,0
THE BOULEVARD CLUB,Outdoor Pool,2024-07-09,THE BOULEVARD CLUB,Closed,3,0,0,3,2
THE BOULEVARD CLUB,Outdoor Pool,2024-07-17,THE BOULEVARD CLUB,Closed,3,1,0,2,3
THE BOULEVARD CLUB,Outdoor Pool,2024-07-18,THE BOULEVARD CLUB,Conditional Pass,2,0,2,0,2
THE BOULEVARD CLUB,Outdoor Pool,2024-08-20,THE BOULEVARD CLUB,Pass,1,0,1,0,1
THE BOULEVARD CLUB,Outdoor Pool,2024-09-30,THE BOULEVARD CLUB,Pass,1,0,1,0,1
THE BOULEVARD CLUB,Outdoor Pool,2025-07-16,THE BOULEVARD CLUB,Conditional Pass,7,3,0,4,4
THE BOULEVARD CLUB,Outdoor Pool,2025-08-14,THE BOULEVARD CLUB,Pass,3,3,0,0,3
THE BOULEVARD CLUB,Outdoor Pool,2026-06-23,THE BOULEVARD CLUB,Pass,1,1,0,0,1
THE BOULEVARD CLUB,Outdoor Pool,2026-08-20,THE BOULEVARD CLUB,Pass,2,2,0,0,2
THE BOULEVARD INDOOR POOL,Indoor Pool,2024-09-30,THE BOULEVARD CONDO,Pass,2,2,0,0,2
THE BOULEVARD INDOOR POOL,Indoor Pool,2024-12-18,THE BOULEVARD CONDO,Conditional Pass,1,0,0,1,1
THE BOULEVARD INDOOR POOL,Indoor Pool,2024-12-20,THE BOULEVARD CONDO,Pass,0,0,0,0,0
THE BOULEVARD INDOOR POOL,Indoor Pool,2025-03-26,THE BOULEVARD CONDO,Pass,1,1,0,0,1
THE BOULEVARD INDOOR POOL,Indoor Pool,2025-05-22,THE BOULEVARD CONDO,Pass,2,2,0,0,2
THE BOULEVARD INDOOR POOL,Indoor Pool,2025-10-27,THE BOULEVARD CONDO,Pass,0,0,0,0,0
THE BOULEVARD INDOOR POOL,Indoor Pool,2026-02-13,THE BOULEVARD CONDO,Pass,1,1,0,0,1
THE BOULEVARD INDOOR POOL,Indoor Pool,2026-06-24,THE BOULEVARD CONDO,Pass,4,4,0,0,4
THE BOULEVARD INDOOR SPA,Spa Indoor,2024-09-30,THE BOULEVARD CONDO,Conditional Pass,2,1,0,1,2
THE BOULEVARD INDOOR SPA,Spa Indoor,2024-10-18,THE BOULEVARD CONDO,Pass,0,0,0,0,0
THE BOULEVARD INDOOR SPA,Spa Indoor,2024-12-18,THE BOULEVARD CONDO,Conditional Pass,2,0,1,1,1
THE BOULEVARD INDOOR SPA,Spa Indoor,2024-12-20,THE BOULEVARD CONDO,Pass,0,0,0,0,0
THE BOULEVARD INDOOR SPA,Spa Indoor,2025-03-26,THE BOULEVARD CONDO,Conditional Pass,4,2,1,1,2
THE BOULEVARD INDOOR SPA,Spa Indoor,2025-03-28,THE BOULEVARD CONDO,Pass,0,0,0,0,0
THE BOULEVARD INDOOR SPA,Spa Indoor,2025-05-22,THE BOULEVARD CONDO,Pass,1,1,0,0,1
THE BOULEVARD INDOOR SPA,Spa Indoor,2025-10-27,THE BOULEVARD CONDO,Conditional Pass,4,1,1,2,2
THE BOULEVARD INDOOR SPA,Spa Indoor,2025-10-28,THE BOULEVARD CONDO,Pass,0,0,0,0,0
THE BOULEVARD INDOOR SPA,Spa Indoor,2026-02-13,THE BOULEVARD CONDO,Conditional Pass,3,1,1,1,2
THE BOULEVARD INDOOR SPA,Spa Indoor,2026-02-27,THE BOULEVARD CONDO,Pass,0,0,0,0,0
THE BOULEVARD INDOOR SPA,Spa Indoor,2026-06-24,THE BOULEVARD CONDO,Pass,2,2,0,0,2
THE BRITON HOUSE,Indoor Pool,2024-09-24,THE BRITON HOUSE,Pass,2,2,0,0,2
THE BRITON HOUSE,Indoor Pool,2024-12-24,THE BRITON HOUSE,Pass,1,1,0,0,1
THE BRITON HOUSE,Indoor Pool,2025-03-06,THE BRITON HOUSE,Conditional Pass,6,3,0,3,3
THE BRITON HOUSE,Indoor Pool,2025-03-12,THE BRITON HOUSE,Pass,0,0,0,0,0
THE BRITON HOUSE,Indoor Pool,2025-06-06,THE BRITON HOUSE,Pass,3,3,0,0,2
THE BRITON HOUSE,Indoor Pool,2025-10-20,THE BRITON HOUSE,Pass,1,1,0,0,1
THE BRITON HOUSE,Indoor Pool,2026-01-28,THE BRITON HOUSE,Pass,2,2,0,0,2
THE BRITON HOUSE,Indoor Pool,2026-05-04,THE BRITON HOUSE,Closed,4,0,1,3,3
THE BRITON HOUSE,Indoor Pool,2026-06-26,THE BRITON HOUSE,Pass,0,0,0,0,0
THE BRITT,Spa Outdoor,2024-09-13,THE BRITT - 2ND FLR SPA,Conditional Pass,1,0,0,1,1
THE BRITT,Spa Outdoor,2024-10-17,THE BRITT - 2ND FLR SPA,Conditional Pass,1,0,0,1,1
THE BRITT,Spa Outdoor,2025-06-02,THE BRITT - 2ND FLR SPA,Conditional Pass,17,12,4,1,5
THE BRITT,Spa Outdoor,2026-07-06,THE BRITT - 2ND FLR SPA,Conditional Pass,11,8,1,2,5
THE BRITT - 2ND FLR SPA,Spa Indoor,2024-08-12,THE BRITT - 2ND FLR SPA,Closed,5,0,1,4,3
THE BRITT - 2ND FLR SPA,Spa Indoor,2024-09-13,THE BRITT - 2ND FLR SPA,Conditional Pass,2,0,0,2,2
THE BRITT - 2ND FLR SPA,Spa Indoor,2024-10-17,THE BRITT - 2ND FLR SPA,Conditional Pass,2,0,0,2,2
THE BRITT - 2ND FLR SPA,Spa Indoor,2025-02-12,THE BRITT - 2ND FLR SPA,Pass,1,1,0,0,1
THE BRITT - 2ND FLR SPA,Spa Indoor,2025-06-02,THE BRITT - 2ND FLR SPA,Conditional Pass,13,9,3,1,4
THE BRITT - 2ND FLR SPA,Spa Indoor,2025-06-09,THE BRITT - 2ND FLR SPA,Pass,4,4,0,0,1
THE BRITT - 2ND FLR SPA,Spa Indoor,2025-11-06,THE BRITT - 2ND FLR SPA,Conditional Pass,8,7,0,1,3
THE BRITT - 2ND FLR SPA,Spa Indoor,2026-03-04,THE BRITT - 2ND FLR SPA,Pass,3,3,0,0,2
THE BRITT - 2ND FLR SPA,Spa Indoor,2026-06-24,THE BRITT - 2ND FLR SPA,Pass,4,4,0,0,3
THE BRITT POOL,Outdoor Pool,2024-08-12,THE BRITT - 2ND FLR SPA,Conditional Pass,1,0,0,1,1
THE BRITT POOL,Outdoor Pool,2024-09-13,THE BRITT - 2ND FLR SPA,Conditional Pass,2,1,0,1,1
THE BRITT POOL,Outdoor Pool,2024-10-17,THE BRITT - 2ND FLR SPA,Conditional Pass,2,1,0,1,1
THE BRITT POOL,Outdoor Pool,2025-06-02,THE BRITT - 2ND FLR SPA,Closed,19,13,3,3,6
THE BRITT POOL,Outdoor Pool,2025-06-09,THE BRITT - 2ND FLR SPA,Pass,7,7,0,0,3
THE BRITT POOL,Outdoor Pool,2026-07-06,THE BRITT - 2ND FLR SPA,Pass,7,7,0,0,4
THE BRIXTON OUTDOOR POOL,Outdoor Pool,2024-07-25,THE BRIXTON,Conditional Pass,2,1,1,0,2
THE BRIXTON OUTDOOR POOL,Outdoor Pool,2024-08-15,THE BRIXTON,Pass,0,0,0,0,0
THE BRIXTON OUTDOOR POOL,Outdoor Pool,2025-07-31,THE BRIXTON,Pass,1,1,0,0,1
THE BRIXTON OUTDOOR POOL,Outdoor Pool,2026-07-22,THE BRIXTON,Pass,3,3,0,0,2
THE CAMBRIDGE CLUB - COLD SPA,Spa Indoor,2024-09-09,CAMBRIDGE CLUB,Pass,0,0,0,0,0
THE CAMBRIDGE CLUB - COLD SPA,Spa Indoor,2024-12-04,CAMBRIDGE CLUB,Pass,0,0,0,0,0
THE CAMBRIDGE CLUB - COLD SPA,Spa Indoor,2025-02-24,CAMBRIDGE CLUB,Pass,0,0,0,0,0
THE CAMBRIDGE CLUB - COLD SPA,Spa Indoor,2025-05-30,CAMBRIDGE CLUB,Pass,0,0,0,0,0
THE CAMBRIDGE CLUB - COLD SPA,Spa Indoor,2025-09-15,CAMBRIDGE CLUB,Pass,0,0,0,0,0
THE CAMBRIDGE CLUB - COLD SPA,Spa Indoor,2025-11-21,CAMBRIDGE CLUB,Pass,0,0,0,0,0
THE CAMBRIDGE CLUB - COLD SPA,Spa Indoor,2026-03-12,CAMBRIDGE CLUB,Pass,0,0,0,0,0
THE CAMBRIDGE CLUB - COLD SPA,Spa Indoor,2026-05-27,CAMBRIDGE CLUB,Pass,0,0,0,0,0
THE CARRINGTON ON THE PARK,Indoor Pool,2024-11-08,THE CARRINGTON ON THE PARK,Pass,2,2,0,0,2
THE CARRINGTON ON THE PARK,Indoor Pool,2025-03-25,THE CARRINGTON ON THE PARK,Conditional Pass,3,1,1,1,3
THE CARRINGTON ON THE PARK,Indoor Pool,2025-04-28,THE CARRINGTON ON THE PARK,Conditional Pass,4,1,1,2,3
THE CARRINGTON ON THE PARK,Indoor Pool,2025-05-06,THE CARRINGTON ON THE PARK,Conditional Pass,3,0,2,1,3
THE CARRINGTON ON THE PARK,Indoor Pool,2025-09-18,THE CARRINGTON ON THE PARK,Pass,0,0,0,0,0
THE CARRINGTON ON THE PARK,Indoor Pool,2025-12-18,THE CARRINGTON ON THE PARK,Pass,1,1,0,0,1
THE CARRINGTON ON THE PARK,Indoor Pool,2026-03-11,THE CARRINGTON ON THE PARK,Pass,1,1,0,0,1
THE CARRINGTON ON THE PARK,Indoor Pool,2026-06-29,THE CARRINGTON ON THE PARK,Pass,2,2,0,0,2
THE CHARLIE,Outdoor Pool,2024-07-09,THE CHARLIE,Pass,0,0,0,0,0
THE CHARLIE,Outdoor Pool,2024-09-03,THE CHARLIE,Pass,0,0,0,0,0
THE CHARLIE,Outdoor Pool,2026-08-04,THE CHARLIE,Pass,0,0,0,0,0
THE CHICAGO,Outdoor Pool,2025-08-07,THE CHICAGO,Conditional Pass,3,1,1,1,2
THE CHICAGO,Outdoor Pool,2025-08-19,THE CHICAGO,Pass,1,1,0,0,1
THE CHICAGO,Outdoor Pool,2026-06-15,THE CHICAGO,Pass,3,2,1,0,2
THE COLOURS OF EMERALD CITY POOL,Indoor Pool,2024-11-18,THE COLOURS OF EMERALD CITY POOL,Pass,3,3,0,0,3
THE COLOURS OF EMERALD CITY POOL,Indoor Pool,2025-03-31,THE COLOURS OF EMERALD CITY POOL,Pass,0,0,0,0,0
THE COLOURS OF EMERALD CITY POOL,Indoor Pool,2025-06-19,THE COLOURS OF EMERALD CITY POOL,Pass,3,3,0,0,3
THE COLOURS OF EMERALD CITY POOL,Indoor Pool,2025-09-22,THE COLOURS OF EMERALD CITY POOL,Pass,0,0,0,0,0
THE COLOURS OF EMERALD CITY POOL,Indoor Pool,2025-12-19,THE COLOURS OF EMERALD CITY POOL,Pass,0,0,0,0,0
THE COLOURS OF EMERALD CITY POOL,Indoor Pool,2026-03-16,THE COLOURS OF EMERALD CITY POOL,Pass,3,3,0,0,3
THE COLOURS OF EMERALD CITY POOL,Indoor Pool,2026-05-15,THE COLOURS OF EMERALD CITY POOL,Pass,2,2,0,0,2
THE COLOURS OF EMERALD CITY POOL,Spa Indoor,2024-11-27,THE COLOURS OF EMERALD CITY POOL,Pass,1,0,1,0,1
THE COLOURS OF EMERALD CITY POOL,Spa Indoor,2025-03-31,THE COLOURS OF EMERALD CITY POOL,Pass,1,1,0,0,1
THE COLOURS OF EMERALD CITY POOL,Spa Indoor,2025-06-19,THE COLOURS OF EMERALD CITY POOL,Pass,2,1,1,0,1
THE COLOURS OF EMERALD CITY POOL,Spa Indoor,2025-12-19,THE COLOURS OF EMERALD CITY POOL,Pass,1,0,1,0,1
THE COLOURS OF EMERALD CITY POOL,Spa Indoor,2026-03-16,THE COLOURS OF EMERALD CITY POOL,Pass,3,3,0,0,3
THE COLOURS OF EMERALD CITY POOL,Spa Indoor,2026-05-15,THE COLOURS OF EMERALD CITY POOL,Pass,1,1,0,0,1
THE CONTINENTAL,Outdoor Pool,2025-06-17,THE CONTINENTAL,Pass,3,3,0,0,3
THE CONTINENTAL,Outdoor Pool,2025-09-18,THE CONTINENTAL,Pass,2,1,1,0,2
THE CONTINENTAL,Outdoor Pool,2026-08-11,THE CONTINENTAL,Pass,1,1,0,0,1
THE CROSSWAYS COMPLEX,Indoor Pool,2024-09-25,THE CROSSWAYS COMPLEX,Conditional Pass,1,0,1,0,1
THE CROSSWAYS COMPLEX,Indoor Pool,2025-02-26,THE CROSSWAYS COMPLEX,Conditional Pass,6,3,1,2,3
THE CROSSWAYS COMPLEX,Indoor Pool,2025-03-26,THE CROSSWAYS COMPLEX,Pass,0,0,0,0,0
THE CROSSWAYS COMPLEX,Indoor Pool,2025-06-27,THE CROSSWAYS COMPLEX,Pass,1,1,0,0,1
THE CROSSWAYS COMPLEX,Indoor Pool,2026-06-30,THE CROSSWAYS COMPLEX,Pass,2,2,0,0,1
THE DEVON,Outdoor Pool,2025-08-20,THE DEVON OUTDOOR POOL,Pass,1,1,0,0,1
THE DEVON,Outdoor Pool,2026-08-04,THE DEVON OUTDOOR POOL,Conditional Pass,3,1,0,2,3
THE DEVON,Outdoor Pool,2026-08-28,THE DEVON OUTDOOR POOL,Pass,0,0,0,0,0
THE DIAMOND,Indoor Pool,2026-08-28,THE DIAMOND,Pass,0,0,0,0,0
THE DUNFIELD RETIREMENT RESIDENCE - EAST,Spa Indoor,2024-08-06,77 DUNFIELD AVE,Pass,0,0,0,0,0
THE DUNFIELD RETIREMENT RESIDENCE - EAST,Spa Indoor,2024-10-16,77 DUNFIELD AVE,Pass,1,1,0,0,1
THE DUNFIELD RETIREMENT RESIDENCE - EAST,Spa Indoor,2025-01-09,77 DUNFIELD AVE,Pass,2,2,0,0,2
THE DUNFIELD RETIREMENT RESIDENCE - EAST,Spa Indoor,2025-04-01,77 DUNFIELD AVE,Pass,1,1,0,0,1
THE DUNFIELD RETIREMENT RESIDENCE - EAST,Spa Indoor,2025-08-19,77 DUNFIELD AVE,Pass,0,0,0,0,0
THE DUNFIELD RETIREMENT RESIDENCE - EAST,Spa Indoor,2025-11-10,77 DUNFIELD AVE,Pass,1,1,0,0,1
THE DUNFIELD RETIREMENT RESIDENCE - EAST,Spa Indoor,2026-01-16,77 DUNFIELD AVE,Pass,1,1,0,0,1
THE DUNFIELD RETIREMENT RESIDENCE - EAST,Spa Indoor,2026-04-17,77 DUNFIELD AVE,Pass,0,0,0,0,0
THE DUNFIELD RETIREMENT RESIDENCE - EAST,Spa Indoor,2026-09-21,77 DUNFIELD AVE,Pass,0,0,0,0,0
THE DUNFIELD RETIREMENT RESIDENCE - WEST,Indoor Pool,2024-08-06,77 DUNFIELD AVE,Pass,0,0,0,0,0
THE DUNFIELD RETIREMENT RESIDENCE - WEST,Indoor Pool,2024-10-16,77 DUNFIELD AVE,Pass,2,2,0,0,2
THE DUNFIELD RETIREMENT RESIDENCE - WEST,Indoor Pool,2025-01-09,77 DUNFIELD AVE,Pass,7,7,0,0,3
THE DUNFIELD RETIREMENT RESIDENCE - WEST,Indoor Pool,2025-04-01,77 DUNFIELD AVE,Pass,2,2,0,0,2
THE DUNFIELD RETIREMENT RESIDENCE - WEST,Indoor Pool,2025-08-19,77 DUNFIELD AVE,Pass,0,0,0,0,0
THE DUNFIELD RETIREMENT RESIDENCE - WEST,Indoor Pool,2025-11-10,77 DUNFIELD AVE,Pass,0,0,0,0,0
THE DUNFIELD RETIREMENT RESIDENCE - WEST,Indoor Pool,2026-01-16,77 DUNFIELD AVE,Pass,2,2,0,0,2
THE DUNFIELD RETIREMENT RESIDENCE - WEST,Indoor Pool,2026-04-17,77 DUNFIELD AVE,Pass,2,2,0,0,2
THE DUNFIELD RETIREMENT RESIDENCE - WEST,Indoor Pool,2026-09-21,77 DUNFIELD AVE,Pass,0,0,0,0,0
THE DUPONT,Outdoor Pool,2026-09-04,THE DUPONT,Pass,0,0,0,0,0
THE ELMS COMMUNITY POOL,Indoor Pool,2024-11-15,THE ELMS COMMUNITY POOL,Pass,0,0,0,0,0
THE ELMS COMMUNITY POOL,Indoor Pool,2025-05-20,THE ELMS COMMUNITY POOL,Pass,0,0,0,0,0
THE ELMS COMMUNITY POOL,Indoor Pool,2025-12-12,THE ELMS COMMUNITY POOL,Pass,2,1,1,0,2
THE ELMS COMMUNITY POOL,Indoor Pool,2026-04-13,THE ELMS COMMUNITY POOL,Pass,0,0,0,0,0
THE ELMS COMMUNITY POOL,Indoor Pool,2026-07-24,THE ELMS COMMUNITY POOL,Pass,2,2,0,0,2
THE EMPIRE INDOOR POOL,Indoor Pool,2024-08-27,THE EMPIRE,Pass,0,0,0,0,0
THE EMPIRE INDOOR POOL,Indoor Pool,2024-11-22,THE EMPIRE,Pass,0,0,0,0,0
THE EMPIRE INDOOR POOL,Indoor Pool,2025-02-25,THE EMPIRE,Conditional Pass,2,1,1,0,2
THE EMPIRE INDOOR POOL,Indoor Pool,2025-05-14,THE EMPIRE,Pass,0,0,0,0,0
THE EMPIRE INDOOR POOL,Indoor Pool,2025-08-05,THE EMPIRE,Pass,2,2,0,0,1
THE EMPIRE INDOOR POOL,Indoor Pool,2025-10-09,THE EMPIRE,Pass,0,0,0,0,0
THE EMPIRE INDOOR POOL,Indoor Pool,2026-01-08,THE EMPIRE,Pass,1,1,0,0,1
THE EMPIRE INDOOR POOL,Indoor Pool,2026-04-02,THE EMPIRE,Pass,0,0,0,0,0
THE EMPIRE INDOOR POOL,Indoor Pool,2026-07-20,THE EMPIRE,Pass,2,2,0,0,2
THE EMPIRE SPA,Spa Indoor,2024-08-27,THE EMPIRE,Pass,0,0,0,0,0
THE EMPIRE SPA,Spa Indoor,2024-11-22,THE EMPIRE,Pass,1,1,0,0,1
THE EMPIRE SPA,Spa Indoor,2025-02-25,THE EMPIRE,Pass,0,0,0,0,0
THE EMPIRE SPA,Spa Indoor,2025-05-14,THE EMPIRE,Pass,0,0,0,0,0
THE EMPIRE SPA,Spa Indoor,2025-08-05,THE EMPIRE,Pass,2,1,1,0,2
THE EMPIRE SPA,Spa Indoor,2025-10-09,THE EMPIRE,Pass,0,0,0,0,0
THE EMPIRE SPA,Spa Indoor,2026-01-08,THE EMPIRE,Pass,1,1,0,0,1
THE EMPIRE SPA,Spa Indoor,2026-04-02,THE EMPIRE,Pass,2,2,0,0,2
THE EMPIRE SPA,Spa Indoor,2026-07-20,THE EMPIRE,Closed,5,2,1,2,4
THE EMPIRE SPA,Spa Indoor,2026-08-07,THE EMPIRE,Conditional Pass,2,0,1,1,1
THE EMPIRE SPA,Spa Indoor,2026-08-26,THE EMPIRE,Pass,0,0,0,0,0
THE ESPLANADE CONDO  M.T.C.C. #850,Spa Indoor,2024-09-12,THE ESPLANADE CONDO,Pass,0,0,0,0,0
THE ESPLANADE CONDO  M.T.C.C. #850,Spa Indoor,2025-01-08,THE ESPLANADE CONDO,Pass,0,0,0,0,0
THE ESPLANADE CONDO  M.T.C.C. #850,Spa Indoor,2025-04-22,THE ESPLANADE CONDO,Pass,0,0,0,0,0
THE ESPLANADE CONDO  M.T.C.C. #850,Spa Indoor,2025-09-17,THE ESPLANADE CONDO,Pass,0,0,0,0,0
THE ESPLANADE CONDO  M.T.C.C. #850,Spa Indoor,2025-11-28,THE ESPLANADE CONDO,Pass,0,0,0,0,0
THE ESPLANADE CONDO  M.T.C.C. #850,Spa Indoor,2026-03-05,THE ESPLANADE CONDO,Pass,0,0,0,0,0
THE ESPLANADE CONDO  M.T.C.C. #850,Spa Indoor,2026-05-21,THE ESPLANADE CONDO,Pass,0,0,0,0,0
THE ESSEX,Indoor Pool,2024-08-01,THE ESSEX,Pass,0,0,0,0,0
THE ESSEX,Indoor Pool,2024-12-20,THE ESSEX,Pass,0,0,0,0,0
THE ESSEX,Indoor Pool,2025-03-26,THE ESSEX,Pass,0,0,0,0,0
THE ESSEX,Indoor Pool,2025-06-03,THE ESSEX,Pass,0,0,0,0,0
THE ESSEX,Indoor Pool,2025-09-18,THE ESSEX,Pass,0,0,0,0,0
THE ESSEX,Indoor Pool,2025-12-03,THE ESSEX,Pass,0,0,0,0,0
THE ESSEX,Indoor Pool,2026-03-04,THE ESSEX,Pass,0,0,0,0,0
THE ESSEX,Indoor Pool,2026-06-05,THE ESSEX,Pass,0,0,0,0,0
THE ESSEX,Indoor Pool,2026-09-16,THE ESSEX,Pass,0,0,0,0,0
THE FLORIAN,Indoor Pool,2024-08-21,88 DAVENPORT RD,Pass,0,0,0,0,0
THE FLORIAN,Indoor Pool,2024-11-21,88 DAVENPORT RD,Pass,0,0,0,0,0
THE FLORIAN,Indoor Pool,2025-02-25,88 DAVENPORT RD,Pass,0,0,0,0,0
THE FLORIAN,Indoor Pool,2025-05-30,88 DAVENPORT RD,Pass,0,0,0,0,0
THE FLORIAN,Indoor Pool,2025-08-25,88 DAVENPORT RD,Pass,0,0,0,0,0
THE FLORIAN,Indoor Pool,2025-11-20,88 DAVENPORT RD,Pass,0,0,0,0,0
THE FLORIAN,Indoor Pool,2026-02-20,88 DAVENPORT RD,Pass,0,0,0,0,0
THE FLORIAN,Indoor Pool,2026-06-09,88 DAVENPORT RD,Pass,0,0,0,0,0
THE GOODE CONDO,Outdoor Pool,2025-10-30,THE GOODE CONDO,Pass,0,0,0,0,0
THE GOODE CONDO,Outdoor Pool,2026-07-23,THE GOODE CONDO,Pass,0,0,0,0,0
THE GRANGE,Outdoor Pool,2024-07-31,THE GRANGE,Conditional Pass,2,0,1,1,2
THE GRANGE,Outdoor Pool,2025-07-17,THE GRANGE,Pass,0,0,0,0,0
THE GRANGE,Outdoor Pool,2026-08-11,THE GRANGE,Pass,0,0,0,0,0
THE GREENS AT TAM O'SHANTER (MTCC 1027 & 1198),Indoor Pool,2024-07-18,GREENS AT TAM O'SHANTER,Pass,0,0,0,0,0
THE GREENS AT TAM O'SHANTER (MTCC 1027 & 1198),Indoor Pool,2024-10-10,GREENS AT TAM O'SHANTER,Conditional Pass,3,2,1,0,3
THE GREENS AT TAM O'SHANTER (MTCC 1027 & 1198),Indoor Pool,2024-10-24,GREENS AT TAM O'SHANTER,Pass,0,0,0,0,0
THE GREENS AT TAM O'SHANTER (MTCC 1027 & 1198),Indoor Pool,2025-01-20,GREENS AT TAM O'SHANTER,Pass,1,1,0,0,1
THE GREENS AT TAM O'SHANTER (MTCC 1027 & 1198),Indoor Pool,2025-04-07,GREENS AT TAM O'SHANTER,Pass,2,2,0,0,2
THE GREENS AT TAM O'SHANTER (MTCC 1027 & 1198),Indoor Pool,2025-09-24,GREENS AT TAM O'SHANTER,Pass,1,1,0,0,1
THE GREENS AT TAM O'SHANTER (MTCC 1027 & 1198),Indoor Pool,2025-12-01,GREENS AT TAM O'SHANTER,Conditional Pass,1,0,1,0,1
THE GREENS AT TAM O'SHANTER (MTCC 1027 & 1198),Indoor Pool,2025-12-11,GREENS AT TAM O'SHANTER,Pass,0,0,0,0,0
THE GREENS AT TAM O'SHANTER (MTCC 1027 & 1198),Indoor Pool,2026-02-23,GREENS AT TAM O'SHANTER,Conditional Pass,3,0,2,1,3
THE GREENS AT TAM O'SHANTER (MTCC 1027 & 1198),Indoor Pool,2026-03-16,GREENS AT TAM O'SHANTER,Pass,0,0,0,0,0
THE GREENS AT TAM O'SHANTER (MTCC 1027 & 1198),Indoor Pool,2026-06-10,GREENS AT TAM O'SHANTER,Conditional Pass,1,0,0,1,1
THE GREENS AT TAM O'SHANTER (MTCC 1027 & 1198),Indoor Pool,2026-07-07,GREENS AT TAM O'SHANTER,Pass,0,0,0,0,0
THE GREENS AT TAM O'SHANTER (MTCC 1027 & 1198),Indoor Pool,2026-07-17,GREENS AT TAM O'SHANTER,Pass,0,0,0,0,0
THE HAZELTON HOTEL SWIMMING POOL,Indoor Pool,2024-09-05,THE HAZELTON HOTEL,Pass,1,1,0,0,1
THE HAZELTON HOTEL SWIMMING POOL,Indoor Pool,2024-12-11,THE HAZELTON HOTEL,Conditional Pass,3,2,1,0,3
THE HAZELTON HOTEL SWIMMING POOL,Indoor Pool,2024-12-13,THE HAZELTON HOTEL,Pass,1,1,0,0,1
THE HAZELTON HOTEL SWIMMING POOL,Indoor Pool,2025-04-01,THE HAZELTON HOTEL,Pass,0,0,0,0,0
THE HAZELTON HOTEL SWIMMING POOL,Indoor Pool,2025-07-14,THE HAZELTON HOTEL,Pass,0,0,0,0,0
THE HAZELTON HOTEL SWIMMING POOL,Indoor Pool,2025-10-10,THE HAZELTON HOTEL,Pass,0,0,0,0,0
THE HAZELTON HOTEL SWIMMING POOL,Indoor Pool,2026-01-07,THE HAZELTON HOTEL,Pass,0,0,0,0,0
THE HAZELTON HOTEL SWIMMING POOL,Indoor Pool,2026-04-13,THE HAZELTON HOTEL,Pass,0,0,0,0,0
THE HAZELTON HOTEL SWIMMING POOL,Indoor Pool,2026-07-13,THE HAZELTON HOTEL,Pass,0,0,0,0,0
THE HEATHGATE,Indoor Pool,2024-09-11,10 TICHESTER ROAD,Pass,1,1,0,0,1
THE HEATHGATE,Indoor Pool,2024-11-08,10 TICHESTER ROAD,Pass,2,2,0,0,2
THE HEATHGATE,Indoor Pool,2025-01-27,10 TICHESTER ROAD,Pass,0,0,0,0,0
THE HEATHGATE,Indoor Pool,2025-05-09,10 TICHESTER ROAD,Pass,5,5,0,0,1
THE HEATHGATE,Indoor Pool,2025-10-15,10 TICHESTER ROAD,Conditional Pass,3,1,2,0,3
THE HEATHGATE,Indoor Pool,2026-06-09,10 TICHESTER ROAD,Pass,2,2,0,0,2
THE HEATHVIEW,Indoor Pool,2024-09-11,THE HEATHVIEW,Pass,4,2,2,0,3
THE HEATHVIEW,Indoor Pool,2024-11-08,THE HEATHVIEW,Pass,2,1,1,0,2
THE HEATHVIEW,Indoor Pool,2025-01-28,THE HEATHVIEW,Conditional Pass,4,1,3,0,4
THE HEATHVIEW,Indoor Pool,2025-02-07,THE HEATHVIEW,Pass,0,0,0,0,0
THE HEATHVIEW,Indoor Pool,2025-05-13,THE HEATHVIEW,Pass,0,0,0,0,0
THE HEATHVIEW,Indoor Pool,2025-09-29,THE HEATHVIEW,Pass,1,1,0,0,1
THE HEATHVIEW,Indoor Pool,2026-03-10,THE HEATHVIEW,Pass,1,1,0,0,1
THE HEATHVIEW,Indoor Pool,2026-05-15,THE HEATHVIEW,Pass,2,0,2,0,1
THE HEMINGWAY RESIDENCE SPA,Spa Indoor,2024-11-15,THE HEMINGWAY RESIDENCES,Pass,2,2,0,0,1
THE HEMINGWAY RESIDENCE SPA,Spa Indoor,2025-03-14,THE HEMINGWAY RESIDENCES,Pass,0,0,0,0,0
THE HEMINGWAY RESIDENCE SPA,Spa Indoor,2025-04-28,THE HEMINGWAY RESIDENCES,Conditional Pass,4,2,1,1,2
THE HEMINGWAY RESIDENCE SPA,Spa Indoor,2025-05-01,THE HEMINGWAY RESIDENCES,Conditional Pass,3,1,1,1,1
THE HEMINGWAY RESIDENCE SPA,Spa Indoor,2025-05-15,THE HEMINGWAY RESIDENCES,Pass,0,0,0,0,0
THE HEMINGWAY RESIDENCE SPA,Spa Indoor,2025-12-29,THE HEMINGWAY RESIDENCES,Pass,0,0,0,0,0
THE HEMINGWAY RESIDENCE SPA,Spa Indoor,2026-03-27,THE HEMINGWAY RESIDENCES,Conditional Pass,3,1,2,0,3
THE HEMINGWAY RESIDENCE SPA,Spa Indoor,2026-04-24,THE HEMINGWAY RESIDENCES,Conditional Pass,2,0,1,1,2
THE HEMINGWAY RESIDENCE SPA,Spa Indoor,2026-04-28,THE HEMINGWAY RESIDENCES,Pass,0,0,0,0,0
THE HEMINGWAY RESIDENCE SPA,Spa Indoor,2026-06-18,THE HEMINGWAY RESIDENCES,Conditional Pass,5,1,1,3,3
THE HEMINGWAY RESIDENCE SPA,Spa Indoor,2026-08-13,THE HEMINGWAY RESIDENCES,Pass,0,0,0,0,0
THE HEMINGWAY RESIDENCES POOL,Indoor Pool,2024-11-15,THE HEMINGWAY RESIDENCES,Pass,1,1,0,0,1
THE HEMINGWAY RESIDENCES POOL,Indoor Pool,2025-03-07,THE HEMINGWAY RESIDENCES,Pass,0,0,0,0,0
THE HEMINGWAY RESIDENCES POOL,Indoor Pool,2025-04-28,THE HEMINGWAY RESIDENCES,Pass,0,0,0,0,0
THE HEMINGWAY RESIDENCES POOL,Indoor Pool,2025-12-29,THE HEMINGWAY RESIDENCES,Pass,0,0,0,0,0
THE HEMINGWAY RESIDENCES POOL,Indoor Pool,2026-03-27,THE HEMINGWAY RESIDENCES,Pass,2,1,1,0,2
THE HEMINGWAY RESIDENCES POOL,Indoor Pool,2026-06-18,THE HEMINGWAY RESIDENCES,Conditional Pass,5,2,3,0,4
THE HEMINGWAY RESIDENCES POOL,Indoor Pool,2026-08-13,THE HEMINGWAY RESIDENCES,Pass,0,0,0,0,0
THE HEMISPHERE II POOL,Outdoor Pool,2024-08-13,131 TORRESDALE AVE,Conditional Pass,5,2,1,2,4
THE HEMISPHERE II POOL,Outdoor Pool,2024-08-21,131 TORRESDALE AVE,Pass,0,0,0,0,0
THE HEMISPHERE II POOL,Outdoor Pool,2025-07-31,131 TORRESDALE AVE,Pass,3,3,0,0,2
THE HEMISPHERE II POOL,Outdoor Pool,2025-10-09,131 TORRESDALE AVE,Pass,1,1,0,0,1
THE HEMISPHERE II POOL,Outdoor Pool,2026-06-04,131 TORRESDALE AVE,Pass,4,3,1,0,4
THE HEMISPHERE II POOL,Outdoor Pool,2026-09-08,131 TORRESDALE AVE,Pass,0,0,0,0,0
THE HILLSIDE CLUB POOL,Indoor Pool,2024-09-19,THE HILLSIDE CLUB,Pass,1,1,0,0,1
THE HILLSIDE CLUB POOL,Indoor Pool,2024-11-29,THE HILLSIDE CLUB,Pass,1,1,0,0,1
THE HILLSIDE CLUB POOL,Indoor Pool,2025-02-27,THE HILLSIDE CLUB,Pass,0,0,0,0,0
THE HILLSIDE CLUB POOL,Indoor Pool,2025-05-16,THE HILLSIDE CLUB,Pass,0,0,0,0,0
THE HILLSIDE CLUB POOL,Indoor Pool,2025-08-29,THE HILLSIDE CLUB,Pass,0,0,0,0,0
THE HILLSIDE CLUB POOL,Indoor Pool,2025-10-21,THE HILLSIDE CLUB,Pass,0,0,0,0,0
THE HILLSIDE CLUB POOL,Indoor Pool,2026-01-09,THE HILLSIDE CLUB,Pass,0,0,0,0,0
THE HILLSIDE CLUB POOL,Indoor Pool,2026-05-22,THE HILLSIDE CLUB,Conditional Pass,2,0,1,1,1
THE HILLSIDE CLUB POOL,Indoor Pool,2026-07-15,THE HILLSIDE CLUB,Pass,0,0,0,0,0
THE HILLSIDE SPA,Spa Indoor,2024-09-25,THE HILLSIDE CLUB,Pass,0,0,0,0,0
THE HILLSIDE SPA,Spa Indoor,2024-11-29,THE HILLSIDE CLUB,Pass,0,0,0,0,0
THE HILLSIDE SPA,Spa Indoor,2025-02-27,THE HILLSIDE CLUB,Pass,0,0,0,0,0
THE HILLSIDE SPA,Spa Indoor,2025-05-16,THE HILLSIDE CLUB,Pass,0,0,0,0,0
THE HILLSIDE SPA,Spa Indoor,2025-08-29,THE HILLSIDE CLUB,Pass,1,0,1,0,1
THE HILLSIDE SPA,Spa Indoor,2025-10-21,THE HILLSIDE CLUB,Conditional Pass,3,1,0,2,3
THE HILLSIDE SPA,Spa Indoor,2025-10-24,THE HILLSIDE CLUB,Pass,0,0,0,0,0
THE HILLSIDE SPA,Spa Indoor,2026-01-09,THE HILLSIDE CLUB,Pass,0,0,0,0,0
THE HILLSIDE SPA,Spa Indoor,2026-05-22,THE HILLSIDE CLUB,Pass,0,0,0,0,0
THE HYLAND Y.C.C. 365,Indoor Pool,2024-08-28,"J, POLITO",Pass,1,1,0,0,1
THE HYLAND Y.C.C. 365,Indoor Pool,2024-10-31,"J, POLITO",Pass,2,2,0,0,1
THE HYLAND Y.C.C. 365,Indoor Pool,2025-01-23,"J, POLITO",Pass,1,1,0,0,1
THE HYLAND Y.C.C. 365,Indoor Pool,2025-04-16,"J, POLITO",Pass,2,2,0,0,2
THE HYLAND Y.C.C. 365,Indoor Pool,2025-07-15,"J, POLITO",Pass,2,2,0,0,2
THE HYLAND Y.C.C. 365,Indoor Pool,2025-10-20,"J, POLITO",Pass,1,1,0,0,1
THE HYLAND Y.C.C. 365,Indoor Pool,2026-01-21,"J, POLITO",Conditional Pass,1,0,1,0,1
THE HYLAND Y.C.C. 365,Indoor Pool,2026-01-23,"J, POLITO",Pass,0,0,0,0,0
THE HYLAND Y.C.C. 365,Indoor Pool,2026-06-02,"J, POLITO",Conditional Pass,3,1,1,1,2
THE HYLAND Y.C.C. 365,Indoor Pool,2026-06-05,"J, POLITO",Pass,0,0,0,0,0
THE HYLAND Y.C.C. 365,Indoor Pool,2026-09-11,"J, POLITO",Pass,0,0,0,0,0
THE ICON PHASE 2,Spa Indoor,2024-07-31,THE ICON PHASE 2,Pass,2,2,0,0,2
THE ICON PHASE 2,Spa Indoor,2024-10-29,THE ICON PHASE 2,Pass,0,0,0,0,0
THE ICON PHASE 2,Spa Indoor,2025-03-10,THE ICON PHASE 2,Pass,1,1,0,0,1
THE ICON PHASE 2,Spa Indoor,2025-05-27,THE ICON PHASE 2,Pass,2,2,0,0,1
THE ICON PHASE 2,Spa Indoor,2026-02-25,THE ICON PHASE 2,Pass,2,2,0,0,2
THE ICON PHASE 2,Spa Indoor,2026-05-21,THE ICON PHASE 2,Conditional Pass,3,2,1,0,1
THE ICON PHASE 2,Spa Indoor,2026-06-05,THE ICON PHASE 2,Conditional Pass,1,0,0,1,1
THE ICON PHASE 2,Spa Indoor,2026-08-04,THE ICON PHASE 2,Pass,0,0,0,0,0
THE IVY,Outdoor Pool,2025-09-08,THE IVY,Pass,11,11,0,0,2
THE IVY,Outdoor Pool,2026-09-04,THE IVY,Pass,14,14,0,0,3
THE JAMES CLUB INDOOR POOL,Indoor Pool,2024-08-29,THE JAMES CLUB,Conditional Pass,5,2,0,3,3
THE JAMES CLUB INDOOR POOL,Indoor Pool,2024-09-16,THE JAMES CLUB,Pass,0,0,0,0,0
THE JAMES CLUB INDOOR POOL,Indoor Pool,2024-12-20,THE JAMES CLUB,Pass,2,2,0,0,1
THE JAMES CLUB INDOOR POOL,Indoor Pool,2025-03-12,THE JAMES CLUB,Pass,0,0,0,0,0
THE JAMES CLUB INDOOR POOL,Indoor Pool,2025-06-18,THE JAMES CLUB,Pass,0,0,0,0,0
THE JAMES CLUB INDOOR POOL,Indoor Pool,2025-09-19,THE JAMES CLUB,Pass,0,0,0,0,0
THE JAMES CLUB INDOOR POOL,Indoor Pool,2025-12-08,THE JAMES CLUB,Pass,0,0,0,0,0
THE JAMES CLUB INDOOR POOL,Indoor Pool,2026-03-06,THE JAMES CLUB,Pass,0,0,0,0,0
THE JAMES CLUB INDOOR POOL,Indoor Pool,2026-06-11,THE JAMES CLUB,Pass,0,0,0,0,0
THE JAMES CLUB SPA,Spa Indoor,2024-08-29,THE JAMES CLUB,Conditional Pass,3,1,0,2,3
THE JAMES CLUB SPA,Spa Indoor,2024-09-16,THE JAMES CLUB,Pass,0,0,0,0,0
THE JAMES CLUB SPA,Spa Indoor,2024-12-20,THE JAMES CLUB,Pass,1,1,0,0,1
THE JAMES CLUB SPA,Spa Indoor,2025-03-12,THE JAMES CLUB,Pass,0,0,0,0,0
THE JAMES CLUB SPA,Spa Indoor,2025-06-18,THE JAMES CLUB,Pass,0,0,0,0,0
THE JAMES CLUB SPA,Spa Indoor,2025-09-19,THE JAMES CLUB,Pass,0,0,0,0,0
THE JAMES CLUB SPA,Spa Indoor,2025-12-08,THE JAMES CLUB,Pass,0,0,0,0,0
THE JAMES CLUB SPA,Spa Indoor,2026-03-06,THE JAMES CLUB,Pass,0,0,0,0,0
THE JAMES CLUB SPA,Spa Indoor,2026-06-11,THE JAMES CLUB,Pass,0,0,0,0,0
THE KINGS COURT,Indoor Pool,2024-08-01,THE KINGS COURT,Pass,0,0,0,0,0
THE KINGS COURT,Indoor Pool,2024-10-29,THE KINGS COURT,Pass,0,0,0,0,0
THE KINGS COURT,Indoor Pool,2025-03-27,THE KINGS COURT,Pass,0,0,0,0,0
THE KINGS COURT,Indoor Pool,2025-06-20,THE KINGS COURT,Pass,0,0,0,0,0
THE KINGS COURT,Indoor Pool,2025-12-23,THE KINGS COURT,Pass,0,0,0,0,0
THE KINGS COURT,Indoor Pool,2026-04-07,THE KINGS COURT,Pass,0,0,0,0,0
THE KINGS COURT (CONDO),Spa Indoor,2024-08-01,THE KINGS COURT,Pass,1,1,0,0,1
THE KINGS COURT (CONDO),Spa Indoor,2024-10-29,THE KINGS COURT,Pass,1,1,0,0,1
THE KINGS COURT (CONDO),Spa Indoor,2025-06-20,THE KINGS COURT,Pass,0,0,0,0,0
THE KINGS COURT (CONDO),Spa Indoor,2025-12-23,THE KINGS COURT,Pass,0,0,0,0,0
THE KINGS COURT (CONDO),Spa Indoor,2026-04-07,THE KINGS COURT,Pass,0,0,0,0,0
THE KINGSWAY CONDOMINIUMS,Indoor Pool,2025-05-12,THE KINGSWAY CONDOMINIUMS,Pass,2,2,0,0,2
THE KINGSWAY CONDOMINIUMS,Indoor Pool,2025-11-13,THE KINGSWAY CONDOMINIUMS,Conditional Pass,6,4,1,1,3
THE KINGSWAY CONDOMINIUMS,Indoor Pool,2026-02-06,THE KINGSWAY CONDOMINIUMS,Pass,1,1,0,0,1
THE KINGSWAY CONDOMINIUMS,Indoor Pool,2026-06-16,THE KINGSWAY CONDOMINIUMS,Pass,3,3,0,0,2
THE KINGSWAY CONDOMINIUMS,Indoor Pool,2026-08-07,THE KINGSWAY CONDOMINIUMS,Pass,2,2,0,0,1
THE KINGSWAY CONDOMINIUMS,Spa Indoor,2024-07-30,THE KINGSWAY CONDOMINIUMS,Pass,0,0,0,0,0
THE KINGSWAY CONDOMINIUMS,Spa Indoor,2024-12-11,THE KINGSWAY CONDOMINIUMS,Pass,0,0,0,0,0
THE KINGSWAY CONDOMINIUMS,Spa Indoor,2025-05-12,THE KINGSWAY CONDOMINIUMS,Pass,0,0,0,0,0
THE KINGSWAY CONDOMINIUMS,Spa Indoor,2025-12-01,THE KINGSWAY CONDOMINIUMS,Conditional Pass,4,1,1,2,3
THE KINGSWAY CONDOMINIUMS,Spa Indoor,2026-02-06,THE KINGSWAY CONDOMINIUMS,Pass,1,1,0,0,1
THE KINGSWAY CONDOMINIUMS,Spa Indoor,2026-06-16,THE KINGSWAY CONDOMINIUMS,Pass,2,2,0,0,2
THE KINGSWAY CONDOMINIUMS,Spa Indoor,2026-08-07,THE KINGSWAY CONDOMINIUMS,Conditional Pass,5,4,0,1,3
THE KINGSWAY CONDOMINIUMS,Spa Indoor,2026-08-10,THE KINGSWAY CONDOMINIUMS,Pass,0,0,0,0,0
THE LIBERTIES (M.T.C.C. #901/907),Indoor Pool,2024-09-16,THE LIBERTIES,Conditional Pass,1,0,0,1,1
THE LIBERTIES (M.T.C.C. #901/907),Indoor Pool,2024-09-18,THE LIBERTIES,Pass,0,0,0,0,0
THE LIBERTIES (M.T.C.C. #901/907),Indoor Pool,2024-12-05,THE LIBERTIES,Pass,0,0,0,0,0
THE LIBERTIES (M.T.C.C. #901/907),Indoor Pool,2025-03-13,THE LIBERTIES,Conditional Pass,3,1,0,2,3
THE LIBERTIES (M.T.C.C. #901/907),Indoor Pool,2025-04-01,THE LIBERTIES,Pass,0,0,0,0,0
THE LIBERTIES (M.T.C.C. #901/907),Indoor Pool,2025-09-05,THE LIBERTIES,Pass,0,0,0,0,0
THE LIBERTIES (M.T.C.C. #901/907),Indoor Pool,2025-11-26,THE LIBERTIES,Conditional Pass,3,0,1,2,3
THE LIBERTIES (M.T.C.C. #901/907),Indoor Pool,2025-12-22,THE LIBERTIES,Conditional Pass,4,1,1,2,3
THE LIBERTIES (M.T.C.C. #901/907),Indoor Pool,2026-01-15,THE LIBERTIES,Pass,1,1,0,0,1
THE LIBERTIES (M.T.C.C. #901/907),Indoor Pool,2026-04-15,THE LIBERTIES,Pass,1,1,0,0,1
THE LIBERTIES (M.T.C.C. #901/907),Indoor Pool,2026-07-29,THE LIBERTIES,Conditional Pass,1,0,0,1,1
THE LIBERTIES (M.T.C.C. #901/907),Indoor Pool,2026-09-02,THE LIBERTIES,Pass,0,0,0,0,0
THE LIBERTIES (M.T.C.C. #901/907),Spa Indoor,2024-09-16,THE LIBERTIES,Pass,0,0,0,0,0
THE LIBERTIES (M.T.C.C. #901/907),Spa Indoor,2025-03-13,THE LIBERTIES,Conditional Pass,2,1,0,1,2
THE LIBERTIES (M.T.C.C. #901/907),Spa Indoor,2025-12-22,THE LIBERTIES,Conditional Pass,1,0,0,1,1
THE LIBERTIES (M.T.C.C. #901/907),Spa Indoor,2026-01-15,THE LIBERTIES,Pass,0,0,0,0,0
THE LIBERTIES (M.T.C.C. #901/907),Spa Indoor,2026-07-29,THE LIBERTIES,Conditional Pass,1,0,1,0,1
THE LONSDALE TSCC #1516,Outdoor Pool,2024-07-09,THE LONSDALE,Pass,0,0,0,0,0
THE LONSDALE TSCC #1516,Outdoor Pool,2025-07-09,THE LONSDALE,Pass,2,2,0,0,2
THE LONSDALE TSCC #1516,Outdoor Pool,2026-05-27,THE LONSDALE,Pass,1,1,0,0,1
THE MANSIONS OF AVONDALE,Indoor Pool,2024-07-12,THE MANSIONS OF AVONDALE,Pass,0,0,0,0,0
THE MANSIONS OF AVONDALE,Indoor Pool,2024-10-16,THE MANSIONS OF AVONDALE,Pass,0,0,0,0,0
THE MANSIONS OF AVONDALE,Indoor Pool,2025-01-13,THE MANSIONS OF AVONDALE,Pass,0,0,0,0,0
THE MANSIONS OF AVONDALE,Indoor Pool,2025-04-10,THE MANSIONS OF AVONDALE,Pass,0,0,0,0,0
THE MANSIONS OF AVONDALE,Indoor Pool,2025-10-27,THE MANSIONS OF AVONDALE,Pass,0,0,0,0,0
THE MANSIONS OF AVONDALE,Indoor Pool,2026-02-09,THE MANSIONS OF AVONDALE,Pass,0,0,0,0,0
THE MANSIONS OF AVONDALE,Indoor Pool,2026-05-21,THE MANSIONS OF AVONDALE,Pass,1,0,1,0,1
THE MANSIONS OF AVONDALE,Indoor Pool,2026-07-21,THE MANSIONS OF AVONDALE,Pass,0,0,0,0,0
THE MANSIONS OF AVONDALE SPA,Spa Indoor,2024-07-12,THE MANSIONS OF AVONDALE,Pass,0,0,0,0,0
THE MANSIONS OF AVONDALE SPA,Spa Indoor,2024-10-16,THE MANSIONS OF AVONDALE,Pass,1,1,0,0,1
THE MANSIONS OF AVONDALE SPA,Spa Indoor,2025-01-13,THE MANSIONS OF AVONDALE,Pass,1,1,0,0,1
THE MANSIONS OF AVONDALE SPA,Spa Indoor,2025-04-10,THE MANSIONS OF AVONDALE,Pass,0,0,0,0,0
THE MANSIONS OF AVONDALE SPA,Spa Indoor,2025-10-27,THE MANSIONS OF AVONDALE,Closed,5,3,0,2,4
THE MANSIONS OF AVONDALE SPA,Spa Indoor,2026-02-09,THE MANSIONS OF AVONDALE,Pass,0,0,0,0,0
THE MANSIONS OF AVONDALE SPA,Spa Indoor,2026-05-21,THE MANSIONS OF AVONDALE,Pass,0,0,0,0,0
THE MANSIONS OF AVONDALE SPA,Spa Indoor,2026-07-21,THE MANSIONS OF AVONDALE,Pass,0,0,0,0,0
THE MAPLES,Indoor Pool,2024-12-30,THE MAPLES,Pass,1,1,0,0,1
THE MAPLES,Indoor Pool,2025-03-24,THE MAPLES,Pass,1,1,0,0,1
THE MAPLES,Indoor Pool,2025-12-23,THE MAPLES,Pass,2,2,0,0,2
THE MAPLES,Indoor Pool,2026-03-16,THE MAPLES,Conditional Pass,5,3,1,1,3
THE MAPLES,Indoor Pool,2026-06-25,THE MAPLES,Pass,0,0,0,0,0
THE MASTERS,Indoor Pool,2024-07-29,THE MASTERS,Pass,0,0,0,0,0
THE MASTERS,Indoor Pool,2024-11-01,THE MASTERS,Pass,0,0,0,0,0
THE MASTERS,Indoor Pool,2025-02-11,THE MASTERS,Pass,0,0,0,0,0
THE MASTERS,Indoor Pool,2025-05-21,THE MASTERS,Pass,0,0,0,0,0
THE MASTERS,Indoor Pool,2025-09-30,THE MASTERS,Pass,0,0,0,0,0
THE MASTERS,Indoor Pool,2025-12-30,THE MASTERS,Pass,0,0,0,0,0
THE MASTERS,Indoor Pool,2026-03-25,THE MASTERS,Pass,0,0,0,0,0
THE MASTERS,Indoor Pool,2026-06-26,THE MASTERS,Pass,2,1,1,0,2
THE MASTERS,Indoor Pool,2026-09-10,THE MASTERS,Pass,2,1,1,0,2
THE MASTERS,Outdoor Pool,2024-07-29,THE MASTERS,Pass,1,1,0,0,1
THE MASTERS,Outdoor Pool,2025-06-04,THE MASTERS,Pass,0,0,0,0,0
THE MASTERS,Outdoor Pool,2026-06-26,THE MASTERS,Pass,1,1,0,0,1
THE MASTERS,Outdoor Pool,2026-09-10,THE MASTERS,Pass,0,0,0,0,0
THE MERCER,Spa Indoor,2024-08-23,RCVRI,Pass,0,0,0,0,0
THE MERCER,Spa Indoor,2024-12-05,RCVRI,Pass,0,0,0,0,0
THE MERCER,Spa Indoor,2025-03-12,RCVRI,Conditional Pass,2,1,0,1,2
THE MERCER,Spa Indoor,2025-03-18,RCVRI,Pass,0,0,0,0,0
THE MERCER,Spa Indoor,2025-05-15,RCVRI,Pass,1,0,1,0,1
THE MERCER,Spa Indoor,2026-02-13,RCVRI,Pass,1,1,0,0,1
THE MERCER,Spa Indoor,2026-05-20,RCVRI,Conditional Pass,4,1,2,1,2
THE MERCER,Spa Indoor,2026-07-03,RCVRI,Pass,1,0,1,0,1
THE MET CONDOMINIUMS,Indoor Pool,2024-10-02,THE MET CONDOMINIUMS,Pass,0,0,0,0,0
THE MET CONDOMINIUMS,Indoor Pool,2025-01-30,THE MET CONDOMINIUMS,Conditional Pass,4,0,1,3,3
THE MET CONDOMINIUMS,Indoor Pool,2025-03-13,THE MET CONDOMINIUMS,Closed,5,1,1,3,5
THE MET CONDOMINIUMS,Indoor Pool,2025-04-24,THE MET CONDOMINIUMS,Conditional Pass,2,0,0,2,2
THE MET CONDOMINIUMS,Indoor Pool,2025-05-26,THE MET CONDOMINIUMS,Closed,2,0,0,2,2
THE MET CONDOMINIUMS,Indoor Pool,2025-10-06,THE MET CONDOMINIUMS,Pass,1,1,0,0,1
THE MET CONDOMINIUMS,Indoor Pool,2026-04-08,THE MET CONDOMINIUMS,Closed,1,0,0,1,1
THE MET CONDOMINIUMS,Indoor Pool,2026-07-24,THE MET CONDOMINIUMS,Closed,4,0,2,2,4
THE MET CONDOMINIUMS,Spa Indoor,2024-10-02,THE MET CONDOMINIUMS,Conditional Pass,3,1,1,1,1
THE MET CONDOMINIUMS,Spa Indoor,2024-10-03,THE MET CONDOMINIUMS,Pass,0,0,0,0,0
THE MET CONDOMINIUMS,Spa Indoor,2025-01-30,THE MET CONDOMINIUMS,Conditional Pass,1,0,0,1,1
THE MET CONDOMINIUMS,Spa Indoor,2025-04-24,THE MET CONDOMINIUMS,Conditional Pass,1,0,0,1,1
THE MET CONDOMINIUMS,Spa Indoor,2025-05-26,THE MET CONDOMINIUMS,Closed,2,0,0,2,2
THE MET CONDOMINIUMS,Spa Indoor,2025-05-27,THE MET CONDOMINIUMS,Pass,0,0,0,0,0
THE MET CONDOMINIUMS,Spa Indoor,2025-10-06,THE MET CONDOMINIUMS,Pass,1,1,0,0,1
THE MET CONDOMINIUMS,Spa Indoor,2026-04-08,THE MET CONDOMINIUMS,Closed,2,0,0,2,2
THE MET CONDOMINIUMS,Spa Indoor,2026-04-09,THE MET CONDOMINIUMS,Pass,0,0,0,0,0
THE MET CONDOMINIUMS,Spa Indoor,2026-07-24,THE MET CONDOMINIUMS,Closed,8,2,2,4,6
THE MET CONDOMINIUMS,Spa Indoor,2026-08-18,THE MET CONDOMINIUMS,Pass,0,0,0,0,0
THE METROPOLE M.T.C.C. #1170,Indoor Pool,2024-07-30,THE METROPOLE,Conditional Pass,1,0,0,1,1
THE METROPOLE M.T.C.C. #1170,Indoor Pool,2024-08-07,THE METROPOLE,Pass,0,0,0,0,0
THE METROPOLE M.T.C.C. #1170,Indoor Pool,2025-01-07,THE METROPOLE,Pass,0,0,0,0,0
THE METROPOLE M.T.C.C. #1170,Indoor Pool,2025-04-03,THE METROPOLE,Pass,0,0,0,0,0
THE METROPOLE M.T.C.C. #1170,Indoor Pool,2025-07-21,THE METROPOLE,Pass,0,0,0,0,0
THE METROPOLE M.T.C.C. #1170,Indoor Pool,2025-10-14,THE METROPOLE,Pass,0,0,0,0,0
THE METROPOLE M.T.C.C. #1170,Indoor Pool,2026-01-05,THE METROPOLE,Pass,0,0,0,0,0
THE METROPOLE M.T.C.C. #1170,Indoor Pool,2026-04-14,THE METROPOLE,Pass,0,0,0,0,0
THE METROPOLE M.T.C.C. #1170,Indoor Pool,2026-07-21,THE METROPOLE,Pass,0,0,0,0,0
THE MODERN CONDO - LARGE SPA,Spa Outdoor,2024-07-18,THE MODERN CONDO,Pass,0,0,0,0,0
THE MODERN CONDO - LARGE SPA,Spa Outdoor,2025-05-23,THE MODERN CONDO,Pass,0,0,0,0,0
THE MODERN CONDO - LARGE SPA,Spa Outdoor,2026-05-28,THE MODERN CONDO,Pass,1,1,0,0,1
THE MODERN CONDO - LARGE SPA,Spa Outdoor,2026-09-17,THE MODERN CONDO,Pass,0,0,0,0,0
THE MODERN CONDO - SMALL SPA,Spa Outdoor,2025-05-23,THE MODERN CONDO,Pass,0,0,0,0,0
THE MODERN CONDO - SMALL SPA,Spa Outdoor,2026-05-28,THE MODERN CONDO,Pass,1,1,0,0,1
THE MODERN CONDO - SMALL SPA,Spa Outdoor,2026-09-17,THE MODERN CONDO,Pass,0,0,0,0,0
THE MONACO SPA,Spa Indoor,2024-07-22,THE MONACO,Closed,6,3,1,2,3
THE MONACO SPA,Spa Indoor,2024-08-22,THE MONACO,Pass,0,0,0,0,0
THE MONACO SPA,Spa Indoor,2025-10-15,THE MONACO,Pass,2,1,1,0,2
THE MONACO SPA,Spa Indoor,2026-01-09,THE MONACO,Pass,1,1,0,0,1
THE MONACO SPA,Spa Indoor,2026-05-21,THE MONACO,Pass,3,3,0,0,2
THE MONACO SPA,Spa Indoor,2026-07-20,THE MONACO,Pass,1,1,0,0,1
THE MONACO SWIMMING POOL,Indoor Pool,2024-07-22,THE MONACO,Pass,1,1,0,0,1
THE MONACO SWIMMING POOL,Indoor Pool,2024-11-13,THE MONACO,Pass,1,0,1,0,1
THE MONACO SWIMMING POOL,Indoor Pool,2025-02-19,THE MONACO,Pass,2,2,0,0,2
THE MONACO SWIMMING POOL,Indoor Pool,2025-08-06,THE MONACO,Pass,2,1,1,0,2
THE MONACO SWIMMING POOL,Indoor Pool,2025-09-22,THE MONACO,Conditional Pass,1,0,0,1,1
THE MONACO SWIMMING POOL,Indoor Pool,2025-10-15,THE MONACO,Pass,2,2,0,0,2
THE MONACO SWIMMING POOL,Indoor Pool,2026-01-09,THE MONACO,Conditional Pass,4,3,0,1,3
THE MONACO SWIMMING POOL,Indoor Pool,2026-02-06,THE MONACO,Pass,0,0,0,0,0
THE MONACO SWIMMING POOL,Indoor Pool,2026-05-21,THE MONACO,Pass,3,3,0,0,2
THE MONACO SWIMMING POOL,Indoor Pool,2026-07-20,THE MONACO,Pass,0,0,0,0,0
THE MONET LAP POOL,Indoor Pool,2024-09-17,THE MONET,Pass,5,4,1,0,4
THE MONET LAP POOL,Indoor Pool,2024-12-10,THE MONET,Pass,5,5,0,0,4
THE MONET LAP POOL,Indoor Pool,2025-02-27,THE MONET,Pass,1,1,0,0,1
THE MONET LAP POOL,Indoor Pool,2025-06-11,THE MONET,Pass,0,0,0,0,0
THE MONET LAP POOL,Indoor Pool,2025-09-24,THE MONET,Pass,0,0,0,0,0
THE MONET LAP POOL,Indoor Pool,2026-01-06,THE MONET,Pass,1,0,1,0,1
THE MONET LAP POOL,Indoor Pool,2026-05-07,THE MONET,Pass,1,1,0,0,1
THE MONET LAP POOL,Indoor Pool,2026-07-16,THE MONET,Conditional Pass,5,1,3,1,2
THE MONET LEISURE POOL,Indoor Pool,2024-09-17,THE MONET,Pass,4,3,1,0,2
THE MONET LEISURE POOL,Indoor Pool,2024-12-10,THE MONET,Pass,1,1,0,0,1
THE MONET LEISURE POOL,Indoor Pool,2025-06-11,THE MONET,Pass,1,1,0,0,1
THE MONET LEISURE POOL,Indoor Pool,2025-09-24,THE MONET,Pass,1,1,0,0,1
THE MONET LEISURE POOL,Indoor Pool,2026-01-06,THE MONET,Pass,0,0,0,0,0
THE MONET LEISURE POOL,Indoor Pool,2026-05-07,THE MONET,Pass,0,0,0,0,0
THE MONET LEISURE POOL,Indoor Pool,2026-07-16,THE MONET,Pass,2,2,0,0,2
THE MONET SPA,Spa Indoor,2024-07-09,THE MONET,Pass,0,0,0,0,0
THE MONET SPA,Spa Indoor,2024-09-17,THE MONET,Pass,3,2,1,0,3
THE MONET SPA,Spa Indoor,2024-12-10,THE MONET,Conditional Pass,5,2,1,2,3
THE MONET SPA,Spa Indoor,2025-02-27,THE MONET,Pass,0,0,0,0,0
THE MONET SPA,Spa Indoor,2025-06-11,THE MONET,Pass,2,2,0,0,2
THE MONET SPA,Spa Indoor,2025-09-24,THE MONET,Pass,0,0,0,0,0
THE MONET SPA,Spa Indoor,2026-01-06,THE MONET,Pass,1,0,1,0,1
THE MONET SPA,Spa Indoor,2026-05-07,THE MONET,Pass,0,0,0,0,0
THE MONET SPA,Spa Indoor,2026-07-16,THE MONET,Pass,1,1,0,0,1
THE MONTCREST,Outdoor Pool,2025-07-10,THE MONTCREST,Conditional Pass,5,4,0,1,3
THE MONTCREST,Outdoor Pool,2025-07-18,THE MONTCREST,Pass,1,1,0,0,1
THE MONTCREST,Outdoor Pool,2026-07-08,THE MONTCREST,Conditional Pass,5,3,1,1,4
THE MONTCREST,Outdoor Pool,2026-07-16,THE MONTCREST,Pass,0,0,0,0,0
THE MONTGOMERY,Outdoor Pool,2025-07-23,NAME                        THE MONTGOMERY,Pass,5,5,0,0,4
THE MONTGOMERY,Outdoor Pool,2026-06-23,NAME                        THE MONTGOMERY,Pass,5,5,0,0,4
THE OLIVER APT POOL,Outdoor Pool,2024-08-14,THE OLIVER APT,Closed,11,4,3,4,7
THE OLIVER APT POOL,Outdoor Pool,2024-08-16,THE OLIVER APT,Conditional Pass,3,0,1,2,2
THE OLIVER APT POOL,Outdoor Pool,2025-08-05,THE OLIVER APT,Conditional Pass,5,1,2,2,4
THE OLIVER APT POOL,Outdoor Pool,2025-08-26,THE OLIVER APT,Pass,0,0,0,0,0
THE OLIVER APT POOL,Outdoor Pool,2026-08-18,THE OLIVER APT,Conditional Pass,10,7,0,3,7
THE OLIVER APT POOL,Outdoor Pool,2026-08-20,THE OLIVER APT,Pass,0,0,0,0,0
THE PALM CONDOMINIUM RESIDENCES,Indoor Pool,2024-07-24,THE PALM CONDOMINIUM RESIDENCES,Pass,4,4,0,0,3
THE PALM CONDOMINIUM RESIDENCES,Indoor Pool,2024-10-23,THE PALM CONDOMINIUM RESIDENCES,Pass,0,0,0,0,0
THE PALM CONDOMINIUM RESIDENCES,Indoor Pool,2025-01-09,THE PALM CONDOMINIUM RESIDENCES,Conditional Pass,6,3,2,1,2
THE PALM CONDOMINIUM RESIDENCES,Indoor Pool,2025-01-17,THE PALM CONDOMINIUM RESIDENCES,Pass,0,0,0,0,0
THE PALM CONDOMINIUM RESIDENCES,Indoor Pool,2025-05-02,THE PALM CONDOMINIUM RESIDENCES,Pass,0,0,0,0,0
THE PALM CONDOMINIUM RESIDENCES,Indoor Pool,2025-10-09,THE PALM CONDOMINIUM RESIDENCES,Pass,0,0,0,0,0
THE PALM CONDOMINIUM RESIDENCES,Indoor Pool,2026-01-16,THE PALM CONDOMINIUM RESIDENCES,Pass,0,0,0,0,0
THE PALM CONDOMINIUM RESIDENCES,Indoor Pool,2026-05-14,THE PALM CONDOMINIUM RESIDENCES,Pass,2,2,0,0,2
THE PALM CONDOMINIUM RESIDENCES,Indoor Pool,2026-08-10,THE PALM CONDOMINIUM RESIDENCES,Pass,2,2,0,0,2
THE PARK CLUB - BIG SPA,Spa Indoor,2025-03-31,THE PARK CLUB - BIG SPA,Pass,4,4,0,0,2
THE PARK CLUB - BIG SPA,Spa Indoor,2025-06-13,THE PARK CLUB - BIG SPA,Pass,1,1,0,0,1
THE PARK CLUB - BIG SPA,Spa Indoor,2025-09-15,THE PARK CLUB - BIG SPA,Pass,0,0,0,0,0
THE PARK CLUB - BIG SPA,Spa Indoor,2026-03-12,THE PARK CLUB - BIG SPA,Pass,3,3,0,0,2
THE PARK CLUB - BIG SPA,Spa Indoor,2026-06-01,THE PARK CLUB - BIG SPA,Conditional Pass,8,6,1,1,4
THE PARK CLUB - BIG SPA,Spa Indoor,2026-06-22,THE PARK CLUB - BIG SPA,Pass,1,1,0,0,1
THE PARK CLUB - BIG SPA,Spa Indoor,2026-09-23,THE PARK CLUB - BIG SPA,Pass,2,2,0,0,2
THE PARK CLUB - COLD SPA,Spa Indoor,2025-06-13,THE PARK CLUB - BIG SPA,Conditional Pass,4,1,2,1,2
THE PARK CLUB - COLD SPA,Spa Indoor,2025-06-19,THE PARK CLUB - BIG SPA,Pass,0,0,0,0,0
THE PARK CLUB - COLD SPA,Spa Indoor,2025-09-15,THE PARK CLUB - BIG SPA,Conditional Pass,3,1,1,1,1
THE PARK CLUB - COLD SPA,Spa Indoor,2025-09-30,THE PARK CLUB - BIG SPA,Pass,0,0,0,0,0
THE PARK CLUB - COLD SPA,Spa Indoor,2026-06-22,THE PARK CLUB - BIG SPA,Pass,2,2,0,0,2
THE PARK CLUB - COLD SPA,Spa Indoor,2026-09-23,THE PARK CLUB - BIG SPA,Pass,2,2,0,0,2
THE PARK CLUB - HOT SPA,Spa Indoor,2025-03-31,THE PARK CLUB - BIG SPA,Pass,4,4,0,0,2
THE PARK CLUB - HOT SPA,Spa Indoor,2025-06-13,THE PARK CLUB - BIG SPA,Pass,2,2,0,0,2
THE PARK CLUB - HOT SPA,Spa Indoor,2025-09-15,THE PARK CLUB - BIG SPA,Conditional Pass,3,0,1,2,2
THE PARK CLUB - HOT SPA,Spa Indoor,2025-09-30,THE PARK CLUB - BIG SPA,Pass,0,0,0,0,0
THE PARK CLUB - HOT SPA,Spa Indoor,2026-03-12,THE PARK CLUB - BIG SPA,Pass,4,4,0,0,2
THE PARK CLUB - HOT SPA,Spa Indoor,2026-06-01,THE PARK CLUB - BIG SPA,Pass,7,7,0,0,4
THE PARK CLUB - HOT SPA,Spa Indoor,2026-09-23,THE PARK CLUB - BIG SPA,Conditional Pass,4,0,2,2,2
THE PARKER,Outdoor Pool,2025-05-26,THE PARKER,Pass,6,6,0,0,3
THE PARKER,Outdoor Pool,2025-09-09,THE PARKER,Conditional Pass,5,4,0,1,3
THE PARKER,Outdoor Pool,2025-09-10,THE PARKER,Pass,0,0,0,0,0
THE PARKER,Outdoor Pool,2026-06-19,THE PARKER,Pass,1,1,0,0,1
THE PAVILION,Indoor Pool,2024-08-28,THE PAVILLION,Pass,1,1,0,0,1
THE PAVILION,Indoor Pool,2024-11-18,THE PAVILLION,Pass,1,1,0,0,1
THE PAVILION,Indoor Pool,2025-02-06,THE PAVILLION,Pass,1,1,0,0,1
THE PAVILION,Indoor Pool,2025-04-24,THE PAVILLION,Pass,0,0,0,0,0
THE PAVILION,Indoor Pool,2025-07-16,THE PAVILLION,Pass,0,0,0,0,0
THE PAVILION,Indoor Pool,2025-11-05,THE PAVILLION,Pass,2,2,0,0,1
THE PAVILION,Indoor Pool,2026-01-30,THE PAVILLION,Pass,0,0,0,0,0
THE PAVILION,Indoor Pool,2026-04-30,THE PAVILLION,Pass,0,0,0,0,0
THE PAVILION,Indoor Pool,2026-07-07,THE PAVILLION,Pass,0,0,0,0,0
THE PAVILION,Spa Indoor,2024-08-28,THE PAVILLION,Conditional Pass,2,0,1,1,1
THE PAVILION,Spa Indoor,2024-08-29,THE PAVILLION,Pass,0,0,0,0,0
THE PAVILION,Spa Indoor,2024-11-18,THE PAVILLION,Pass,1,0,1,0,1
THE PAVILION,Spa Indoor,2025-02-06,THE PAVILLION,Pass,3,3,0,0,3
THE PAVILION,Spa Indoor,2025-04-24,THE PAVILLION,Pass,1,1,0,0,1
THE PAVILION,Spa Indoor,2025-11-05,THE PAVILLION,Pass,0,0,0,0,0
THE PAVILION,Spa Indoor,2026-04-30,THE PAVILLION,Pass,1,1,0,0,1
THE PAVILION,Spa Indoor,2026-07-07,THE PAVILLION,Conditional Pass,2,0,1,1,1
THE PAVILION,Spa Indoor,2026-07-08,THE PAVILLION,Pass,0,0,0,0,0
THE PEAK,Indoor Pool,2024-11-14,THE PEAK,Pass,1,1,0,0,1
THE PEAK,Indoor Pool,2025-03-31,THE PEAK,Pass,2,1,1,0,2
THE PEAK,Indoor Pool,2025-06-06,THE PEAK,Pass,2,2,0,0,2
THE PEAK,Indoor Pool,2025-09-04,THE PEAK,Pass,1,1,0,0,1
THE PEAK,Indoor Pool,2025-12-24,THE PEAK,Pass,0,0,0,0,0
THE PEAK,Indoor Pool,2026-03-24,THE PEAK,Pass,8,8,0,0,3
THE PEAK,Indoor Pool,2026-05-07,THE PEAK,Conditional Pass,7,6,1,0,4
THE PEAK,Indoor Pool,2026-06-29,THE PEAK,Pass,3,3,0,0,2
THE PEAK (SPA),Spa Indoor,2024-11-14,THE PEAK,Pass,2,2,0,0,2
THE PEAK (SPA),Spa Indoor,2025-03-31,THE PEAK,Pass,2,2,0,0,2
THE PEAK (SPA),Spa Indoor,2025-06-06,THE PEAK,Pass,1,1,0,0,1
THE PEAK (SPA),Spa Indoor,2025-09-04,THE PEAK,Pass,1,1,0,0,1
THE PEAK (SPA),Spa Indoor,2025-12-24,THE PEAK,Pass,1,1,0,0,1
THE PEAK (SPA),Spa Indoor,2026-03-24,THE PEAK,Conditional Pass,10,3,6,1,4
THE PEAK (SPA),Spa Indoor,2026-04-23,THE PEAK,Pass,3,3,0,0,2
THE PEAK (SPA),Spa Indoor,2026-05-07,THE PEAK,Pass,4,4,0,0,3
THE PENROSE MTCC #1284,Indoor Pool,2024-08-12,THE PENROSE,Pass,0,0,0,0,0
THE PENROSE MTCC #1284,Indoor Pool,2024-11-07,THE PENROSE,Pass,0,0,0,0,0
THE PENROSE MTCC #1284,Indoor Pool,2025-03-14,THE PENROSE,Pass,0,0,0,0,0
THE PENROSE MTCC #1284,Indoor Pool,2025-05-12,THE PENROSE,Pass,0,0,0,0,0
THE PENROSE MTCC #1284,Indoor Pool,2025-09-11,THE PENROSE,Conditional Pass,3,2,0,1,3
THE PENROSE MTCC #1284,Indoor Pool,2025-10-03,THE PENROSE,Conditional Pass,4,3,0,1,4
THE PENROSE MTCC #1284,Indoor Pool,2025-10-17,THE PENROSE,Pass,0,0,0,0,0
THE PENROSE MTCC #1284,Indoor Pool,2026-02-24,THE PENROSE,Conditional Pass,2,1,0,1,2
THE PENROSE MTCC #1284,Indoor Pool,2026-02-27,THE PENROSE,Pass,0,0,0,0,0
THE PENROSE MTCC #1284,Indoor Pool,2026-05-14,THE PENROSE,Pass,0,0,0,0,0
THE PENROSE MTCC #1284,Indoor Pool,2026-09-17,THE PENROSE,Pass,1,1,0,0,1
THE PENROSE MTCC #1284,Spa Indoor,2024-09-10,THE PENROSE,Pass,0,0,0,0,0
THE PENROSE MTCC #1284,Spa Indoor,2024-11-07,THE PENROSE,Conditional Pass,2,1,0,1,1
THE PENROSE MTCC #1284,Spa Indoor,2024-11-13,THE PENROSE,Pass,0,0,0,0,0
THE PENROSE MTCC #1284,Spa Indoor,2025-09-11,THE PENROSE,Pass,0,0,0,0,0
THE PENROSE MTCC #1284,Spa Indoor,2025-10-03,THE PENROSE,Conditional Pass,1,0,0,1,1
THE PENROSE MTCC #1284,Spa Indoor,2026-02-24,THE PENROSE,Closed,2,0,0,2,2
THE PENROSE MTCC #1284,Spa Indoor,2026-05-14,THE PENROSE,Pass,1,1,0,0,1
THE PICASSO,Spa Outdoor,2024-09-18,THE PICASSO,Pass,1,1,0,0,1
THE PICASSO,Spa Outdoor,2025-06-09,THE PICASSO,Closed,5,1,0,4,5
THE PICASSO,Spa Outdoor,2025-06-13,THE PICASSO,Conditional Pass,2,0,0,2,2
THE PICASSO,Spa Outdoor,2025-07-29,THE PICASSO,Pass,0,0,0,0,0
THE PICASSO,Spa Outdoor,2026-07-16,THE PICASSO,Pass,0,0,0,0,0
THE PICASSO,Spa Outdoor,2026-09-04,THE PICASSO,Closed,2,0,0,2,2
THE PICASSO,Spa Outdoor,2026-09-09,THE PICASSO,Pass,0,0,0,0,0
THE PINNACLE ON ADELAIDE,Indoor Pool,2024-07-12,THE PINNACLE ON ADELAIDE,Pass,0,0,0,0,0
THE PINNACLE ON ADELAIDE,Indoor Pool,2024-10-01,THE PINNACLE ON ADELAIDE,Pass,0,0,0,0,0
THE PINNACLE ON ADELAIDE,Indoor Pool,2025-04-08,THE PINNACLE ON ADELAIDE,Pass,2,2,0,0,2
THE PINNACLE ON ADELAIDE,Indoor Pool,2025-09-15,THE PINNACLE ON ADELAIDE,Pass,0,0,0,0,0
THE PINNACLE ON ADELAIDE,Indoor Pool,2026-02-19,THE PINNACLE ON ADELAIDE,Pass,1,1,0,0,1
THE PINNACLE ON ADELAIDE,Spa Indoor,2024-07-12,THE PINNACLE ON ADELAIDE,Pass,1,1,0,0,1
THE PINNACLE ON ADELAIDE,Spa Indoor,2024-10-01,THE PINNACLE ON ADELAIDE,Conditional Pass,2,1,1,0,2
THE PINNACLE ON ADELAIDE,Spa Indoor,2024-10-07,THE PINNACLE ON ADELAIDE,Pass,0,0,0,0,0
THE PINNACLE ON ADELAIDE,Spa Indoor,2025-01-24,THE PINNACLE ON ADELAIDE,Pass,0,0,0,0,0
THE PINNACLE ON ADELAIDE,Spa Indoor,2025-04-08,THE PINNACLE ON ADELAIDE,Conditional Pass,2,1,0,1,2
THE PINNACLE ON ADELAIDE,Spa Indoor,2025-04-09,THE PINNACLE ON ADELAIDE,Pass,0,0,0,0,0
THE PINNACLE ON ADELAIDE,Spa Indoor,2025-09-15,THE PINNACLE ON ADELAIDE,Conditional Pass,4,1,1,2,2
THE PINNACLE ON ADELAIDE,Spa Indoor,2025-09-22,THE PINNACLE ON ADELAIDE,Pass,1,1,0,0,1
THE PINNACLE ON ADELAIDE,Spa Indoor,2026-02-19,THE PINNACLE ON ADELAIDE,Pass,0,0,0,0,0
THE PINNACLE ON ADELAIDE,Spa Indoor,2026-05-11,THE PINNACLE ON ADELAIDE,Pass,0,0,0,0,0
THE PINNACLE ON ADELAIDE,Spa Indoor,2026-09-18,THE PINNACLE ON ADELAIDE,Pass,0,0,0,0,0
THE PLATEAU POOL (15 & 25 CANYON),Outdoor Pool,2025-07-24,15 CANYON AVE,Pass,2,2,0,0,1
THE REPUBLIC  PHASE #1,Spa Indoor,2024-09-18,THE REPUBLIC  PHASE #1,Pass,2,2,0,0,2
THE REPUBLIC  PHASE #1,Spa Indoor,2025-01-07,THE REPUBLIC  PHASE #1,Pass,4,4,0,0,2
THE REPUBLIC  PHASE #1,Spa Indoor,2025-04-07,THE REPUBLIC  PHASE #1,Conditional Pass,3,1,1,1,3
THE REPUBLIC  PHASE #1,Spa Indoor,2025-04-08,THE REPUBLIC  PHASE #1,Pass,0,0,0,0,0
THE REPUBLIC  PHASE #1,Spa Indoor,2025-08-19,THE REPUBLIC  PHASE #1,Pass,0,0,0,0,0
THE REPUBLIC  PHASE #1,Spa Indoor,2025-10-30,THE REPUBLIC  PHASE #1,Pass,0,0,0,0,0
THE REPUBLIC  PHASE #1,Spa Indoor,2026-01-16,THE REPUBLIC  PHASE #1,Pass,3,3,0,0,1
THE REPUBLIC  PHASE #1,Spa Indoor,2026-05-04,THE REPUBLIC  PHASE #1,Pass,0,0,0,0,0
THE RESIDENCE AT 110,Indoor Pool,2024-08-06,THE RESIDENTS AT 110,Pass,0,0,0,0,0
THE RESIDENCE AT 110,Indoor Pool,2024-11-04,THE RESIDENTS AT 110,Pass,1,1,0,0,1
THE RESIDENCE AT 110,Indoor Pool,2025-01-28,THE RESIDENTS AT 110,Pass,0,0,0,0,0
THE RESIDENCE AT 110,Indoor Pool,2025-04-28,THE RESIDENTS AT 110,Pass,0,0,0,0,0
THE RESIDENCE AT 110,Indoor Pool,2025-07-29,THE RESIDENTS AT 110,Pass,0,0,0,0,0
THE RESIDENCE AT 110,Indoor Pool,2025-10-29,THE RESIDENTS AT 110,Pass,0,0,0,0,0
THE RESIDENCE AT 110,Indoor Pool,2026-02-27,THE RESIDENTS AT 110,Pass,0,0,0,0,0
THE RESIDENCE AT 110,Indoor Pool,2026-05-29,THE RESIDENTS AT 110,Pass,0,0,0,0,0
THE RESIDENCE AT WESTON,Outdoor Pool,2024-07-25,KINGSQUARE PROPERTIES,Pass,3,3,0,0,3
THE RESIDENCE AT WESTON,Outdoor Pool,2025-07-28,KINGSQUARE PROPERTIES,Conditional Pass,6,3,0,3,4
THE RESIDENCE AT WESTON,Outdoor Pool,2025-08-01,KINGSQUARE PROPERTIES,Pass,1,1,0,0,1
THE RESIDENCE OF 4 LOWTHER,Indoor Pool,2024-07-24,THE RESIDENCE OF 4 LOWTHER,Pass,0,0,0,0,0
THE RESIDENCE OF 4 LOWTHER,Indoor Pool,2024-10-24,THE RESIDENCE OF 4 LOWTHER,Pass,0,0,0,0,0
THE RESIDENCE OF 4 LOWTHER,Indoor Pool,2025-01-20,THE RESIDENCE OF 4 LOWTHER,Pass,0,0,0,0,0
THE RESIDENCE OF 4 LOWTHER,Indoor Pool,2025-04-11,THE RESIDENCE OF 4 LOWTHER,Pass,0,0,0,0,0
THE RESIDENCE OF 4 LOWTHER,Indoor Pool,2025-07-21,THE RESIDENCE OF 4 LOWTHER,Pass,0,0,0,0,0
THE RESIDENCE OF 4 LOWTHER,Indoor Pool,2025-10-20,THE RESIDENCE OF 4 LOWTHER,Pass,0,0,0,0,0
THE RESIDENCE OF 4 LOWTHER,Indoor Pool,2026-01-13,THE RESIDENCE OF 4 LOWTHER,Pass,0,0,0,0,0
THE RESIDENCE OF 4 LOWTHER,Indoor Pool,2026-04-15,THE RESIDENCE OF 4 LOWTHER,Pass,0,0,0,0,0
THE RESIDENCE OF 4 LOWTHER,Indoor Pool,2026-07-16,THE RESIDENCE OF 4 LOWTHER,Pass,0,0,0,0,0
THE RESIDENCE OF MADISON OUTDOOR POOL,Outdoor Pool,2025-07-22,THE RESIDENCES OF MADISON,Pass,1,1,0,0,1
THE RESIDENCE OF MADISON OUTDOOR POOL,Outdoor Pool,2026-07-30,THE RESIDENCES OF MADISON,Pass,0,0,0,0,0
THE RESIDENCE OF MUIR PARK,Indoor Pool,2024-09-17,THE RESIDENCE OF MUIR PARK,Pass,1,1,0,0,1
THE RESIDENCE OF MUIR PARK,Indoor Pool,2024-11-18,THE RESIDENCE OF MUIR PARK,Pass,1,1,0,0,1
THE RESIDENCE OF MUIR PARK,Indoor Pool,2025-02-12,THE RESIDENCE OF MUIR PARK,Pass,0,0,0,0,0
THE RESIDENCE OF MUIR PARK,Indoor Pool,2025-05-06,THE RESIDENCE OF MUIR PARK,Pass,0,0,0,0,0
THE RESIDENCE OF MUIR PARK,Indoor Pool,2025-10-02,THE RESIDENCE OF MUIR PARK,Pass,0,0,0,0,0
THE RESIDENCE OF MUIR PARK,Indoor Pool,2026-01-27,THE RESIDENCE OF MUIR PARK,Pass,1,0,1,0,1
THE RESIDENCE OF MUIR PARK,Indoor Pool,2026-04-14,THE RESIDENCE OF MUIR PARK,Pass,0,0,0,0,0
THE RESIDENCE OF MUIR PARK,Indoor Pool,2026-07-28,THE RESIDENCE OF MUIR PARK,Pass,0,0,0,0,0
THE RESIDENCES OF COLLEGE PARK 2,Indoor Pool,2024-08-21,THE RESIDENCES OF COLLEGE PARK 2,Pass,0,0,0,0,0
THE RESIDENCES OF COLLEGE PARK 2,Indoor Pool,2024-11-14,THE RESIDENCES OF COLLEGE PARK 2,Pass,0,0,0,0,0
THE RESIDENCES OF COLLEGE PARK 2,Indoor Pool,2025-02-03,THE RESIDENCES OF COLLEGE PARK 2,Conditional Pass,6,2,0,4,3
THE RESIDENCES OF COLLEGE PARK 2,Indoor Pool,2025-02-07,THE RESIDENCES OF COLLEGE PARK 2,Pass,0,0,0,0,0
THE RESIDENCES OF COLLEGE PARK 2,Indoor Pool,2025-04-25,THE RESIDENCES OF COLLEGE PARK 2,Pass,0,0,0,0,0
THE RESIDENCES OF COLLEGE PARK 2,Indoor Pool,2025-10-16,THE RESIDENCES OF COLLEGE PARK 2,Pass,1,1,0,0,1
THE RESIDENCES OF COLLEGE PARK 2,Indoor Pool,2026-03-10,THE RESIDENCES OF COLLEGE PARK 2,Conditional Pass,3,2,0,1,2
THE RESIDENCES OF COLLEGE PARK 2,Indoor Pool,2026-04-16,THE RESIDENCES OF COLLEGE PARK 2,Pass,1,1,0,0,1
THE RESIDENCES OF COLLEGE PARK 2,Indoor Pool,2026-05-27,THE RESIDENCES OF COLLEGE PARK 2,Pass,0,0,0,0,0
THE RESIDENCES OF COLLEGE PARK 2,Spa Indoor,2025-02-03,THE RESIDENCES OF COLLEGE PARK 2,Conditional Pass,2,1,0,1,1
THE RESIDENCES OF COLLEGE PARK 2,Spa Indoor,2025-10-16,THE RESIDENCES OF COLLEGE PARK 2,Pass,0,0,0,0,0
THE RESIDENCES OF COLLEGE PARK 2,Spa Indoor,2026-03-10,THE RESIDENCES OF COLLEGE PARK 2,Conditional Pass,1,0,0,1,1
THE RESIDENCES OF COLLEGE PARK 2,Spa Indoor,2026-04-16,THE RESIDENCES OF COLLEGE PARK 2,Closed,2,0,0,2,2
THE RESIDENCES OF EDENBRIDGE ON THE KINGSWAY,Spa Indoor,2025-12-22,RESIDENCES OF EDENBRIDGE ON THE KINGSWAY,Pass,0,0,0,0,0
THE RESIDENCES OF EDENBRIDGE ON THE KINGSWAY,Spa Indoor,2026-03-27,RESIDENCES OF EDENBRIDGE ON THE KINGSWAY,Pass,0,0,0,0,0
THE RESIDENCES OF EDENBRIDGE ON THE KINGSWAY,Spa Indoor,2026-06-11,RESIDENCES OF EDENBRIDGE ON THE KINGSWAY,Conditional Pass,4,1,2,1,3
THE RESIDENCES OF EDENBRIDGE ON THE KINGSWAY,Spa Indoor,2026-07-20,RESIDENCES OF EDENBRIDGE ON THE KINGSWAY,Pass,0,0,0,0,0
THE RESIDENCES OF THE WELL - TOWER C OUTDOOR POOL,Outdoor Pool,2024-09-05,THE RESIDENCES OF THE WELL - TOWER C OUTDOOR POOL,Pass,0,0,0,0,0
THE RESIDENCES OF THE WELL - TOWER C OUTDOOR POOL,Outdoor Pool,2025-07-16,THE RESIDENCES OF THE WELL - TOWER C OUTDOOR POOL,Pass,0,0,0,0,0
THE RESIDENCES OF THE WELL - TOWER C OUTDOOR POOL,Outdoor Pool,2026-08-04,THE RESIDENCES OF THE WELL - TOWER C OUTDOOR POOL,Pass,0,0,0,0,0
THE RESIDENCES ON BAY,Indoor Pool,2024-07-29,THE RESIDENCES ON BAY,Pass,0,0,0,0,0
THE RESIDENCES ON BAY,Indoor Pool,2024-09-10,THE RESIDENCES ON BAY,Pass,0,0,0,0,0
THE RESIDENCES ON BAY,Indoor Pool,2024-12-13,THE RESIDENCES ON BAY,Pass,1,1,0,0,1
THE RESIDENCES ON BAY,Indoor Pool,2025-03-11,THE RESIDENCES ON BAY,Pass,3,3,0,0,2
THE RESIDENCES ON BAY,Indoor Pool,2025-06-09,THE RESIDENCES ON BAY,Pass,5,5,0,0,2
THE RESIDENCES ON BAY,Indoor Pool,2025-11-24,THE RESIDENCES ON BAY,Pass,2,2,0,0,1
THE RESIDENCES ON BAY,Indoor Pool,2026-03-04,THE RESIDENCES ON BAY,Pass,1,1,0,0,1
THE RESIDENCES ON BAY,Indoor Pool,2026-06-10,THE RESIDENCES ON BAY,Pass,0,0,0,0,0
THE RICHMOND,Spa Indoor,2024-09-24,THE RICHMOND,Pass,0,0,0,0,0
THE RICHMOND,Spa Indoor,2024-11-21,THE RICHMOND,Pass,0,0,0,0,0
THE RICHMOND,Spa Indoor,2025-03-05,THE RICHMOND,Pass,0,0,0,0,0
THE RICHMOND,Spa Indoor,2025-06-19,THE RICHMOND,Pass,0,0,0,0,0
THE RICHMOND,Spa Indoor,2025-09-22,THE RICHMOND,Pass,0,0,0,0,0
THE RICHMOND,Spa Indoor,2026-01-08,THE RICHMOND,Conditional Pass,1,0,0,1,1
THE RICHMOND,Spa Indoor,2026-01-19,THE RICHMOND,Conditional Pass,1,0,0,1,1
THE RICHMOND,Spa Indoor,2026-02-25,THE RICHMOND,Pass,0,0,0,0,0
THE RICHMOND,Spa Indoor,2026-06-11,THE RICHMOND,Pass,0,0,0,0,0
THE RICHMOND,Spa Indoor,2026-09-25,THE RICHMOND,Pass,0,0,0,0,0
THE RICHMOND,Spa Outdoor,2024-07-11,THE RICHMOND,Pass,0,0,0,0,0
THE RICHMOND,Spa Outdoor,2025-06-04,THE RICHMOND,Conditional Pass,4,2,1,1,2
THE ROYAL APTS POOL,Outdoor Pool,2024-08-20,THE ROYAL APTS,Pass,5,4,1,0,5
THE ROYAL APTS POOL,Outdoor Pool,2025-07-18,THE ROYAL APTS,Closed,10,3,2,5,6
THE ROYAL APTS POOL,Outdoor Pool,2025-07-23,THE ROYAL APTS,Pass,0,0,0,0,0
THE ROYAL APTS POOL,Outdoor Pool,2026-08-24,THE ROYAL APTS,Pass,5,5,0,0,4
THE SAVOY POOL,Indoor Pool,2024-08-01,THE SAVOY,Conditional Pass,2,1,0,1,1
THE SAVOY POOL,Indoor Pool,2024-09-25,THE SAVOY,Pass,0,0,0,0,0
THE SAVOY POOL,Indoor Pool,2024-10-31,THE SAVOY,Pass,0,0,0,0,0
THE SAVOY POOL,Indoor Pool,2025-01-06,THE SAVOY,Pass,1,1,0,0,1
THE SAVOY POOL,Indoor Pool,2025-04-01,THE SAVOY,Pass,0,0,0,0,0
THE SAVOY POOL,Indoor Pool,2025-08-19,THE SAVOY,Pass,0,0,0,0,0
THE SAVOY POOL,Indoor Pool,2025-11-10,THE SAVOY,Pass,2,2,0,0,2
THE SAVOY POOL,Indoor Pool,2026-01-20,THE SAVOY,Pass,1,1,0,0,1
THE SAVOY POOL,Indoor Pool,2026-04-28,THE SAVOY,Pass,0,0,0,0,0
THE SAVOY POOL,Indoor Pool,2026-09-25,THE SAVOY,Pass,1,1,0,0,1
THE SAVOY SPA,Spa Indoor,2024-08-01,THE SAVOY,Conditional Pass,2,1,0,1,2
THE SAVOY SPA,Spa Indoor,2024-09-17,THE SAVOY,Pass,0,0,0,0,0
THE SAVOY SPA,Spa Indoor,2024-10-31,THE SAVOY,Pass,1,1,0,0,1
THE SAVOY SPA,Spa Indoor,2025-01-06,THE SAVOY,Pass,2,2,0,0,2
THE SAVOY SPA,Spa Indoor,2025-04-01,THE SAVOY,Pass,0,0,0,0,0
THE SAVOY SPA,Spa Indoor,2025-08-19,THE SAVOY,Pass,5,5,0,0,4
THE SAVOY SPA,Spa Indoor,2025-11-10,THE SAVOY,Pass,2,2,0,0,2
THE SAVOY SPA,Spa Indoor,2026-01-20,THE SAVOY,Pass,3,3,0,0,3
THE SAVOY SPA,Spa Indoor,2026-04-28,THE SAVOY,Pass,0,0,0,0,0
THE SAVOY SPA,Spa Indoor,2026-09-25,THE SAVOY,Pass,1,1,0,0,1
THE SELBY-POOL,Outdoor Pool,2025-07-31,THE SELBY- POOL,Pass,6,6,0,0,2
THE SELBY-POOL,Outdoor Pool,2026-09-15,THE SELBY- POOL,Pass,9,9,0,0,3
THE SPA AT THE ELMWOOD - 3RD FLOOR,Spa Indoor,2024-09-25,ELMWOOD SPA,Pass,0,0,0,0,0
THE SPA AT THE ELMWOOD - 3RD FLOOR,Spa Indoor,2024-12-05,ELMWOOD SPA,Pass,0,0,0,0,0
THE SPA AT THE ELMWOOD - 3RD FLOOR,Spa Indoor,2025-03-26,ELMWOOD SPA,Pass,0,0,0,0,0
THE SPA AT THE ELMWOOD - 3RD FLOOR,Spa Indoor,2025-06-24,ELMWOOD SPA,Pass,0,0,0,0,0
THE SPA AT THE ELMWOOD - 3RD FLOOR,Spa Indoor,2026-04-17,ELMWOOD SPA,Conditional Pass,2,1,0,1,2
THE SPA AT THE ELMWOOD - 3RD FLOOR,Spa Indoor,2026-08-12,ELMWOOD SPA,Pass,0,0,0,0,0
THE SPOKE OUTDOOR POOL,Outdoor Pool,2026-06-12,THE SPOKE OUTDOOR POOL,Pass,0,0,0,0,0
THE SPOKE OUTDOOR POOL,Outdoor Pool,2026-09-08,THE SPOKE OUTDOOR POOL,Pass,2,2,0,0,1
THE STATION CONDO,Indoor Pool,2024-09-06,THE STATION CONDO,Conditional Pass,1,0,0,1,1
THE STATION CONDO,Indoor Pool,2024-09-19,THE STATION CONDO,Pass,0,0,0,0,0
THE STATION CONDO,Indoor Pool,2024-10-30,THE STATION CONDO,Pass,1,1,0,0,1
THE STATION CONDO,Indoor Pool,2025-01-24,THE STATION CONDO,Pass,1,1,0,0,1
THE STATION CONDO,Indoor Pool,2025-04-29,THE STATION CONDO,Pass,0,0,0,0,0
THE STATION CONDO,Indoor Pool,2025-09-29,THE STATION CONDO,Pass,3,3,0,0,2
THE STATION CONDO,Indoor Pool,2025-12-01,THE STATION CONDO,Pass,4,4,0,0,3
THE STATION CONDO,Indoor Pool,2026-05-26,THE STATION CONDO,Pass,0,0,0,0,0
THE SUMMERHILL - INDOOR,Indoor Pool,2024-10-03,THE SUMMERHILL,Conditional Pass,1,0,1,0,1
THE SUMMERHILL - INDOOR,Indoor Pool,2024-10-25,THE SUMMERHILL,Pass,1,1,0,0,1
THE SUMMERHILL - INDOOR,Indoor Pool,2025-03-25,THE SUMMERHILL,Pass,3,3,0,0,3
THE SUMMERHILL - INDOOR,Indoor Pool,2026-03-30,THE SUMMERHILL,Pass,2,2,0,0,2
THE SUMMERHILL - INDOOR,Indoor Pool,2026-06-30,THE SUMMERHILL,Pass,5,5,0,0,4
THE SUTTON PLACE HOTEL,Indoor Pool,2024-09-20,THE SUTTON PLACE HOTEL,Pass,0,0,0,0,0
THE SUTTON PLACE HOTEL,Indoor Pool,2024-12-31,THE SUTTON PLACE HOTEL,Closed,6,1,2,3,4
THE SUTTON PLACE HOTEL,Indoor Pool,2025-01-06,THE SUTTON PLACE HOTEL,Pass,0,0,0,0,0
THE SUTTON PLACE HOTEL,Indoor Pool,2025-04-03,THE SUTTON PLACE HOTEL,Pass,0,0,0,0,0
THE SUTTON PLACE HOTEL,Indoor Pool,2025-09-05,THE SUTTON PLACE HOTEL,Conditional Pass,3,0,1,2,2
THE SUTTON PLACE HOTEL,Indoor Pool,2025-09-22,THE SUTTON PLACE HOTEL,Pass,0,0,0,0,0
THE SUTTON PLACE HOTEL,Indoor Pool,2026-03-05,THE SUTTON PLACE HOTEL,Pass,0,0,0,0,0
THE SUTTON PLACE HOTEL,Indoor Pool,2026-06-11,THE SUTTON PLACE HOTEL,Pass,0,0,0,0,0
THE TAPESTRY,Indoor Pool,2024-07-26,THE TAPESTRY,Pass,1,1,0,0,1
THE TAPESTRY,Indoor Pool,2024-12-23,THE TAPESTRY,Pass,2,2,0,0,2
THE TAPESTRY,Indoor Pool,2025-03-07,THE TAPESTRY,Pass,2,1,1,0,2
THE TAPESTRY,Indoor Pool,2025-05-01,THE TAPESTRY,Pass,0,0,0,0,0
THE TAPESTRY,Indoor Pool,2026-01-07,THE TAPESTRY,Pass,1,0,1,0,1
THE TAPESTRY,Indoor Pool,2026-05-08,THE TAPESTRY,Conditional Pass,3,1,2,0,2
THE TAPESTRY,Indoor Pool,2026-05-15,THE TAPESTRY,Pass,1,1,0,0,1
THE TAPESTRY SPA,Spa Indoor,2024-07-26,THE TAPESTRY,Pass,0,0,0,0,0
THE TAPESTRY SPA,Spa Indoor,2024-12-23,THE TAPESTRY,Pass,0,0,0,0,0
THE TAPESTRY SPA,Spa Indoor,2025-03-12,THE TAPESTRY,Pass,0,0,0,0,0
THE TAPESTRY SPA,Spa Indoor,2025-03-13,THE TAPESTRY,Pass,0,0,0,0,0
THE TAPESTRY SPA,Spa Indoor,2025-05-01,THE TAPESTRY,Pass,0,0,0,0,0
THE TAPESTRY SPA,Spa Indoor,2026-01-08,THE TAPESTRY,Pass,0,0,0,0,0
THE TAPESTRY SPA,Spa Indoor,2026-05-08,THE TAPESTRY,Pass,0,0,0,0,0
THE TAPESTRY SPA,Spa Indoor,2026-05-15,THE TAPESTRY,Conditional Pass,4,2,1,1,2
THE TAPESTRY SPA,Spa Indoor,2026-05-22,THE TAPESTRY,Pass,0,0,0,0,0
THE TAYLOR,Outdoor Pool,2024-09-06,THE TAYLOR,Pass,0,0,0,0,0
THE TERRACES OF OLD MILL,Indoor Pool,2024-09-16,THE TERRACES OF OLD MILL,Pass,0,0,0,0,0
THE TERRACES OF OLD MILL,Indoor Pool,2024-12-09,THE TERRACES OF OLD MILL,Pass,0,0,0,0,0
THE TERRACES OF OLD MILL,Indoor Pool,2025-03-20,THE TERRACES OF OLD MILL,Closed,2,0,0,2,2
THE TERRACES OF OLD MILL,Indoor Pool,2025-03-21,THE TERRACES OF OLD MILL,Pass,0,0,0,0,0
THE TERRACES OF OLD MILL,Indoor Pool,2025-06-27,THE TERRACES OF OLD MILL,Pass,5,4,1,0,4
THE TERRACES OF OLD MILL,Indoor Pool,2025-10-17,THE TERRACES OF OLD MILL,Pass,0,0,0,0,0
THE TERRACES OF OLD MILL,Indoor Pool,2026-01-20,THE TERRACES OF OLD MILL,Pass,0,0,0,0,0
THE TERRACES OF OLD MILL,Indoor Pool,2026-06-12,THE TERRACES OF OLD MILL,Pass,3,1,2,0,2
THE TERRACES OF OLD MILL,Indoor Pool,2026-08-28,THE TERRACES OF OLD MILL,Pass,1,0,1,0,1
THE TERRACES OF OLD MILL,Spa Indoor,2025-03-25,THE TERRACES OF OLD MILL,Conditional Pass,1,0,0,1,1
THE TERRACES OF OLD MILL,Spa Indoor,2025-04-02,THE TERRACES OF OLD MILL,Pass,0,0,0,0,0
THE TERRACES OF OLD MILL,Spa Indoor,2026-06-12,THE TERRACES OF OLD MILL,Pass,3,1,2,0,2
THE TERRACES OF OLD MILL,Spa Indoor,2026-08-28,THE TERRACES OF OLD MILL,Pass,1,0,1,0,1
THE U OF T ATHLETIC CENTRE,Indoor Pool,2024-08-29,THE UNIVERSITY OF TORONTO ATHLETIC CENTRE,Pass,0,0,0,0,0
THE U OF T ATHLETIC CENTRE,Indoor Pool,2024-12-09,THE UNIVERSITY OF TORONTO ATHLETIC CENTRE,Conditional Pass,2,1,1,0,1
THE U OF T ATHLETIC CENTRE,Indoor Pool,2025-01-29,THE UNIVERSITY OF TORONTO ATHLETIC CENTRE,Pass,0,0,0,0,0
THE U OF T ATHLETIC CENTRE,Indoor Pool,2025-04-22,THE UNIVERSITY OF TORONTO ATHLETIC CENTRE,Pass,0,0,0,0,0
THE U OF T ATHLETIC CENTRE,Indoor Pool,2025-07-25,THE UNIVERSITY OF TORONTO ATHLETIC CENTRE,Pass,0,0,0,0,0
THE U OF T ATHLETIC CENTRE,Indoor Pool,2025-10-27,THE UNIVERSITY OF TORONTO ATHLETIC CENTRE,Pass,0,0,0,0,0
THE U OF T ATHLETIC CENTRE,Indoor Pool,2026-01-22,THE UNIVERSITY OF TORONTO ATHLETIC CENTRE,Pass,0,0,0,0,0
THE U OF T ATHLETIC CENTRE,Indoor Pool,2026-04-21,THE UNIVERSITY OF TORONTO ATHLETIC CENTRE,Pass,0,0,0,0,0
THE U OF T ATHLETIC CENTRE,Indoor Pool,2026-07-29,THE UNIVERSITY OF TORONTO ATHLETIC CENTRE,Pass,0,0,0,0,0
THE U OF T ATHLETIC CENTRE - TRAINING POOL,Indoor Pool,2024-08-29,THE UNIVERSITY OF TORONTO ATHLETIC CENTRE,Pass,0,0,0,0,0
THE U OF T ATHLETIC CENTRE - TRAINING POOL,Indoor Pool,2024-12-09,THE UNIVERSITY OF TORONTO ATHLETIC CENTRE,Conditional Pass,1,0,1,0,1
THE U OF T ATHLETIC CENTRE - TRAINING POOL,Indoor Pool,2025-01-29,THE UNIVERSITY OF TORONTO ATHLETIC CENTRE,Pass,0,0,0,0,0
THE U OF T ATHLETIC CENTRE - TRAINING POOL,Indoor Pool,2025-04-22,THE UNIVERSITY OF TORONTO ATHLETIC CENTRE,Pass,0,0,0,0,0
THE U OF T ATHLETIC CENTRE - TRAINING POOL,Indoor Pool,2025-07-25,THE UNIVERSITY OF TORONTO ATHLETIC CENTRE,Pass,0,0,0,0,0
THE U OF T ATHLETIC CENTRE - TRAINING POOL,Indoor Pool,2025-10-27,THE UNIVERSITY OF TORONTO ATHLETIC CENTRE,Pass,0,0,0,0,0
THE U OF T ATHLETIC CENTRE - TRAINING POOL,Indoor Pool,2026-01-22,THE UNIVERSITY OF TORONTO ATHLETIC CENTRE,Pass,0,0,0,0,0
THE U OF T ATHLETIC CENTRE - TRAINING POOL,Indoor Pool,2026-04-21,THE UNIVERSITY OF TORONTO ATHLETIC CENTRE,Pass,0,0,0,0,0
THE U OF T ATHLETIC CENTRE - TRAINING POOL,Indoor Pool,2026-07-29,THE UNIVERSITY OF TORONTO ATHLETIC CENTRE,Pass,0,0,0,0,0
THE U OF T ATHLETIC CENTRE 25 YARD POOL,Indoor Pool,2024-08-29,THE UNIVERSITY OF TORONTO ATHLETIC CENTRE,Pass,0,0,0,0,0
THE U OF T ATHLETIC CENTRE 25 YARD POOL,Indoor Pool,2024-12-09,THE UNIVERSITY OF TORONTO ATHLETIC CENTRE,Conditional Pass,1,0,1,0,1
THE U OF T ATHLETIC CENTRE 25 YARD POOL,Indoor Pool,2025-01-29,THE UNIVERSITY OF TORONTO ATHLETIC CENTRE,Pass,0,0,0,0,0
THE U OF T ATHLETIC CENTRE 25 YARD POOL,Indoor Pool,2025-04-24,THE UNIVERSITY OF TORONTO ATHLETIC CENTRE,Pass,0,0,0,0,0
THE U OF T ATHLETIC CENTRE 25 YARD POOL,Indoor Pool,2025-07-28,THE UNIVERSITY OF TORONTO ATHLETIC CENTRE,Pass,0,0,0,0,0
THE U OF T ATHLETIC CENTRE 25 YARD POOL,Indoor Pool,2025-11-13,THE UNIVERSITY OF TORONTO ATHLETIC CENTRE,Pass,0,0,0,0,0
THE U OF T ATHLETIC CENTRE 25 YARD POOL,Indoor Pool,2026-01-27,THE UNIVERSITY OF TORONTO ATHLETIC CENTRE,Pass,0,0,0,0,0
THE U OF T ATHLETIC CENTRE 25 YARD POOL,Indoor Pool,2026-04-23,THE UNIVERSITY OF TORONTO ATHLETIC CENTRE,Pass,0,0,0,0,0
THE U OF T ATHLETIC CENTRE 25 YARD POOL,Indoor Pool,2026-08-04,THE UNIVERSITY OF TORONTO ATHLETIC CENTRE,Pass,0,0,0,0,0
THE VILLAGE TERRACE OUTDOOR POOL,Outdoor Pool,2025-05-08,THE VILLAGE TERRACE,Pass,3,2,1,0,3
THE VILLAGE TERRACE OUTDOOR POOL,Outdoor Pool,2025-07-14,THE VILLAGE TERRACE,Pass,1,1,0,0,1
THE VILLAGE TERRACE OUTDOOR POOL,Outdoor Pool,2026-06-23,THE VILLAGE TERRACE,Conditional Pass,10,8,1,1,5
THE VILLAGE TERRACE OUTDOOR POOL,Outdoor Pool,2026-08-19,THE VILLAGE TERRACE,Pass,2,2,0,0,2
THE WATERFORD - TOWERS B/C,Spa Indoor,2024-09-11,THE WATERFORD - TOWERS B/C,Pass,0,0,0,0,0
THE WATERFORD - TOWERS B/C,Spa Indoor,2024-12-11,THE WATERFORD - TOWERS B/C,Pass,0,0,0,0,0
THE WATERFORD - TOWERS B/C,Spa Indoor,2025-02-03,THE WATERFORD - TOWERS B/C,Pass,0,0,0,0,0
THE WATERFORD - TOWERS B/C,Spa Indoor,2025-12-22,THE WATERFORD - TOWERS B/C,Pass,0,0,0,0,0
THE WATERFORD - TOWERS B/C,Spa Indoor,2026-03-27,THE WATERFORD - TOWERS B/C,Pass,0,0,0,0,0
THE WATERFORD - TOWERS B/C,Spa Indoor,2026-05-28,THE WATERFORD - TOWERS B/C,Pass,0,0,0,0,0
THE WATERFORD - TOWERS B/C,Spa Indoor,2026-07-21,THE WATERFORD - TOWERS B/C,Pass,0,0,0,0,0
THE WATERFORD TOWER A,Spa Indoor,2024-09-11,"THE WATERFORD TOWER ""A""",Pass,0,0,0,0,0
THE WATERFORD TOWER A,Spa Indoor,2024-12-11,"THE WATERFORD TOWER ""A""",Pass,0,0,0,0,0
THE WATERFORD TOWER A,Spa Indoor,2025-02-03,"THE WATERFORD TOWER ""A""",Pass,0,0,0,0,0
THE WATERFORD TOWER A,Spa Indoor,2025-05-08,"THE WATERFORD TOWER ""A""",Pass,0,0,0,0,0
THE WATERFORD TOWER A,Spa Indoor,2025-09-22,"THE WATERFORD TOWER ""A""",Pass,0,0,0,0,0
THE WATERFORD TOWER A,Spa Indoor,2025-12-22,"THE WATERFORD TOWER ""A""",Pass,0,0,0,0,0
THE WATERFORD TOWER A,Spa Indoor,2026-03-18,"THE WATERFORD TOWER ""A""",Pass,0,0,0,0,0
THE WATERFORD TOWER A,Spa Indoor,2026-05-28,"THE WATERFORD TOWER ""A""",Pass,0,0,0,0,0
THE WATERFORD TOWER A,Spa Indoor,2026-07-21,"THE WATERFORD TOWER ""A""",Pass,0,0,0,0,0
THE WAVERLY,Outdoor Pool,2024-09-18,THE WAVERLY,Pass,1,1,0,0,1
THE WAVERLY,Outdoor Pool,2025-06-09,THE WAVERLY,Pass,1,1,0,0,1
THE WAVERLY,Outdoor Pool,2025-09-08,THE WAVERLY,Pass,1,1,0,0,1
THE WAVERLY,Outdoor Pool,2026-06-15,THE WAVERLY,Pass,2,2,0,0,2
THE WELLNESS CENTRE (SOUTH SIDE),Spa Indoor,2024-08-16,THE WELLNESS CENTRE,Pass,1,1,0,0,1
THE WELLNESS CENTRE (SOUTH SIDE),Spa Indoor,2024-12-05,THE WELLNESS CENTRE,Pass,1,0,1,0,1
THE WELLNESS CENTRE (SOUTH SIDE),Spa Indoor,2025-02-06,THE WELLNESS CENTRE,Pass,1,0,1,0,1
THE WELLNESS CENTRE (SOUTH SIDE),Spa Indoor,2025-04-17,THE WELLNESS CENTRE,Pass,0,0,0,0,0
THE WELLNESS CENTRE (SOUTH SIDE),Spa Indoor,2025-08-08,THE WELLNESS CENTRE,Pass,0,0,0,0,0
THE WELLNESS CENTRE (SOUTH SIDE),Spa Indoor,2025-11-05,THE WELLNESS CENTRE,Pass,0,0,0,0,0
THE WELLNESS CENTRE (SOUTH SIDE),Spa Indoor,2026-02-13,THE WELLNESS CENTRE,Pass,0,0,0,0,0
THE WELLNESS CENTRE (SOUTH SIDE),Spa Indoor,2026-05-01,THE WELLNESS CENTRE,Pass,0,0,0,0,0
THE WHITNEY ON REDPATH,Outdoor Pool,2024-08-21,THE WHITNEY ON REDPATH,Pass,0,0,0,0,0
THE WHITNEY ON REDPATH,Outdoor Pool,2025-05-21,THE WHITNEY ON REDPATH,Pass,1,1,0,0,1
THE WHITNEY ON REDPATH,Outdoor Pool,2025-09-02,THE WHITNEY ON REDPATH,Pass,2,2,0,0,2
THE WHITNEY ON REDPATH,Outdoor Pool,2026-06-22,THE WHITNEY ON REDPATH,Closed,10,6,0,4,5
THE WHITNEY ON REDPATH,Outdoor Pool,2026-06-24,THE WHITNEY ON REDPATH,Pass,0,0,0,0,0
THE WINSTON HOUSE POOL,Indoor Pool,2025-10-22,THE WINSTON HOUSE,Pass,0,0,0,0,0
THE WINSTON HOUSE POOL,Indoor Pool,2026-01-30,THE WINSTON HOUSE,Pass,0,0,0,0,0
THE WINSTON HOUSE POOL,Indoor Pool,2026-04-10,THE WINSTON HOUSE,Pass,0,0,0,0,0
THE WINSTON HOUSE POOL,Indoor Pool,2026-07-07,THE WINSTON HOUSE,Pass,0,0,0,0,0
THE YORKVILLE,Spa Indoor,2024-08-06,THE YORKVILLE,Pass,1,0,1,0,1
THE YORKVILLE,Spa Indoor,2024-11-04,THE YORKVILLE,Pass,2,1,1,0,2
THE YORKVILLE,Spa Indoor,2025-02-27,THE YORKVILLE,Pass,0,0,0,0,0
THE YORKVILLE,Spa Indoor,2025-05-28,THE YORKVILLE,Pass,0,0,0,0,0
THE YORKVILLE,Spa Indoor,2025-08-25,THE YORKVILLE,Pass,0,0,0,0,0
THE YORKVILLE,Spa Indoor,2025-11-20,THE YORKVILLE,Pass,0,0,0,0,0
THE YORKVILLE,Spa Indoor,2026-02-20,THE YORKVILLE,Pass,0,0,0,0,0
THE YORKVILLE,Spa Indoor,2026-05-21,THE YORKVILLE,Pass,0,0,0,0,0
THE YORKVILLE ROYAL SONESTA HOTEL,Indoor Pool,2024-08-02,INTERCONTINENTAL HOTEL,Pass,0,0,0,0,0
THE YORKVILLE ROYAL SONESTA HOTEL,Indoor Pool,2024-11-22,INTERCONTINENTAL HOTEL,Conditional Pass,2,1,0,1,2
THE YORKVILLE ROYAL SONESTA HOTEL,Indoor Pool,2025-01-28,INTERCONTINENTAL HOTEL,Pass,0,0,0,0,0
THE YORKVILLE ROYAL SONESTA HOTEL,Indoor Pool,2025-05-01,INTERCONTINENTAL HOTEL,Pass,0,0,0,0,0
THE YORKVILLE ROYAL SONESTA HOTEL,Indoor Pool,2025-07-29,INTERCONTINENTAL HOTEL,Pass,0,0,0,0,0
THE YORKVILLE ROYAL SONESTA HOTEL,Indoor Pool,2025-10-29,INTERCONTINENTAL HOTEL,Pass,0,0,0,0,0
THE YORKVILLE ROYAL SONESTA HOTEL,Indoor Pool,2026-02-10,INTERCONTINENTAL HOTEL,Pass,0,0,0,0,0
THE YORKVILLE ROYAL SONESTA HOTEL,Indoor Pool,2026-04-27,INTERCONTINENTAL HOTEL,Pass,0,0,0,0,0
THE YORKVILLE ROYAL SONESTA HOTEL,Indoor Pool,2026-07-30,INTERCONTINENTAL HOTEL,Pass,0,0,0,0,0
THEATRE DISTRICT CONDO,Spa Outdoor,2024-08-06,THEATRE DISTRICT CONDO POOL,Pass,0,0,0,0,0
THEATRE DISTRICT CONDO,Spa Outdoor,2026-07-20,THEATRE DISTRICT CONDO POOL,Pass,1,1,0,0,1
THEATRE DISTRICT CONDO POOL,Outdoor Pool,2024-09-03,THEATRE DISTRICT CONDO POOL,Pass,0,0,0,0,0
THEATRE DISTRICT CONDO POOL,Outdoor Pool,2026-08-12,THEATRE DISTRICT CONDO POOL,Pass,0,0,0,0,0
THEATRE PARK,Outdoor Pool,2024-08-26,THEATRE PARK,Pass,1,1,0,0,1
THEATRE PARK,Outdoor Pool,2025-07-17,THEATRE PARK,Pass,1,1,0,0,1
THEATRE PARK,Outdoor Pool,2026-09-24,THEATRE PARK,Pass,1,1,0,0,1
THIRTY SIX ZORRA CONDOS,Outdoor Pool,2025-08-21,THIRTY SIX ZORRA CONDOS  - 36 ZORRA ST,Conditional Pass,2,0,0,2,2
THORNCREST HOMES ASSOCIATION INC.,Outdoor Pool,2024-08-07,THORNCREST HOMES,Pass,1,1,0,0,1
THORNCREST HOMES ASSOCIATION INC.,Outdoor Pool,2025-05-28,THORNCREST HOMES,Closed,6,1,1,4,6
THORNCREST HOMES ASSOCIATION INC.,Outdoor Pool,2025-05-29,THORNCREST HOMES,Pass,0,0,0,0,0
THORNCREST HOMES ASSOCIATION INC.,Outdoor Pool,2026-08-04,THORNCREST HOMES,Pass,2,2,0,0,2
TIME & SPACE CONDO,Outdoor Pool,2025-07-30,TIME & SPACE CONDO,Pass,1,1,0,0,1
TIME & SPACE CONDO,Outdoor Pool,2026-09-14,TIME & SPACE CONDO,Pass,0,0,0,0,0
TIP TOP LOFTS,Spa Indoor,2024-09-11,TIP TOP LOFT,Pass,0,0,0,0,0
TIP TOP LOFTS,Spa Indoor,2024-12-12,TIP TOP LOFT,Pass,0,0,0,0,0
TIP TOP LOFTS,Spa Indoor,2025-03-07,TIP TOP LOFT,Pass,0,0,0,0,0
TIP TOP LOFTS,Spa Indoor,2025-06-09,TIP TOP LOFT,Pass,0,0,0,0,0
TIP TOP LOFTS,Spa Indoor,2025-09-12,TIP TOP LOFT,Conditional Pass,1,0,0,1,1
TIP TOP LOFTS,Spa Indoor,2025-09-24,TIP TOP LOFT,Pass,0,0,0,0,0
TIP TOP LOFTS,Spa Indoor,2025-11-26,TIP TOP LOFT,Pass,0,0,0,0,0
TIP TOP LOFTS,Spa Indoor,2026-03-19,TIP TOP LOFT,Pass,0,0,0,0,0
TIP TOP LOFTS,Spa Indoor,2026-06-19,TIP TOP LOFT,Pass,0,0,0,0,0
TOP OF THE HUMBER,Indoor Pool,2024-10-25,TOP OF THE HUMBER,Pass,0,0,0,0,0
TOP OF THE HUMBER,Indoor Pool,2025-02-05,TOP OF THE HUMBER,Conditional Pass,2,1,0,1,2
TOP OF THE HUMBER,Indoor Pool,2025-02-06,TOP OF THE HUMBER,Pass,0,0,0,0,0
TOP OF THE HUMBER,Indoor Pool,2025-05-26,TOP OF THE HUMBER,Pass,0,0,0,0,0
TOP OF THE HUMBER,Indoor Pool,2025-08-07,TOP OF THE HUMBER,Pass,0,0,0,0,0
TOP OF THE HUMBER,Indoor Pool,2025-11-13,TOP OF THE HUMBER,Pass,0,0,0,0,0
TOP OF THE HUMBER,Indoor Pool,2026-03-02,TOP OF THE HUMBER,Pass,0,0,0,0,0
TOP OF THE HUMBER,Indoor Pool,2026-06-26,TOP OF THE HUMBER,Conditional Pass,4,2,2,0,3
TOP OF THE HUMBER,Indoor Pool,2026-07-17,TOP OF THE HUMBER,Pass,0,0,0,0,0
TOP OF THE HUMBER,Outdoor Pool,2024-07-15,TOP OF THE HUMBER,Conditional Pass,3,2,0,1,2
TOP OF THE HUMBER,Outdoor Pool,2024-07-29,TOP OF THE HUMBER,Pass,1,1,0,0,1
TOP OF THE HUMBER,Outdoor Pool,2025-08-07,TOP OF THE HUMBER,Pass,1,1,0,0,1
TOP OF THE HUMBER,Outdoor Pool,2026-06-26,TOP OF THE HUMBER,Conditional Pass,5,1,2,2,3
TOP OF THE HUMBER,Outdoor Pool,2026-07-17,TOP OF THE HUMBER,Pass,2,2,0,0,2
TORONTO ATHLETIC CLUB,Indoor Pool,2024-07-30,TORONTO ATHLETIC CLUB,Pass,0,0,0,0,0
TORONTO ATHLETIC CLUB,Indoor Pool,2024-11-01,TORONTO ATHLETIC CLUB,Pass,0,0,0,0,0
TORONTO ATHLETIC CLUB,Indoor Pool,2025-03-05,TORONTO ATHLETIC CLUB,Pass,0,0,0,0,0
TORONTO ATHLETIC CLUB,Indoor Pool,2025-04-24,TORONTO ATHLETIC CLUB,Pass,0,0,0,0,0
TORONTO ATHLETIC CLUB,Indoor Pool,2026-01-20,TORONTO ATHLETIC CLUB,Pass,0,0,0,0,0
TORONTO ATHLETIC CLUB,Indoor Pool,2026-04-08,TORONTO ATHLETIC CLUB,Pass,0,0,0,0,0
TORONTO ATHLETIC CLUB,Indoor Pool,2026-08-24,TORONTO ATHLETIC CLUB,Pass,0,0,0,0,0
TORONTO ATHLETIC CLUB - MEN'S SPA,Spa Indoor,2024-09-13,TORONTO ATHLETIC CLUB,Pass,0,0,0,0,0
TORONTO ATHLETIC CLUB - MEN'S SPA,Spa Indoor,2024-12-06,TORONTO ATHLETIC CLUB,Pass,0,0,0,0,0
TORONTO ATHLETIC CLUB - MEN'S SPA,Spa Indoor,2025-03-24,TORONTO ATHLETIC CLUB,Pass,0,0,0,0,0
TORONTO ATHLETIC CLUB - MEN'S SPA,Spa Indoor,2025-06-18,TORONTO ATHLETIC CLUB,Pass,0,0,0,0,0
TORONTO ATHLETIC CLUB - MEN'S SPA,Spa Indoor,2026-03-11,TORONTO ATHLETIC CLUB,Pass,1,1,0,0,1
TORONTO ATHLETIC CLUB - MEN'S SPA,Spa Indoor,2026-06-18,TORONTO ATHLETIC CLUB,Pass,0,0,0,0,0
TORONTO ATHLETIC CLUB - WOMEN'S SPA,Spa Indoor,2024-07-30,TORONTO ATHLETIC CLUB,Pass,0,0,0,0,0
TORONTO ATHLETIC CLUB - WOMEN'S SPA,Spa Indoor,2024-10-25,TORONTO ATHLETIC CLUB,Pass,1,0,1,0,1
TORONTO ATHLETIC CLUB - WOMEN'S SPA,Spa Indoor,2025-01-15,TORONTO ATHLETIC CLUB,Pass,0,0,0,0,0
TORONTO ATHLETIC CLUB - WOMEN'S SPA,Spa Indoor,2025-04-24,TORONTO ATHLETIC CLUB,Pass,0,0,0,0,0
TORONTO ATHLETIC CLUB - WOMEN'S SPA,Spa Indoor,2026-01-20,TORONTO ATHLETIC CLUB,Conditional Pass,2,0,1,1,1
TORONTO ATHLETIC CLUB - WOMEN'S SPA,Spa Indoor,2026-01-23,TORONTO ATHLETIC CLUB,Pass,0,0,0,0,0
TORONTO ATHLETIC CLUB - WOMEN'S SPA,Spa Indoor,2026-04-14,TORONTO ATHLETIC CLUB,Pass,0,0,0,0,0
TORONTO ATHLETIC CLUB - WOMEN'S SPA,Spa Indoor,2026-08-24,TORONTO ATHLETIC CLUB,Pass,0,0,0,0,0
TORONTO COMMUNITY HOUSING,Outdoor Pool,2025-07-15,TORONTO COMMUNITY HOUSING CORPORATON,Conditional Pass,3,0,0,3,2
TORONTO COMMUNITY HOUSING,Outdoor Pool,2025-08-08,TORONTO COMMUNITY HOUSING CORPORATON,Pass,0,0,0,0,0
TORONTO COMMUNITY HOUSING,Outdoor Pool,2026-07-22,TORONTO COMMUNITY HOUSING CORPORATON,Conditional Pass,4,1,2,1,2
TORONTO COMMUNITY HOUSING,Outdoor Pool,2026-08-26,TORONTO COMMUNITY HOUSING CORPORATON,Pass,1,1,0,0,1
TORONTO CRICKET CURLING CLUB,Indoor Pool,2024-10-18,TORONTO CRICKET CURLING CLUB,Pass,1,1,0,0,1
TORONTO CRICKET CURLING CLUB,Indoor Pool,2025-02-18,TORONTO CRICKET CURLING CLUB,Pass,1,0,1,0,1
TORONTO CRICKET CURLING CLUB,Indoor Pool,2025-05-06,TORONTO CRICKET CURLING CLUB,Pass,0,0,0,0,0
TORONTO CRICKET CURLING CLUB,Indoor Pool,2025-09-16,TORONTO CRICKET CURLING CLUB,Pass,1,1,0,0,1
TORONTO CRICKET CURLING CLUB,Indoor Pool,2025-11-17,TORONTO CRICKET CURLING CLUB,Pass,1,0,1,0,1
TORONTO CRICKET CURLING CLUB,Indoor Pool,2026-01-22,TORONTO CRICKET CURLING CLUB,Pass,0,0,0,0,0
TORONTO CRICKET CURLING CLUB,Indoor Pool,2026-04-30,TORONTO CRICKET CURLING CLUB,Pass,0,0,0,0,0
TORONTO CRICKET CURLING CLUB,Indoor Pool,2026-07-07,TORONTO CRICKET CURLING CLUB,Pass,0,0,0,0,0
TORONTO DON VALLEY HOTEL - INDOOR,Indoor Pool,2024-11-26,TORONTO DON VALLEY HOTEL,Pass,1,1,0,0,1
TORONTO DON VALLEY HOTEL - INDOOR,Indoor Pool,2025-03-25,TORONTO DON VALLEY HOTEL,Pass,2,2,0,0,1
TORONTO DON VALLEY HOTEL - INDOOR,Indoor Pool,2025-06-09,TORONTO DON VALLEY HOTEL,Pass,7,7,0,0,4
TORONTO DON VALLEY HOTEL - INDOOR,Indoor Pool,2026-02-11,TORONTO DON VALLEY HOTEL,Conditional Pass,4,0,3,1,4
TORONTO DON VALLEY HOTEL - INDOOR,Indoor Pool,2026-02-26,TORONTO DON VALLEY HOTEL,Pass,0,0,0,0,0
TORONTO DON VALLEY HOTEL - INDOOR,Indoor Pool,2026-05-29,TORONTO DON VALLEY HOTEL,Closed,6,1,1,4,4
TORONTO DON VALLEY HOTEL - INDOOR,Indoor Pool,2026-06-18,TORONTO DON VALLEY HOTEL,Pass,2,2,0,0,2
TORONTO DON VALLEY HOTEL - OUTDOOR,Outdoor Pool,2025-06-09,TORONTO DON VALLEY HOTEL,Conditional Pass,14,12,2,0,4
TORONTO DON VALLEY HOTEL - OUTDOOR,Outdoor Pool,2025-06-12,TORONTO DON VALLEY HOTEL,Pass,0,0,0,0,0
TORONTO DON VALLEY HOTEL - OUTDOOR,Outdoor Pool,2026-06-02,TORONTO DON VALLEY HOTEL,Conditional Pass,8,2,3,3,3
TORONTO DON VALLEY HOTEL - OUTDOOR,Outdoor Pool,2026-06-24,TORONTO DON VALLEY HOTEL,Pass,0,0,0,0,0
TORONTO FRENCH SCHOOL,Indoor Pool,2024-11-01,TORONTO FRENCH SCHOOL,Pass,2,2,0,0,1
TORONTO FRENCH SCHOOL,Indoor Pool,2025-02-03,TORONTO FRENCH SCHOOL,Pass,2,2,0,0,2
TORONTO FRENCH SCHOOL,Indoor Pool,2025-05-07,TORONTO FRENCH SCHOOL,Pass,0,0,0,0,0
TORONTO FRENCH SCHOOL,Indoor Pool,2025-09-26,TORONTO FRENCH SCHOOL,Pass,1,1,0,0,1
TORONTO FRENCH SCHOOL,Indoor Pool,2025-12-08,TORONTO FRENCH SCHOOL,Pass,1,1,0,0,1
TORONTO FRENCH SCHOOL,Indoor Pool,2026-03-02,TORONTO FRENCH SCHOOL,Pass,1,1,0,0,1
TORONTO FRENCH SCHOOL,Indoor Pool,2026-06-16,TORONTO FRENCH SCHOOL,Pass,3,2,1,0,2
TORONTO HOUSE,Spa Outdoor,2026-09-04,TORONTO HOUSE,Pass,0,0,0,0,0
TORONTO LAWN TENNIS CLUB,Outdoor Pool,2024-07-12,TORONTO LAWN TENNIS CLUB,Pass,2,2,0,0,1
TORONTO LAWN TENNIS CLUB,Outdoor Pool,2024-10-23,TORONTO LAWN TENNIS CLUB,Conditional Pass,5,3,1,1,2
TORONTO LAWN TENNIS CLUB,Outdoor Pool,2024-10-25,TORONTO LAWN TENNIS CLUB,Conditional Pass,1,0,0,1,1
TORONTO LAWN TENNIS CLUB,Outdoor Pool,2025-08-27,TORONTO LAWN TENNIS CLUB,Pass,1,1,0,0,1
TORONTO MARRIOTT HOTEL,Indoor Pool,2024-09-03,TORONTO MARRIOTT HOTEL,Pass,1,1,0,0,1
TORONTO MARRIOTT HOTEL,Indoor Pool,2024-11-15,TORONTO MARRIOTT HOTEL,Pass,0,0,0,0,0
TORONTO MARRIOTT HOTEL,Indoor Pool,2025-01-27,TORONTO MARRIOTT HOTEL,Pass,0,0,0,0,0
TORONTO MARRIOTT HOTEL,Indoor Pool,2025-05-09,TORONTO MARRIOTT HOTEL,Pass,0,0,0,0,0
TORONTO MARRIOTT HOTEL,Indoor Pool,2025-09-22,TORONTO MARRIOTT HOTEL,Pass,2,0,2,0,1
TORONTO MARRIOTT HOTEL,Indoor Pool,2025-12-11,TORONTO MARRIOTT HOTEL,Pass,1,1,0,0,1
TORONTO MARRIOTT HOTEL,Indoor Pool,2026-03-04,TORONTO MARRIOTT HOTEL,Pass,0,0,0,0,0
TORONTO MARRIOTT HOTEL,Indoor Pool,2026-04-20,TORONTO MARRIOTT HOTEL,Pass,0,0,0,0,0
TORONTO MARRIOTT HOTEL,Indoor Pool,2026-07-09,TORONTO MARRIOTT HOTEL,Pass,0,0,0,0,0
TORONTO MARRIOTT HOTEL,Spa Indoor,2024-09-03,TORONTO MARRIOTT HOTEL,Pass,1,1,0,0,1
TORONTO MARRIOTT HOTEL,Spa Indoor,2025-09-22,TORONTO MARRIOTT HOTEL,Pass,5,1,4,0,2
TORONTO MARRIOTT HOTEL,Spa Indoor,2025-12-11,TORONTO MARRIOTT HOTEL,Pass,0,0,0,0,0
TORONTO MARRIOTT HOTEL,Spa Indoor,2026-04-20,TORONTO MARRIOTT HOTEL,Pass,1,1,0,0,1
TORONTO MARRIOTT HOTEL,Spa Indoor,2026-07-09,TORONTO MARRIOTT HOTEL,Pass,1,1,0,0,1
TORONTO PAN AM  SPORTS CENTRE - DIVE TANK,Indoor Pool,2024-09-20,CSID SPA - COLD,Pass,0,0,0,0,0
TORONTO PAN AM  SPORTS CENTRE - DIVE TANK,Indoor Pool,2024-11-13,CSID SPA - COLD,Pass,0,0,0,0,0
TORONTO PAN AM  SPORTS CENTRE - DIVE TANK,Indoor Pool,2025-02-18,CSID SPA - COLD,Pass,0,0,0,0,0
TORONTO PAN AM  SPORTS CENTRE - DIVE TANK,Indoor Pool,2025-06-09,CSID SPA - COLD,Pass,0,0,0,0,0
TORONTO PAN AM  SPORTS CENTRE - DIVE TANK,Indoor Pool,2025-07-16,CSID SPA - COLD,Pass,0,0,0,0,0
TORONTO PAN AM  SPORTS CENTRE - DIVE TANK,Indoor Pool,2025-11-04,CSID SPA - COLD,Pass,0,0,0,0,0
TORONTO PAN AM  SPORTS CENTRE - DIVE TANK,Indoor Pool,2026-02-12,CSID SPA - COLD,Pass,1,1,0,0,1
TORONTO PAN AM  SPORTS CENTRE - DIVE TANK,Indoor Pool,2026-05-28,CSID SPA - COLD,Pass,0,0,0,0,0
TORONTO PAN AM  SPORTS CENTRE - DIVE TANK,Indoor Pool,2026-07-21,CSID SPA - COLD,Pass,0,0,0,0,0
TORONTO PAN AM SPORTS CENTRE INC -COMPETITION POOL,Indoor Pool,2024-09-20,CSID SPA - COLD,Pass,0,0,0,0,0
TORONTO PAN AM SPORTS CENTRE INC -COMPETITION POOL,Indoor Pool,2024-11-13,CSID SPA - COLD,Pass,0,0,0,0,0
TORONTO PAN AM SPORTS CENTRE INC -COMPETITION POOL,Indoor Pool,2025-02-18,CSID SPA - COLD,Pass,0,0,0,0,0
TORONTO PAN AM SPORTS CENTRE INC -COMPETITION POOL,Indoor Pool,2025-06-09,CSID SPA - COLD,Pass,0,0,0,0,0
TORONTO PAN AM SPORTS CENTRE INC -COMPETITION POOL,Indoor Pool,2025-07-16,CSID SPA - COLD,Pass,0,0,0,0,0
TORONTO PAN AM SPORTS CENTRE INC -COMPETITION POOL,Indoor Pool,2025-11-04,CSID SPA - COLD,Pass,0,0,0,0,0
TORONTO PAN AM SPORTS CENTRE INC -COMPETITION POOL,Indoor Pool,2026-02-12,CSID SPA - COLD,Pass,3,3,0,0,2
TORONTO PAN AM SPORTS CENTRE INC -COMPETITION POOL,Indoor Pool,2026-05-28,CSID SPA - COLD,Pass,0,0,0,0,0
TORONTO PAN AM SPORTS CENTRE INC -COMPETITION POOL,Indoor Pool,2026-07-21,CSID SPA - COLD,Pass,0,0,0,0,0
TORONTO PAN AM SPORTS CENTRE INC. - TRAINING POOL,Indoor Pool,2024-09-20,CSID SPA - COLD,Pass,0,0,0,0,0
TORONTO PAN AM SPORTS CENTRE INC. - TRAINING POOL,Indoor Pool,2024-11-13,CSID SPA - COLD,Pass,0,0,0,0,0
TORONTO PAN AM SPORTS CENTRE INC. - TRAINING POOL,Indoor Pool,2025-02-18,CSID SPA - COLD,Pass,0,0,0,0,0
TORONTO PAN AM SPORTS CENTRE INC. - TRAINING POOL,Indoor Pool,2025-06-09,CSID SPA - COLD,Pass,1,1,0,0,1
TORONTO PAN AM SPORTS CENTRE INC. - TRAINING POOL,Indoor Pool,2025-07-16,CSID SPA - COLD,Pass,0,0,0,0,0
TORONTO PAN AM SPORTS CENTRE INC. - TRAINING POOL,Indoor Pool,2025-11-04,CSID SPA - COLD,Pass,1,1,0,0,1
TORONTO PAN AM SPORTS CENTRE INC. - TRAINING POOL,Indoor Pool,2026-02-24,CSID SPA - COLD,Pass,1,1,0,0,1
TORONTO PAN AM SPORTS CENTRE INC. - TRAINING POOL,Indoor Pool,2026-05-28,CSID SPA - COLD,Pass,0,0,0,0,0
TORONTO PAN AM SPORTS CENTRE INC. - TRAINING POOL,Indoor Pool,2026-07-21,CSID SPA - COLD,Pass,0,0,0,0,0
TORONTO PAN AM SPORTS CENTRE INC. - TRAINING POOL,Indoor Pool,2026-08-26,CSID SPA - COLD,Pass,0,0,0,0,0
TORONTO REHABILITATION INSTITUTE,Indoor Pool,2024-07-12,TORONTO REHABILITATION INSTITUTE,Pass,0,0,0,0,0
TORONTO REHABILITATION INSTITUTE,Indoor Pool,2024-10-15,TORONTO REHABILITATION INSTITUTE,Pass,0,0,0,0,0
TORONTO REHABILITATION INSTITUTE,Indoor Pool,2025-01-15,TORONTO REHABILITATION INSTITUTE,Pass,0,0,0,0,0
TORONTO REHABILITATION INSTITUTE,Indoor Pool,2025-04-03,TORONTO REHABILITATION INSTITUTE,Pass,0,0,0,0,0
TORONTO REHABILITATION INSTITUTE,Indoor Pool,2025-07-18,TORONTO REHABILITATION INSTITUTE,Pass,0,0,0,0,0
TORONTO REHABILITATION INSTITUTE,Indoor Pool,2025-10-22,TORONTO REHABILITATION INSTITUTE,Pass,0,0,0,0,0
TORONTO REHABILITATION INSTITUTE,Indoor Pool,2026-01-19,TORONTO REHABILITATION INSTITUTE,Pass,0,0,0,0,0
TORONTO REHABILITATION INSTITUTE,Indoor Pool,2026-04-20,TORONTO REHABILITATION INSTITUTE,Pass,0,0,0,0,0
TORONTO REHABILITATION INSTITUTE,Indoor Pool,2026-07-22,TORONTO REHABILITATION INSTITUTE,Pass,0,0,0,0,0
TOWER HILL EAST,Outdoor Pool,2024-08-28,TOWER HILL EAST,Pass,3,3,0,0,3
TOWER HILL EAST,Outdoor Pool,2025-08-01,TOWER HILL EAST,Closed,11,6,0,5,5
TOWER HILL EAST,Outdoor Pool,2025-08-05,TOWER HILL EAST,Pass,0,0,0,0,0
TOWER HILL EAST,Outdoor Pool,2026-06-25,TOWER HILL EAST,Pass,7,6,1,0,3
TOWER HILL WEST,Outdoor Pool,2024-08-27,TOWER HILL WEST,Pass,2,2,0,0,2
TOWER HILL WEST,Outdoor Pool,2025-08-25,TOWER HILL WEST,Pass,5,5,0,0,3
TOWER HILL WEST,Outdoor Pool,2026-06-25,TOWER HILL WEST,Pass,3,3,0,0,2
TOWNHOUSE POOL (SEASON),Outdoor Pool,2025-07-10,55 BRIMWOOD BLVD,Pass,2,1,1,0,2
TOWNHOUSE POOL (SEASON),Outdoor Pool,2026-09-01,55 BRIMWOOD BLVD,Pass,0,0,0,0,0
TRAILRIDGE TOWERS,Outdoor Pool,2025-07-02,10:00-20:00,Pass,0,0,0,0,0
TRAILRIDGE TOWERS,Outdoor Pool,2025-08-07,10:00-20:00,Pass,3,3,0,0,3
TRAILRIDGE TOWERS,Outdoor Pool,2026-07-10,10:00-20:00,Pass,1,0,1,0,1
TRETHEWEY/TEDDER POOL,Outdoor Pool,2024-07-30,710 TRETHEWEY DR,Conditional Pass,9,3,3,3,5
TRETHEWEY/TEDDER POOL,Outdoor Pool,2024-08-13,710 TRETHEWEY DR,Conditional Pass,4,3,0,1,3
TRETHEWEY/TEDDER POOL,Outdoor Pool,2024-08-20,710 TRETHEWEY DR,Pass,2,2,0,0,2
TRETHEWEY/TEDDER POOL,Outdoor Pool,2026-07-17,710 TRETHEWEY DR,Conditional Pass,10,7,3,0,5
TRETHEWEY/TEDDER POOL,Outdoor Pool,2026-07-27,710 TRETHEWEY DR,Conditional Pass,6,2,4,0,3
TRETHEWEY/TEDDER POOL,Outdoor Pool,2026-08-18,710 TRETHEWEY DR,Conditional Pass,5,2,3,0,3
TRETHEWEY/TEDDER POOL,Outdoor Pool,2026-08-21,710 TRETHEWEY DR,Pass,0,0,0,0,0
TREVISO 1,Outdoor Pool,2025-06-02,TREVISO 1,Conditional Pass,10,7,1,2,4
TREVISO 1,Outdoor Pool,2025-07-22,TREVISO 1,Pass,0,0,0,0,0
TREVISO 1,Outdoor Pool,2026-06-15,TREVISO 1,Pass,1,1,0,0,1
TREVISO 1,Spa Outdoor,2024-09-09,TREVISO 1,Pass,0,0,0,0,0
TREVISO 1,Spa Outdoor,2025-06-02,TREVISO 1,Pass,2,1,1,0,2
TREVISO 1,Spa Outdoor,2026-06-15,TREVISO 1,Conditional Pass,8,3,2,3,5
TREVISO 1,Spa Outdoor,2026-08-14,TREVISO 1,Pass,1,1,0,0,1
TREVISO 2 INDOOR POOL,Indoor Pool,2024-08-28,TREVISO 2,Conditional Pass,5,3,1,1,3
TREVISO 2 INDOOR POOL,Indoor Pool,2024-09-03,TREVISO 2,Pass,1,1,0,0,1
TREVISO 2 INDOOR POOL,Indoor Pool,2024-11-13,TREVISO 2,Pass,0,0,0,0,0
TREVISO 2 INDOOR POOL,Indoor Pool,2025-03-10,TREVISO 2,Pass,0,0,0,0,0
TREVISO 2 INDOOR POOL,Indoor Pool,2025-05-23,TREVISO 2,Pass,0,0,0,0,0
TREVISO 2 INDOOR POOL,Indoor Pool,2025-09-10,TREVISO 2,Pass,1,1,0,0,1
TREVISO 2 INDOOR POOL,Indoor Pool,2025-11-17,TREVISO 2,Pass,3,3,0,0,2
TREVISO 2 INDOOR POOL,Indoor Pool,2026-03-04,TREVISO 2,Pass,4,4,0,0,3
TREVISO 2 INDOOR POOL,Indoor Pool,2026-06-05,TREVISO 2,Conditional Pass,3,2,0,1,3
TREVISO 2 INDOOR POOL,Indoor Pool,2026-07-15,TREVISO 2,Pass,2,1,1,0,2
TREVISO 2 OUTDOOR SPA,Spa Outdoor,2024-08-28,TREVISO 2,Pass,4,4,0,0,3
TREVISO 2 OUTDOOR SPA,Spa Outdoor,2025-05-23,TREVISO 2,Conditional Pass,4,3,0,1,3
TREVISO 2 OUTDOOR SPA,Spa Outdoor,2025-06-02,TREVISO 2,Pass,1,1,0,0,1
TREVISO 2 OUTDOOR SPA,Spa Outdoor,2026-07-15,TREVISO 2,Pass,1,1,0,0,1
TREVISO III,Outdoor Pool,2024-08-13,TREVISO III,Conditional Pass,6,5,0,1,4
TREVISO III,Outdoor Pool,2024-08-28,TREVISO III,Pass,0,0,0,0,0
TREVISO III,Outdoor Pool,2026-07-09,TREVISO III,Pass,4,4,0,0,3
TREVISO III OUTDOOR SPA,Spa Outdoor,2024-09-16,TREVISO III,Conditional Pass,5,2,2,1,3
TREVISO III OUTDOOR SPA,Spa Outdoor,2024-10-16,TREVISO III,Pass,0,0,0,0,0
TREVISO III OUTDOOR SPA,Spa Outdoor,2026-07-09,TREVISO III,Conditional Pass,7,4,2,1,4
TREVISO III OUTDOOR SPA,Spa Outdoor,2026-08-14,TREVISO III,Pass,0,0,0,0,0
TRINITY CRC (BIG POOL),Indoor Pool,2024-07-18,TRINITY COMMUNITY RECREATION CENTRE,Pass,0,0,0,0,0
TRINITY CRC (BIG POOL),Indoor Pool,2024-10-30,TRINITY COMMUNITY RECREATION CENTRE,Pass,0,0,0,0,0
TRINITY CRC (BIG POOL),Indoor Pool,2025-01-10,TRINITY COMMUNITY RECREATION CENTRE,Pass,0,0,0,0,0
TRINITY CRC (BIG POOL),Indoor Pool,2025-04-09,TRINITY COMMUNITY RECREATION CENTRE,Conditional Pass,1,0,0,1,1
TRINITY CRC (BIG POOL),Indoor Pool,2025-04-11,TRINITY COMMUNITY RECREATION CENTRE,Pass,0,0,0,0,0
TRINITY CRC (BIG POOL),Indoor Pool,2025-09-05,TRINITY COMMUNITY RECREATION CENTRE,Conditional Pass,1,0,0,1,1
TRINITY CRC (BIG POOL),Indoor Pool,2025-10-31,TRINITY COMMUNITY RECREATION CENTRE,Pass,0,0,0,0,0
TRINITY CRC (BIG POOL),Indoor Pool,2026-01-13,TRINITY COMMUNITY RECREATION CENTRE,Pass,0,0,0,0,0
TRINITY CRC (BIG POOL),Indoor Pool,2026-04-28,TRINITY COMMUNITY RECREATION CENTRE,Conditional Pass,1,0,0,1,1
TRINITY CRC (BIG POOL),Indoor Pool,2026-04-29,TRINITY COMMUNITY RECREATION CENTRE,Pass,0,0,0,0,0
TRINITY CRC (TOT POOL),Indoor Pool,2024-07-18,TRINITY COMMUNITY RECREATION CENTRE,Pass,0,0,0,0,0
TRINITY CRC (TOT POOL),Indoor Pool,2024-10-30,TRINITY COMMUNITY RECREATION CENTRE,Pass,0,0,0,0,0
TRINITY CRC (TOT POOL),Indoor Pool,2025-01-10,TRINITY COMMUNITY RECREATION CENTRE,Pass,0,0,0,0,0
TRINITY CRC (TOT POOL),Indoor Pool,2025-04-09,TRINITY COMMUNITY RECREATION CENTRE,Conditional Pass,1,0,0,1,1
TRINITY CRC (TOT POOL),Indoor Pool,2025-04-11,TRINITY COMMUNITY RECREATION CENTRE,Pass,0,0,0,0,0
TRINITY CRC (TOT POOL),Indoor Pool,2025-09-05,TRINITY COMMUNITY RECREATION CENTRE,Conditional Pass,1,0,1,0,1
TRINITY CRC (TOT POOL),Indoor Pool,2025-10-31,TRINITY COMMUNITY RECREATION CENTRE,Pass,0,0,0,0,0
TRINITY CRC (TOT POOL),Indoor Pool,2026-01-13,TRINITY COMMUNITY RECREATION CENTRE,Pass,0,0,0,0,0
TRINITY CRC (TOT POOL),Indoor Pool,2026-04-28,TRINITY COMMUNITY RECREATION CENTRE,Pass,0,0,0,0,0
TRIOMPHE INDOOR POOL,Indoor Pool,2024-08-22,TRIOMPHE,Pass,2,2,0,0,2
TRIOMPHE INDOOR POOL,Indoor Pool,2024-11-15,TRIOMPHE,Pass,4,4,0,0,3
TRIOMPHE INDOOR POOL,Indoor Pool,2025-02-14,TRIOMPHE,Pass,1,1,0,0,1
TRIOMPHE INDOOR POOL,Indoor Pool,2025-05-13,TRIOMPHE,Pass,1,1,0,0,1
TRIOMPHE INDOOR POOL,Indoor Pool,2025-09-12,TRIOMPHE,Pass,1,1,0,0,1
TRIOMPHE INDOOR POOL,Indoor Pool,2025-12-08,TRIOMPHE,Pass,0,0,0,0,0
TRIOMPHE INDOOR POOL,Indoor Pool,2026-03-17,TRIOMPHE,Pass,1,0,1,0,1
TRIOMPHE INDOOR POOL,Indoor Pool,2026-06-12,TRIOMPHE,Pass,0,0,0,0,0
TRIOMPHE SPA,Spa Indoor,2024-08-22,TRIOMPHE,Pass,2,2,0,0,2
TRIOMPHE SPA,Spa Indoor,2024-11-15,TRIOMPHE,Pass,0,0,0,0,0
TRIOMPHE SPA,Spa Indoor,2025-02-14,TRIOMPHE,Pass,1,1,0,0,1
TRIOMPHE SPA,Spa Indoor,2025-05-13,TRIOMPHE,Pass,0,0,0,0,0
TRIOMPHE SPA,Spa Indoor,2025-09-12,TRIOMPHE,Pass,1,1,0,0,1
TRIOMPHE SPA,Spa Indoor,2025-12-08,TRIOMPHE,Pass,0,0,0,0,0
TRIOMPHE SPA,Spa Indoor,2026-03-17,TRIOMPHE,Pass,0,0,0,0,0
TRIOMPHE SPA,Spa Indoor,2026-06-12,TRIOMPHE,Pass,0,0,0,0,0
TSCC #1757 - INDOOR POOL,Indoor Pool,2024-09-10,22 SHALLMAR BLVD,Pass,0,0,0,0,0
TSCC #1757 - INDOOR POOL,Indoor Pool,2025-01-02,22 SHALLMAR BLVD,Pass,1,1,0,0,1
TSCC #1757 - INDOOR POOL,Indoor Pool,2025-04-14,22 SHALLMAR BLVD,Pass,1,0,1,0,1
TSCC #1757 - INDOOR POOL,Indoor Pool,2025-07-03,22 SHALLMAR BLVD,Pass,0,0,0,0,0
TSCC #1757 - INDOOR POOL,Indoor Pool,2025-11-12,22 SHALLMAR BLVD,Pass,1,0,1,0,1
TSCC #1757 - INDOOR POOL,Indoor Pool,2026-02-23,22 SHALLMAR BLVD,Pass,1,1,0,0,1
TSCC #1757 - INDOOR POOL,Indoor Pool,2026-05-04,22 SHALLMAR BLVD,Pass,0,0,0,0,0
TSCC 1478,Indoor Pool,2024-09-19,BROOKFIELD RESIDENTIAL SERVICES LTD.,Pass,2,2,0,0,2
TSCC 1478,Indoor Pool,2024-12-23,BROOKFIELD RESIDENTIAL SERVICES LTD.,Pass,0,0,0,0,0
TSCC 1478,Indoor Pool,2025-03-31,BROOKFIELD RESIDENTIAL SERVICES LTD.,Pass,0,0,0,0,0
TSCC 1478,Indoor Pool,2025-06-09,BROOKFIELD RESIDENTIAL SERVICES LTD.,Pass,2,2,0,0,1
TSCC 1478,Indoor Pool,2025-10-24,BROOKFIELD RESIDENTIAL SERVICES LTD.,Pass,0,0,0,0,0
TSCC 1478,Indoor Pool,2026-02-26,BROOKFIELD RESIDENTIAL SERVICES LTD.,Pass,1,1,0,0,1
TSCC 1478,Indoor Pool,2026-05-01,BROOKFIELD RESIDENTIAL SERVICES LTD.,Conditional Pass,2,1,0,1,1
TSCC 1478,Indoor Pool,2026-06-22,BROOKFIELD RESIDENTIAL SERVICES LTD.,Pass,0,0,0,0,0
TSCC 2418,Indoor Pool,2024-07-16,TSCC,Pass,0,0,0,0,0
TSCC 2418,Indoor Pool,2025-02-28,TSCC,Pass,3,3,0,0,2
TSCC 2418,Indoor Pool,2025-11-21,TSCC,Conditional Pass,1,0,0,1,1
TSCC 2418,Indoor Pool,2025-12-05,TSCC,Pass,0,0,0,0,0
TSCC 2418,Indoor Pool,2026-03-10,TSCC,Conditional Pass,4,2,0,2,2
TSCC 2418,Indoor Pool,2026-03-13,TSCC,Pass,0,0,0,0,0
TSCC 2418,Indoor Pool,2026-08-10,TSCC,Pass,0,0,0,0,0
TSCC 2418,Spa Indoor,2024-07-17,TSCC,Pass,1,1,0,0,1
TSCC 2418,Spa Indoor,2024-11-06,TSCC,Pass,0,0,0,0,0
TSCC 2418,Spa Indoor,2025-02-28,TSCC,Pass,1,1,0,0,1
TSCC 2418,Spa Indoor,2025-05-12,TSCC,Pass,0,0,0,0,0
TSCC 2418,Spa Indoor,2025-11-21,TSCC,Pass,0,0,0,0,0
TSCC 2418,Spa Indoor,2026-03-10,TSCC,Conditional Pass,4,2,0,2,3
TSCC 2418,Spa Indoor,2026-03-16,TSCC,Pass,0,0,0,0,0
TSCC 2418,Spa Indoor,2026-06-22,TSCC,Pass,0,0,0,0,0
TSCC 2418,Spa Indoor,2026-08-10,TSCC,Pass,1,1,0,0,1
TSCC 2433,Outdoor Pool,2024-09-11,TSCC 2433,Pass,1,1,0,0,1
TSCC 2433,Outdoor Pool,2025-08-18,TSCC 2433,Pass,0,0,0,0,0
TSCC 2474,Indoor Pool,2024-07-24,RESIDENCE AT TWO OLD MILL,Pass,1,1,0,0,1
TSCC 2474,Indoor Pool,2025-06-30,RESIDENCE AT TWO OLD MILL,Pass,6,5,1,0,4
TSCC 2474,Indoor Pool,2025-11-24,RESIDENCE AT TWO OLD MILL,Pass,2,2,0,0,2
TSCC 2474,Indoor Pool,2026-02-09,RESIDENCE AT TWO OLD MILL,Pass,0,0,0,0,0
TSCC 2474,Indoor Pool,2026-09-09,RESIDENCE AT TWO OLD MILL,Pass,0,0,0,0,0
TSCC 2474,Spa Indoor,2024-07-24,RESIDENCE AT TWO OLD MILL,Pass,1,1,0,0,1
TSCC 2474,Spa Indoor,2024-11-05,RESIDENCE AT TWO OLD MILL,Pass,0,0,0,0,0
TSCC 2474,Spa Indoor,2025-03-05,RESIDENCE AT TWO OLD MILL,Pass,0,0,0,0,0
TSCC 2474,Spa Indoor,2025-06-30,RESIDENCE AT TWO OLD MILL,Pass,3,3,0,0,1
TSCC 2474,Spa Indoor,2025-11-24,RESIDENCE AT TWO OLD MILL,Pass,0,0,0,0,0
TSCC 2474,Spa Indoor,2026-02-06,RESIDENCE AT TWO OLD MILL,Conditional Pass,5,3,1,1,4
TSCC 2474,Spa Indoor,2026-03-10,RESIDENCE AT TWO OLD MILL,Conditional Pass,3,1,1,1,3
TSCC 2474,Spa Indoor,2026-03-16,RESIDENCE AT TWO OLD MILL,Pass,0,0,0,0,0
TSCC 2474,Spa Indoor,2026-06-24,RESIDENCE AT TWO OLD MILL,Pass,1,1,0,0,1
TSCC 2474,Spa Indoor,2026-09-09,RESIDENCE AT TWO OLD MILL,Pass,1,0,1,0,1
TSCC 2794 - LIGHTHOUSE WEST,Outdoor Pool,2025-07-11,TSCC 2794- LIGHTHOUSE WEST,Conditional Pass,1,0,0,1,1
TSCC 2794 - LIGHTHOUSE WEST,Outdoor Pool,2025-07-30,TSCC 2794- LIGHTHOUSE WEST,Pass,0,0,0,0,0
TSCC 2794 - LIGHTHOUSE WEST,Outdoor Pool,2026-07-30,TSCC 2794- LIGHTHOUSE WEST,Pass,0,0,0,0,0
TSCC 2835 SKY LOUNGE POOL,Outdoor Pool,2024-09-18,TSCC 2835 SKY LOUNGE POOL,Pass,0,0,0,0,0
TSCC 2835 SKY LOUNGE POOL,Outdoor Pool,2025-05-20,TSCC 2835 SKY LOUNGE POOL,Closed,6,0,0,6,4
TSCC 2835 SKY LOUNGE POOL,Outdoor Pool,2025-05-30,TSCC 2835 SKY LOUNGE POOL,Closed,7,2,1,4,5
TSCC 2835 SKY LOUNGE POOL,Outdoor Pool,2025-06-13,TSCC 2835 SKY LOUNGE POOL,Conditional Pass,2,0,0,2,2
TSCC 2835 SKY LOUNGE POOL,Outdoor Pool,2025-07-25,TSCC 2835 SKY LOUNGE POOL,Pass,0,0,0,0,0
TSCC 2835 SKY LOUNGE POOL,Outdoor Pool,2026-07-16,TSCC 2835 SKY LOUNGE POOL,Pass,0,0,0,0,0
TSCC 2835 SKY LOUNGE POOL,Outdoor Pool,2026-09-04,TSCC 2835 SKY LOUNGE POOL,Pass,1,1,0,0,1
TSCC 2848 LEISURE POOL,Indoor Pool,2024-09-17,TSCC 2848 LEISURE POOL,Pass,0,0,0,0,0
TSCC 2848 LEISURE POOL,Indoor Pool,2024-12-12,TSCC 2848 LEISURE POOL,Pass,1,1,0,0,1
TSCC 2848 LEISURE POOL,Indoor Pool,2025-02-25,TSCC 2848 LEISURE POOL,Pass,0,0,0,0,0
TSCC 2848 LEISURE POOL,Indoor Pool,2025-05-22,TSCC 2848 LEISURE POOL,Conditional Pass,2,0,1,1,2
TSCC 2848 LEISURE POOL,Indoor Pool,2025-05-29,TSCC 2848 LEISURE POOL,Pass,0,0,0,0,0
TSCC 2848 LEISURE POOL,Indoor Pool,2025-09-18,TSCC 2848 LEISURE POOL,Pass,0,0,0,0,0
TSCC 2848 LEISURE POOL,Indoor Pool,2026-01-08,TSCC 2848 LEISURE POOL,Closed,2,0,0,2,2
TSCC 2848 LEISURE POOL,Indoor Pool,2026-01-09,TSCC 2848 LEISURE POOL,Pass,0,0,0,0,0
TSCC 2848 LEISURE POOL,Indoor Pool,2026-06-04,TSCC 2848 LEISURE POOL,Pass,0,0,0,0,0
TSCC 2848 RESISTANCE POOL,Indoor Pool,2024-09-17,TSCC 2848 LEISURE POOL,Pass,0,0,0,0,0
TSCC 2848 RESISTANCE POOL,Indoor Pool,2024-12-12,TSCC 2848 LEISURE POOL,Pass,0,0,0,0,0
TSCC 2848 RESISTANCE POOL,Indoor Pool,2025-02-25,TSCC 2848 LEISURE POOL,Pass,0,0,0,0,0
TSCC 2848 RESISTANCE POOL,Indoor Pool,2025-05-22,TSCC 2848 LEISURE POOL,Conditional Pass,1,0,1,0,1
TSCC 2848 RESISTANCE POOL,Indoor Pool,2025-05-29,TSCC 2848 LEISURE POOL,Pass,0,0,0,0,0
TSCC 2848 RESISTANCE POOL,Indoor Pool,2025-09-18,TSCC 2848 LEISURE POOL,Pass,0,0,0,0,0
TSCC 2848 RESISTANCE POOL,Indoor Pool,2026-01-08,TSCC 2848 LEISURE POOL,Closed,2,0,0,2,2
TSCC 2848 RESISTANCE POOL,Indoor Pool,2026-01-09,TSCC 2848 LEISURE POOL,Pass,0,0,0,0,0
TSCC 2848 RESISTANCE POOL,Indoor Pool,2026-06-04,TSCC 2848 LEISURE POOL,Pass,0,0,0,0,0
TSCC 2848 SPA,Spa Indoor,2024-09-17,TSCC 2848 LEISURE POOL,Pass,0,0,0,0,0
TSCC 2848 SPA,Spa Indoor,2024-12-12,TSCC 2848 LEISURE POOL,Pass,1,1,0,0,1
TSCC 2848 SPA,Spa Indoor,2025-05-22,TSCC 2848 LEISURE POOL,Conditional Pass,2,0,1,1,2
TSCC 2848 SPA,Spa Indoor,2025-05-29,TSCC 2848 LEISURE POOL,Pass,1,1,0,0,1
TSCC 2848 SPA,Spa Indoor,2025-09-18,TSCC 2848 LEISURE POOL,Pass,1,1,0,0,1
TSCC 2848 SPA,Spa Indoor,2026-01-08,TSCC 2848 LEISURE POOL,Closed,3,0,0,3,3
TSCC 2848 SPA,Spa Indoor,2026-01-09,TSCC 2848 LEISURE POOL,Conditional Pass,2,1,1,0,1
TSCC 2848 SPA,Spa Indoor,2026-02-24,TSCC 2848 LEISURE POOL,Pass,0,0,0,0,0
TSCC 2848 SPA,Spa Indoor,2026-06-04,TSCC 2848 LEISURE POOL,Pass,0,0,0,0,0
TSCC 2854 SPA #1,Spa Indoor,2024-09-17,TSCC 2854 SPA #1,Conditional Pass,3,0,1,2,2
TSCC 2854 SPA #1,Spa Indoor,2024-09-25,TSCC 2854 SPA #1,Pass,0,0,0,0,0
TSCC 2854 SPA #1,Spa Indoor,2024-12-27,TSCC 2854 SPA #1,Pass,2,2,0,0,2
TSCC 2854 SPA #1,Spa Indoor,2025-06-05,TSCC 2854 SPA #1,Conditional Pass,2,0,1,1,2
TSCC 2854 SPA #1,Spa Indoor,2025-06-13,TSCC 2854 SPA #1,Pass,1,1,0,0,1
TSCC 2854 SPA #1,Spa Indoor,2025-07-09,TSCC 2854 SPA #1,Pass,0,0,0,0,0
TSCC 2854 SPA #1,Spa Indoor,2025-10-27,TSCC 2854 SPA #1,Pass,1,0,1,0,1
TSCC 2854 SPA #1,Spa Indoor,2026-02-09,TSCC 2854 SPA #1,Conditional Pass,3,1,1,1,3
TSCC 2854 SPA #1,Spa Indoor,2026-02-13,TSCC 2854 SPA #1,Pass,0,0,0,0,0
TSCC 2854 SPA #1,Spa Indoor,2026-05-22,TSCC 2854 SPA #1,Closed,5,1,1,3,3
TSCC 2854 SPA #1,Spa Indoor,2026-06-04,TSCC 2854 SPA #1,Pass,4,4,0,0,1
TSCC 2854 SPA #2,Spa Indoor,2024-09-17,TSCC 2854 SPA #1,Conditional Pass,2,0,0,2,2
TSCC 2854 SPA #2,Spa Indoor,2024-09-25,TSCC 2854 SPA #1,Pass,0,0,0,0,0
TSCC 2854 SPA #2,Spa Indoor,2024-12-27,TSCC 2854 SPA #1,Pass,1,1,0,0,1
TSCC 2854 SPA #2,Spa Indoor,2025-03-21,TSCC 2854 SPA #1,Pass,7,6,1,0,3
TSCC 2854 SPA #2,Spa Indoor,2025-06-05,TSCC 2854 SPA #1,Conditional Pass,1,0,0,1,1
TSCC 2854 SPA #2,Spa Indoor,2025-07-09,TSCC 2854 SPA #1,Pass,0,0,0,0,0
TSCC 2854 SPA #2,Spa Indoor,2025-10-27,TSCC 2854 SPA #1,Pass,2,1,1,0,2
TSCC 2854 SPA #2,Spa Indoor,2026-02-09,TSCC 2854 SPA #1,Pass,0,0,0,0,0
TSCC 2854 SPA #2,Spa Indoor,2026-05-22,TSCC 2854 SPA #1,Conditional Pass,3,2,1,0,2
TSCC 2854 SPA #2,Spa Indoor,2026-06-04,TSCC 2854 SPA #1,Pass,4,4,0,0,1
TSCC 2854 SPA #3,Spa Indoor,2024-09-17,TSCC 2854 SPA #1,Pass,0,0,0,0,0
TSCC 2854 SPA #3,Spa Indoor,2024-12-27,TSCC 2854 SPA #1,Pass,1,1,0,0,1
TSCC 2854 SPA #3,Spa Indoor,2025-03-21,TSCC 2854 SPA #1,Pass,6,6,0,0,3
TSCC 2854 SPA #3,Spa Indoor,2025-06-05,TSCC 2854 SPA #1,Conditional Pass,2,1,0,1,2
TSCC 2854 SPA #3,Spa Indoor,2025-07-09,TSCC 2854 SPA #1,Pass,0,0,0,0,0
TSCC 2854 SPA #3,Spa Indoor,2025-10-27,TSCC 2854 SPA #1,Pass,2,1,1,0,2
TSCC 2854 SPA #3,Spa Indoor,2026-01-12,TSCC 2854 SPA #1,Pass,2,2,0,0,2
TSCC 2854 SPA #3,Spa Indoor,2026-05-22,TSCC 2854 SPA #1,Conditional Pass,5,3,1,1,4
TSCC 2854 SPA #3,Spa Indoor,2026-06-04,TSCC 2854 SPA #1,Pass,5,5,0,0,2
TURNBERRY COURT,Outdoor Pool,2024-08-19,TURNBERRY COURT,Conditional Pass,4,1,1,2,2
TURNBERRY COURT,Outdoor Pool,2025-07-23,TURNBERRY COURT,Conditional Pass,11,6,3,2,6
TURNBERRY COURT,Outdoor Pool,2025-08-21,TURNBERRY COURT,Pass,1,0,1,0,1
TURNBERRY COURT,Outdoor Pool,2026-07-28,TURNBERRY COURT,Conditional Pass,6,3,1,2,4
TURNBERRY COURT,Outdoor Pool,2026-08-06,TURNBERRY COURT,Pass,0,0,0,0,0
TWENTY ONE HILLCREST,Indoor Pool,2024-09-27,TWENTY ONE HILLCREST,Pass,1,0,1,0,1
TWENTY ONE HILLCREST,Indoor Pool,2024-11-28,TWENTY ONE HILLCREST,Pass,1,1,0,0,1
TWENTY ONE HILLCREST,Indoor Pool,2025-02-25,TWENTY ONE HILLCREST,Pass,0,0,0,0,0
TWENTY ONE HILLCREST,Indoor Pool,2025-05-29,TWENTY ONE HILLCREST,Pass,2,2,0,0,2
TWENTY ONE HILLCREST,Indoor Pool,2025-09-17,TWENTY ONE HILLCREST,Pass,1,1,0,0,1
TWENTY ONE HILLCREST,Indoor Pool,2025-12-02,TWENTY ONE HILLCREST,Conditional Pass,2,1,1,0,2
TWENTY ONE HILLCREST,Indoor Pool,2025-12-09,TWENTY ONE HILLCREST,Pass,0,0,0,0,0
TWENTY ONE HILLCREST,Indoor Pool,2026-03-19,TWENTY ONE HILLCREST,Pass,0,0,0,0,0
TWENTY ONE HILLCREST,Indoor Pool,2026-06-30,TWENTY ONE HILLCREST,Pass,1,1,0,0,1
TWENTY ONE HILLCREST SPA,Spa Indoor,2024-09-27,TWENTY ONE HILLCREST,Pass,0,0,0,0,0
TWENTY ONE HILLCREST SPA,Spa Indoor,2024-11-28,TWENTY ONE HILLCREST,Pass,1,0,1,0,1
TWENTY ONE HILLCREST SPA,Spa Indoor,2025-03-24,TWENTY ONE HILLCREST,Conditional Pass,3,1,2,0,2
TWENTY ONE HILLCREST SPA,Spa Indoor,2025-04-10,TWENTY ONE HILLCREST,Pass,0,0,0,0,0
TWENTY ONE HILLCREST SPA,Spa Indoor,2025-05-29,TWENTY ONE HILLCREST,Pass,3,3,0,0,3
TWENTY ONE HILLCREST SPA,Spa Indoor,2025-09-17,TWENTY ONE HILLCREST,Pass,2,1,1,0,2
TWENTY ONE HILLCREST SPA,Spa Indoor,2025-12-02,TWENTY ONE HILLCREST,Pass,1,0,1,0,1
TWENTY ONE HILLCREST SPA,Spa Indoor,2026-03-19,TWENTY ONE HILLCREST,Pass,0,0,0,0,0
TWENTY ONE HILLCREST SPA,Spa Indoor,2026-06-30,TWENTY ONE HILLCREST,Pass,1,1,0,0,1
TWO ABERFOYLE,Indoor Pool,2024-09-30,TOWN & COUNTRY - PHASE 2,Pass,0,0,0,0,0
TWO ABERFOYLE,Indoor Pool,2025-03-25,TOWN & COUNTRY - PHASE 2,Pass,0,0,0,0,0
TWO ABERFOYLE,Indoor Pool,2025-06-27,TOWN & COUNTRY - PHASE 2,Pass,0,0,0,0,0
TWO ABERFOYLE,Indoor Pool,2025-12-23,TOWN & COUNTRY - PHASE 2,Pass,0,0,0,0,0
TWO ABERFOYLE,Indoor Pool,2026-03-27,TOWN & COUNTRY - PHASE 2,Pass,0,0,0,0,0
TWO ABERFOYLE,Indoor Pool,2026-06-11,TOWN & COUNTRY - PHASE 2,Pass,2,2,0,0,2
TWO ABERFOYLE,Indoor Pool,2026-07-28,TOWN & COUNTRY - PHASE 2,Pass,0,0,0,0,0
ULTIMA AT BROADWAY POOL,Indoor Pool,2024-09-11,ULTIMA AT BROADWAY,Pass,1,1,0,0,1
ULTIMA AT BROADWAY POOL,Indoor Pool,2024-12-12,ULTIMA AT BROADWAY,Pass,1,1,0,0,1
ULTIMA AT BROADWAY POOL,Indoor Pool,2025-03-11,ULTIMA AT BROADWAY,Pass,0,0,0,0,0
ULTIMA AT BROADWAY POOL,Indoor Pool,2025-05-30,ULTIMA AT BROADWAY,Pass,0,0,0,0,0
ULTIMA AT BROADWAY POOL,Indoor Pool,2025-10-23,ULTIMA AT BROADWAY,Pass,0,0,0,0,0
ULTIMA AT BROADWAY POOL,Indoor Pool,2026-03-05,ULTIMA AT BROADWAY,Pass,1,1,0,0,1
ULTIMA AT BROADWAY POOL,Indoor Pool,2026-06-19,ULTIMA AT BROADWAY,Pass,2,2,0,0,1
UNITY FITNESS,Indoor Pool,2024-09-13,UNITY FITNESS - 120 DOWNES ST,Pass,1,1,0,0,1
UNITY FITNESS,Indoor Pool,2025-01-29,UNITY FITNESS - 120 DOWNES ST,Pass,0,0,0,0,0
UNITY FITNESS,Indoor Pool,2025-04-25,UNITY FITNESS - 120 DOWNES ST,Pass,0,0,0,0,0
UNITY FITNESS,Indoor Pool,2025-09-26,UNITY FITNESS - 120 DOWNES ST,Pass,0,0,0,0,0
UNITY FITNESS,Indoor Pool,2025-12-11,UNITY FITNESS - 120 DOWNES ST,Pass,0,0,0,0,0
UNITY FITNESS,Indoor Pool,2026-03-16,UNITY FITNESS - 120 DOWNES ST,Pass,1,1,0,0,1
UNITY FITNESS,Indoor Pool,2026-06-25,UNITY FITNESS - 120 DOWNES ST,Pass,0,0,0,0,0
UNIVERSITY SETTLEMENT HOUSING,Indoor Pool,2024-08-27,UNIVERSITY SETTLEMENT HOUSING,Pass,0,0,0,0,0
UNIVERSITY SETTLEMENT HOUSING,Indoor Pool,2024-12-23,UNIVERSITY SETTLEMENT HOUSING,Pass,0,0,0,0,0
UNIVERSITY SETTLEMENT HOUSING,Indoor Pool,2025-04-11,UNIVERSITY SETTLEMENT HOUSING,Pass,0,0,0,0,0
UNIVERSITY SETTLEMENT HOUSING,Indoor Pool,2025-07-28,UNIVERSITY SETTLEMENT HOUSING,Pass,1,1,0,0,1
UNIVERSITY SETTLEMENT HOUSING,Indoor Pool,2025-10-09,UNIVERSITY SETTLEMENT HOUSING,Conditional Pass,2,1,0,1,2
UNIVERSITY SETTLEMENT HOUSING,Indoor Pool,2025-10-20,UNIVERSITY SETTLEMENT HOUSING,Conditional Pass,2,1,0,1,2
UNIVERSITY SETTLEMENT HOUSING,Indoor Pool,2026-04-07,UNIVERSITY SETTLEMENT HOUSING,Conditional Pass,3,1,0,2,3
UNIVERSITY SETTLEMENT HOUSING,Indoor Pool,2026-08-31,UNIVERSITY SETTLEMENT HOUSING,Conditional Pass,3,2,0,1,2
UNTITLED TORONTO INDOOR POOL,Indoor Pool,2026-02-02,UNTITLED TORONTO INDOOR POOL,Pass,0,0,0,0,0
UNTITLED TORONTO INDOOR POOL,Indoor Pool,2026-05-27,UNTITLED TORONTO INDOOR POOL,Closed,6,3,1,2,4
UNTITLED TORONTO INDOOR POOL,Indoor Pool,2026-05-29,UNTITLED TORONTO INDOOR POOL,Pass,0,0,0,0,0
UNTITLED TORONTO INDOOR SPA,Spa Indoor,2026-02-02,UNTITLED TORONTO INDOOR POOL,Pass,0,0,0,0,0
UNTITLED TORONTO INDOOR SPA,Spa Indoor,2026-05-29,UNTITLED TORONTO INDOOR POOL,Pass,0,0,0,0,0
UNTITLED TORONTO OUTDOOR POOL,Outdoor Pool,2026-05-29,UNTITLED TORONTO INDOOR POOL,Pass,0,0,0,0,0
UNTITLED TORONTO OUTDOOR SPA,Spa Outdoor,2026-06-01,UNTITLED TORONTO INDOOR POOL,Pass,0,0,0,0,0
UPPER CANADA COLLEGE - INDOOR POOL,Indoor Pool,2024-09-19,UPPER CANADA COLLEGE,Pass,0,0,0,0,0
UPPER CANADA COLLEGE - INDOOR POOL,Indoor Pool,2024-12-12,UPPER CANADA COLLEGE,Pass,0,0,0,0,0
UPPER CANADA COLLEGE - INDOOR POOL,Indoor Pool,2025-03-25,UPPER CANADA COLLEGE,Pass,0,0,0,0,0
UPPER CANADA COLLEGE - INDOOR POOL,Indoor Pool,2025-06-03,UPPER CANADA COLLEGE,Pass,0,0,0,0,0
UPPER CANADA COLLEGE - INDOOR POOL,Indoor Pool,2025-10-21,UPPER CANADA COLLEGE,Pass,0,0,0,0,0
UPPER CANADA COLLEGE - INDOOR POOL,Indoor Pool,2026-03-26,UPPER CANADA COLLEGE,Pass,2,0,2,0,1
UPPER CANADA COLLEGE - INDOOR POOL,Indoor Pool,2026-05-22,UPPER CANADA COLLEGE,Pass,0,0,0,0,0
VALENCIA TOWERS,Outdoor Pool,2024-07-30,VALENCIA TOWERS,Pass,3,2,1,0,2
VALENCIA TOWERS,Outdoor Pool,2025-06-02,VALENCIA TOWERS,Pass,0,0,0,0,0
VALENCIA TOWERS,Outdoor Pool,2026-07-14,VALENCIA TOWERS,Pass,2,2,0,0,2
VALENCIA TOWERS OUTDOOR POOL,Outdoor Pool,2024-07-18,VALENCIA TOWERS,Conditional Pass,5,1,2,2,3
VALENCIA TOWERS OUTDOOR POOL,Outdoor Pool,2024-08-08,VALENCIA TOWERS,Pass,0,0,0,0,0
VALENCIA TOWERS OUTDOOR POOL,Outdoor Pool,2025-07-22,VALENCIA TOWERS,Pass,4,3,1,0,3
VALHALLA COURT,Outdoor Pool,2024-07-31,LEITH HILL APTS.,Pass,1,1,0,0,1
VALHALLA COURT,Outdoor Pool,2025-07-22,LEITH HILL APTS.,Closed,2,0,0,2,2
VALHALLA COURT,Outdoor Pool,2025-07-23,LEITH HILL APTS.,Pass,0,0,0,0,0
VALHALLA COURT,Outdoor Pool,2026-08-07,LEITH HILL APTS.,Conditional Pass,3,1,1,1,2
VALHALLA THUNDER BIRD,Indoor Pool,2024-09-09,VALHALLA THUNDERBIRD,Pass,0,0,0,0,0
VALHALLA THUNDER BIRD,Indoor Pool,2024-12-05,VALHALLA THUNDERBIRD,Pass,0,0,0,0,0
VALHALLA THUNDER BIRD,Indoor Pool,2025-02-25,VALHALLA THUNDERBIRD,Pass,0,0,0,0,0
VALHALLA THUNDER BIRD,Indoor Pool,2025-04-30,VALHALLA THUNDERBIRD,Pass,1,1,0,0,1
VALHALLA THUNDER BIRD,Indoor Pool,2025-09-03,VALHALLA THUNDERBIRD,Pass,0,0,0,0,0
VALHALLA THUNDER BIRD,Indoor Pool,2025-11-18,VALHALLA THUNDERBIRD,Pass,0,0,0,0,0
VALHALLA THUNDER BIRD,Indoor Pool,2026-02-23,VALHALLA THUNDERBIRD,Pass,2,2,0,0,2
VALHALLA THUNDER BIRD,Indoor Pool,2026-04-16,VALHALLA THUNDERBIRD,Pass,0,0,0,0,0
VALHALLA THUNDER BIRD,Indoor Pool,2026-07-13,VALHALLA THUNDERBIRD,Pass,4,3,1,0,3
VALHALLA THUNDERBIRD,Spa Indoor,2024-09-09,VALHALLA THUNDERBIRD,Pass,0,0,0,0,0
VALHALLA THUNDERBIRD,Spa Indoor,2025-01-22,VALHALLA THUNDERBIRD,Pass,0,0,0,0,0
VALHALLA THUNDERBIRD,Spa Indoor,2025-02-25,VALHALLA THUNDERBIRD,Pass,0,0,0,0,0
VALHALLA THUNDERBIRD,Spa Indoor,2025-04-30,VALHALLA THUNDERBIRD,Pass,1,1,0,0,1
VALHALLA THUNDERBIRD,Spa Indoor,2025-09-03,VALHALLA THUNDERBIRD,Pass,0,0,0,0,0
VALHALLA THUNDERBIRD,Spa Indoor,2025-11-18,VALHALLA THUNDERBIRD,Pass,0,0,0,0,0
VALHALLA THUNDERBIRD,Spa Indoor,2026-02-23,VALHALLA THUNDERBIRD,Pass,0,0,0,0,0
VALHALLA THUNDERBIRD,Spa Indoor,2026-04-16,VALHALLA THUNDERBIRD,Pass,0,0,0,0,0
VALHALLA THUNDERBIRD,Spa Indoor,2026-07-13,VALHALLA THUNDERBIRD,Pass,0,0,0,0,0
VALHALLA TOWN SQUARE,Outdoor Pool,2024-08-12,VALHALLA TOWN SQUARE,Pass,2,1,1,0,2
VALHALLA TOWN SQUARE,Outdoor Pool,2025-05-28,VALHALLA TOWN SQUARE,Pass,2,2,0,0,1
VALHALLA TOWN SQUARE,Outdoor Pool,2026-06-19,VALHALLA TOWN SQUARE,Pass,3,3,0,0,3
VALLEY COURT,Outdoor Pool,2024-07-29,VALLEY COURT OUTDOOR POOL,Conditional Pass,3,1,0,2,2
VALLEY COURT,Outdoor Pool,2025-06-19,VALLEY COURT OUTDOOR POOL,Closed,14,8,2,4,5
VALLEY COURT,Outdoor Pool,2025-06-23,VALLEY COURT OUTDOOR POOL,Closed,1,0,0,1,1
VALLEY COURT,Outdoor Pool,2025-07-29,VALLEY COURT OUTDOOR POOL,Pass,0,0,0,0,0
VALLEY COURT,Outdoor Pool,2026-07-09,VALLEY COURT OUTDOOR POOL,Conditional Pass,6,4,2,0,4
VANTAGE POOL,Indoor Pool,2024-11-18,VANTAGE POOL,Pass,0,0,0,0,0
VANTAGE POOL,Indoor Pool,2025-02-18,VANTAGE POOL,Conditional Pass,3,0,2,1,2
VANTAGE POOL,Indoor Pool,2025-05-14,VANTAGE POOL,Pass,0,0,0,0,0
VANTAGE POOL,Indoor Pool,2025-08-01,VANTAGE POOL,Pass,0,0,0,0,0
VANTAGE POOL,Indoor Pool,2025-11-06,VANTAGE POOL,Pass,3,3,0,0,2
VANTAGE POOL,Indoor Pool,2026-03-30,VANTAGE POOL,Pass,5,5,0,0,4
VANTAGE POOL,Indoor Pool,2026-06-04,VANTAGE POOL,Pass,3,3,0,0,3
VARIETY VILLAGE POOL,Indoor Pool,2024-09-24,VARIETY VILLAGE POOL,Pass,1,1,0,0,1
VARIETY VILLAGE POOL,Indoor Pool,2024-11-29,VARIETY VILLAGE POOL,Pass,1,1,0,0,1
VARIETY VILLAGE POOL,Indoor Pool,2025-02-18,VARIETY VILLAGE POOL,Pass,1,1,0,0,1
VARIETY VILLAGE POOL,Indoor Pool,2025-05-06,VARIETY VILLAGE POOL,Pass,5,5,0,0,3
VARIETY VILLAGE POOL,Indoor Pool,2025-09-10,VARIETY VILLAGE POOL,Pass,1,0,1,0,1
VARIETY VILLAGE POOL,Indoor Pool,2025-12-02,VARIETY VILLAGE POOL,Pass,1,1,0,0,1
VARIETY VILLAGE POOL,Indoor Pool,2026-03-25,VARIETY VILLAGE POOL,Conditional Pass,3,1,2,0,2
VARIETY VILLAGE POOL,Indoor Pool,2026-04-02,VARIETY VILLAGE POOL,Pass,2,2,0,0,1
VARIETY VILLAGE POOL,Indoor Pool,2026-06-29,VARIETY VILLAGE POOL,Pass,0,0,0,0,0
VARIETY VILLAGE POOL,Indoor Pool,2026-09-18,VARIETY VILLAGE POOL,Pass,1,1,0,0,1
VAUGHAN ACADEMY (HODGSON MIDDLE SCHOOL),Indoor Pool,2024-08-12,VAUGHAN ROAD ACADEMY,Conditional Pass,9,5,0,4,3
VAUGHAN ACADEMY (HODGSON MIDDLE SCHOOL),Indoor Pool,2024-12-18,VAUGHAN ROAD ACADEMY,Pass,1,1,0,0,1
VAUGHAN ACADEMY (HODGSON MIDDLE SCHOOL),Indoor Pool,2025-01-07,VAUGHAN ROAD ACADEMY,Pass,1,1,0,0,1
VAUGHAN ACADEMY (HODGSON MIDDLE SCHOOL),Indoor Pool,2025-04-24,VAUGHAN ROAD ACADEMY,Pass,0,0,0,0,0
VAUGHAN ACADEMY (HODGSON MIDDLE SCHOOL),Indoor Pool,2025-08-21,VAUGHAN ROAD ACADEMY,Pass,0,0,0,0,0
VAUGHAN ACADEMY (HODGSON MIDDLE SCHOOL),Indoor Pool,2025-11-13,VAUGHAN ROAD ACADEMY,Pass,0,0,0,0,0
VAUGHAN ACADEMY (HODGSON MIDDLE SCHOOL),Indoor Pool,2026-02-24,VAUGHAN ROAD ACADEMY,Pass,0,0,0,0,0
VAUGHAN ACADEMY (HODGSON MIDDLE SCHOOL),Indoor Pool,2026-04-29,VAUGHAN ROAD ACADEMY,Pass,0,0,0,0,0
VAUGHAN ACADEMY (HODGSON MIDDLE SCHOOL),Indoor Pool,2026-09-24,VAUGHAN ROAD ACADEMY,Pass,0,0,0,0,0
VERBANA APARTMENTS,Outdoor Pool,2024-08-21,THE CORTEZ APTS,Pass,0,0,0,0,0
VERBANA APARTMENTS,Outdoor Pool,2025-07-16,THE CORTEZ APTS,Pass,2,1,1,0,2
VERBANA APARTMENTS,Outdoor Pool,2026-07-15,THE CORTEZ APTS,Pass,0,0,0,0,0
VERITY WOMEN'S CLUB,Indoor Pool,2024-09-04,VERITY WOMEN'S CLUB,Conditional Pass,3,2,0,1,2
VERITY WOMEN'S CLUB,Indoor Pool,2024-09-06,VERITY WOMEN'S CLUB,Pass,0,0,0,0,0
VERITY WOMEN'S CLUB,Indoor Pool,2024-12-04,VERITY WOMEN'S CLUB,Pass,2,2,0,0,2
VERITY WOMEN'S CLUB,Indoor Pool,2025-03-04,VERITY WOMEN'S CLUB,Conditional Pass,1,0,0,1,1
VERITY WOMEN'S CLUB,Indoor Pool,2025-04-25,VERITY WOMEN'S CLUB,Pass,0,0,0,0,0
VERITY WOMEN'S CLUB,Indoor Pool,2025-06-03,VERITY WOMEN'S CLUB,Pass,0,0,0,0,0
VERITY WOMEN'S CLUB,Indoor Pool,2026-03-27,VERITY WOMEN'S CLUB,Pass,0,0,0,0,0
VERITY WOMEN'S CLUB,Indoor Pool,2026-06-23,VERITY WOMEN'S CLUB,Pass,0,0,0,0,0
VERITY WOMEN'S CLUB,Indoor Pool,2026-09-23,VERITY WOMEN'S CLUB,Pass,1,1,0,0,1
VERITY WOMEN'S CLUB ( SPA),Spa Indoor,2024-09-04,VERITY WOMEN'S CLUB,Pass,1,1,0,0,1
VERITY WOMEN'S CLUB ( SPA),Spa Indoor,2024-12-04,VERITY WOMEN'S CLUB,Pass,1,1,0,0,1
VERITY WOMEN'S CLUB ( SPA),Spa Indoor,2025-03-04,VERITY WOMEN'S CLUB,Pass,1,1,0,0,1
VERITY WOMEN'S CLUB ( SPA),Spa Indoor,2025-04-25,VERITY WOMEN'S CLUB,Pass,1,1,0,0,1
VERITY WOMEN'S CLUB ( SPA),Spa Indoor,2025-06-03,VERITY WOMEN'S CLUB,Pass,1,1,0,0,1
VERITY WOMEN'S CLUB ( SPA),Spa Indoor,2026-03-27,VERITY WOMEN'S CLUB,Pass,0,0,0,0,0
VERITY WOMEN'S CLUB ( SPA),Spa Indoor,2026-06-23,VERITY WOMEN'S CLUB,Pass,0,0,0,0,0
VERITY WOMEN'S CLUB ( SPA),Spa Indoor,2026-09-23,VERITY WOMEN'S CLUB,Pass,1,1,0,0,1
VERVE,Outdoor Pool,2025-08-18,VERVE,Pass,9,9,0,0,3
VERVE,Outdoor Pool,2026-07-20,VERVE,Pass,9,8,1,0,4
VERVE,Spa Outdoor,2025-08-18,VERVE,Pass,9,9,0,0,2
VIA BLOOR SPA (WOMEN'S SIDE),Spa Indoor,2024-09-04,VIA BLOOR SPA (WOMEN'S SIDE),Pass,3,3,0,0,2
VIA BLOOR SPA (WOMEN'S SIDE),Spa Indoor,2025-03-04,VIA BLOOR SPA (WOMEN'S SIDE),Pass,4,4,0,0,2
VIA BLOOR SPA (WOMEN'S SIDE),Spa Indoor,2025-06-12,VIA BLOOR SPA (WOMEN'S SIDE),Conditional Pass,6,4,1,1,3
VIA BLOOR SPA (WOMEN'S SIDE),Spa Indoor,2026-03-06,VIA BLOOR SPA (WOMEN'S SIDE),Pass,4,4,0,0,2
VIA BLOOR SPA (WOMEN'S SIDE),Spa Indoor,2026-06-04,VIA BLOOR SPA (WOMEN'S SIDE),Pass,4,4,0,0,3
VICTORIA HOUSE,Outdoor Pool,2024-08-01,VICTORIA HOUSE,Conditional Pass,1,0,0,1,1
VICTORIA HOUSE,Outdoor Pool,2025-07-17,VICTORIA HOUSE,Pass,0,0,0,0,0
VICTORIA HOUSE,Outdoor Pool,2026-08-11,VICTORIA HOUSE,Pass,0,0,0,0,0
VICTORIA PARK S.S. POOL,Indoor Pool,2024-12-19,VICTORIA PARK S.S. POOL,Pass,1,1,0,0,1
VICTORIA PARK S.S. POOL,Indoor Pool,2025-03-25,VICTORIA PARK S.S. POOL,Pass,1,1,0,0,1
VICTORIA PARK S.S. POOL,Indoor Pool,2025-06-06,VICTORIA PARK S.S. POOL,Pass,1,1,0,0,1
VICTORIA PARK S.S. POOL,Indoor Pool,2026-02-03,VICTORIA PARK S.S. POOL,Pass,1,1,0,0,1
VICTORIA PARK S.S. POOL,Indoor Pool,2026-04-16,VICTORIA PARK S.S. POOL,Pass,1,1,0,0,1
VICTORIA TOWNE REC CENTRE  POOL,Outdoor Pool,2025-07-07,VICTORIA TOWNE REC CENTRE,Conditional Pass,4,1,0,3,3
VIEW POINT TOWERS,Outdoor Pool,2024-07-09,VIEW POINT TOWERS,Conditional Pass,7,3,2,2,4
VIEW POINT TOWERS,Outdoor Pool,2024-07-24,VIEW POINT TOWERS,Pass,0,0,0,0,0
VIEW POINT TOWERS,Outdoor Pool,2025-07-24,VIEW POINT TOWERS,Conditional Pass,8,5,1,2,5
VIEW POINT TOWERS,Outdoor Pool,2025-07-30,VIEW POINT TOWERS,Pass,0,0,0,0,0
VIEW POINT TOWERS,Outdoor Pool,2026-08-26,VIEW POINT TOWERS,Pass,2,2,0,0,2
VILLA NOVA,Outdoor Pool,2025-08-12,VILLA NOVA,Pass,0,0,0,0,0
VILLA NOVA,Outdoor Pool,2026-08-11,VILLA NOVA,Pass,2,2,0,0,2
VITA 2,Indoor Pool,2024-09-16,VITA 2,Pass,0,0,0,0,0
VITA 2,Indoor Pool,2024-11-29,VITA 2,Pass,0,0,0,0,0
VITA 2,Indoor Pool,2025-03-19,VITA 2,Pass,0,0,0,0,0
VITA 2,Indoor Pool,2025-05-06,VITA 2,Pass,0,0,0,0,0
VITA 2,Indoor Pool,2026-02-11,VITA 2,Pass,0,0,0,0,0
VITA 2,Indoor Pool,2026-06-30,VITA 2,Pass,0,0,0,0,0
VITA ON THE LAKE,Outdoor Pool,2024-07-19,VITA ON THE LAKE,Pass,1,1,0,0,1
VITA ON THE LAKE,Outdoor Pool,2025-08-25,VITA ON THE LAKE,Pass,1,1,0,0,1
VITA ON THE LAKE,Outdoor Pool,2026-06-17,VITA ON THE LAKE,Pass,2,2,0,0,2
VIVERE APARTMENTS,Indoor Pool,2024-09-16,VIVERE APARTMENTS INDOOR POOL,Pass,0,0,0,0,0
VIVERE APARTMENTS,Indoor Pool,2024-11-28,VIVERE APARTMENTS INDOOR POOL,Pass,1,1,0,0,1
VIVERE APARTMENTS,Indoor Pool,2025-02-04,VIVERE APARTMENTS INDOOR POOL,Closed,11,5,1,5,5
VIVERE APARTMENTS,Indoor Pool,2025-03-14,VIVERE APARTMENTS INDOOR POOL,Conditional Pass,6,0,3,3,4
VIVERE APARTMENTS,Indoor Pool,2025-06-09,VIVERE APARTMENTS INDOOR POOL,Closed,9,2,3,4,5
VIVERE APARTMENTS,Indoor Pool,2025-08-01,VIVERE APARTMENTS INDOOR POOL,Pass,1,1,0,0,1
VIVERE APARTMENTS,Indoor Pool,2025-10-30,VIVERE APARTMENTS INDOOR POOL,Pass,3,3,0,0,2
VIVERE APARTMENTS,Indoor Pool,2026-01-19,VIVERE APARTMENTS INDOOR POOL,Pass,6,5,1,0,3
VIVERE APARTMENTS,Indoor Pool,2026-04-15,VIVERE APARTMENTS INDOOR POOL,Pass,2,2,0,0,2
VOGUE CONDOMINIUM INDOOR SPA,Spa Indoor,2024-09-04,7 BISHOP AVE,Pass,1,1,0,0,1
VOGUE CONDOMINIUM INDOOR SPA,Spa Indoor,2024-12-02,7 BISHOP AVE,Pass,2,2,0,0,2
VOGUE CONDOMINIUM INDOOR SPA,Spa Indoor,2025-06-27,7 BISHOP AVE,Pass,2,2,0,0,2
VOGUE CONDOMINIUM INDOOR SPA,Spa Indoor,2025-11-03,7 BISHOP AVE,Conditional Pass,5,4,0,1,3
VOGUE CONDOMINIUM INDOOR SPA,Spa Indoor,2025-11-12,7 BISHOP AVE,Pass,0,0,0,0,0
VOGUE CONDOMINIUM INDOOR SPA,Spa Indoor,2026-03-30,7 BISHOP AVE,Conditional Pass,3,2,0,1,2
VOGUE CONDOMINIUM INDOOR SPA,Spa Indoor,2026-04-02,7 BISHOP AVE,Pass,0,0,0,0,0
VOGUE CONDOMINIUM INDOOR SPA,Spa Indoor,2026-06-24,7 BISHOP AVE,Pass,1,1,0,0,1
VOGUE CONDOMINIUM POOL,Indoor Pool,2024-09-04,7 BISHOP AVE,Pass,0,0,0,0,0
VOGUE CONDOMINIUM POOL,Indoor Pool,2024-12-02,7 BISHOP AVE,Pass,0,0,0,0,0
VOGUE CONDOMINIUM POOL,Indoor Pool,2025-06-27,7 BISHOP AVE,Pass,6,5,1,0,3
VOGUE CONDOMINIUM POOL,Indoor Pool,2025-11-03,7 BISHOP AVE,Conditional Pass,8,6,1,1,4
VOGUE CONDOMINIUM POOL,Indoor Pool,2025-11-12,7 BISHOP AVE,Pass,0,0,0,0,0
VOGUE CONDOMINIUM POOL,Indoor Pool,2026-03-30,7 BISHOP AVE,Pass,0,0,0,0,0
VOGUE CONDOMINIUM POOL,Indoor Pool,2026-06-24,7 BISHOP AVE,Pass,2,2,0,0,2
WALLACE & EMERSON COMMUNITY CENTRE,Indoor Pool,2024-12-30,WALLACE & EMERSON COMMUNITY CENTRE,Pass,0,0,0,0,0
WALLACE & EMERSON COMMUNITY CENTRE,Indoor Pool,2025-03-24,WALLACE & EMERSON COMMUNITY CENTRE,Pass,1,1,0,0,1
WALLACE & EMERSON COMMUNITY CENTRE,Indoor Pool,2025-06-26,WALLACE & EMERSON COMMUNITY CENTRE,Pass,3,3,0,0,3
WALLACE & EMERSON COMMUNITY CENTRE,Indoor Pool,2025-10-31,WALLACE & EMERSON COMMUNITY CENTRE,Pass,0,0,0,0,0
WALLACE & EMERSON COMMUNITY CENTRE,Indoor Pool,2026-01-23,WALLACE & EMERSON COMMUNITY CENTRE,Pass,2,2,0,0,2
WALLACE & EMERSON COMMUNITY CENTRE,Indoor Pool,2026-06-30,WALLACE & EMERSON COMMUNITY CENTRE,Conditional Pass,7,2,3,2,4
WATER EDGE CONDO,Spa Indoor,2026-02-03,WATER EDGE CONDO,Pass,0,0,0,0,0
WATER EDGE CONDO,Spa Indoor,2026-04-20,WATER EDGE CONDO,Pass,0,0,0,0,0
WATER EDGE CONDO,Spa Indoor,2026-07-17,WATER EDGE CONDO,Pass,1,1,0,0,1
WATER EDGE CONDO (COLD SPA),Spa Indoor,2026-02-03,WATER EDGE CONDO,Pass,0,0,0,0,0
WATER EDGE CONDO (COLD SPA),Spa Indoor,2026-04-20,WATER EDGE CONDO,Pass,0,0,0,0,0
WATER EDGE CONDO (COLD SPA),Spa Indoor,2026-07-17,WATER EDGE CONDO,Pass,1,1,0,0,1
WATER EDGE CONDOS,Indoor Pool,2026-02-03,WATER EDGE CONDO,Pass,0,0,0,0,0
WATER EDGE CONDOS,Indoor Pool,2026-04-20,WATER EDGE CONDO,Pass,0,0,0,0,0
WATER EDGE CONDOS,Indoor Pool,2026-07-16,WATER EDGE CONDO,Pass,1,1,0,0,1
WATER PARK CITY,Spa Indoor,2024-08-02,WATER PARK CITY CONDOS,Pass,1,1,0,0,1
WATER PARK CITY,Spa Indoor,2024-11-21,WATER PARK CITY CONDOS,Pass,0,0,0,0,0
WATER PARK CITY,Spa Indoor,2025-02-04,WATER PARK CITY CONDOS,Pass,0,0,0,0,0
WATER PARK CITY,Spa Indoor,2025-05-05,WATER PARK CITY CONDOS,Pass,0,0,0,0,0
WATER PARK CITY,Spa Indoor,2025-08-08,WATER PARK CITY CONDOS,Pass,0,0,0,0,0
WATER PARK CITY,Spa Indoor,2025-10-07,WATER PARK CITY CONDOS,Pass,0,0,0,0,0
WATER PARK CITY,Spa Indoor,2026-02-11,WATER PARK CITY CONDOS,Pass,0,0,0,0,0
WATER PARK CITY,Spa Indoor,2026-05-21,WATER PARK CITY CONDOS,Pass,0,0,0,0,0
WATER PARK CITY,Spa Indoor,2026-08-26,WATER PARK CITY CONDOS,Pass,0,0,0,0,0
WATER PARK CITY,Spa Outdoor,2024-08-02,WATER PARK CITY CONDOS,Pass,0,0,0,0,0
WATER PARK CITY (SHARED FACILITIES),Indoor Pool,2024-08-02,WATER PARK CITY CONDOS,Pass,0,0,0,0,0
WATER PARK CITY (SHARED FACILITIES),Indoor Pool,2024-11-21,WATER PARK CITY CONDOS,Pass,1,1,0,0,1
WATER PARK CITY (SHARED FACILITIES),Indoor Pool,2025-02-04,WATER PARK CITY CONDOS,Pass,0,0,0,0,0
WATER PARK CITY (SHARED FACILITIES),Indoor Pool,2025-05-05,WATER PARK CITY CONDOS,Pass,1,0,1,0,1
WATER PARK CITY (SHARED FACILITIES),Indoor Pool,2025-08-08,WATER PARK CITY CONDOS,Pass,0,0,0,0,0
WATER PARK CITY (SHARED FACILITIES),Indoor Pool,2025-10-07,WATER PARK CITY CONDOS,Pass,0,0,0,0,0
WATER PARK CITY (SHARED FACILITIES),Indoor Pool,2026-02-11,WATER PARK CITY CONDOS,Pass,0,0,0,0,0
WATER PARK CITY (SHARED FACILITIES),Indoor Pool,2026-05-21,WATER PARK CITY CONDOS,Pass,0,0,0,0,0
WATER PARK CITY (SHARED FACILITIES),Indoor Pool,2026-08-26,WATER PARK CITY CONDOS,Pass,0,0,0,0,0
WATER SCAPES,Spa Indoor,2024-09-13,WATER SCAPES,Pass,0,0,0,0,0
WATER SCAPES,Spa Indoor,2024-12-02,WATER SCAPES,Pass,0,0,0,0,0
WATER SCAPES,Spa Indoor,2025-03-17,WATER SCAPES,Pass,0,0,0,0,0
WATER SCAPES,Spa Indoor,2025-05-09,WATER SCAPES,Pass,0,0,0,0,0
WATER SCAPES,Spa Indoor,2025-09-23,WATER SCAPES,Pass,0,0,0,0,0
WATER SCAPES,Spa Indoor,2025-11-07,WATER SCAPES,Pass,0,0,0,0,0
WATER SCAPES,Spa Indoor,2026-02-10,WATER SCAPES,Pass,0,0,0,0,0
WATER SCAPES,Spa Indoor,2026-04-24,WATER SCAPES,Pass,0,0,0,0,0
WATER SCAPES,Spa Indoor,2026-07-24,WATER SCAPES,Pass,0,0,0,0,0
WATERCLUB CONDOMINIUM,Indoor Pool,2024-09-03,WATERCLUB CONDOMINIUM,Pass,2,2,0,0,2
WATERCLUB CONDOMINIUM,Indoor Pool,2024-11-29,WATERCLUB CONDOMINIUM,Pass,0,0,0,0,0
WATERCLUB CONDOMINIUM,Indoor Pool,2025-02-26,WATERCLUB CONDOMINIUM,Pass,0,0,0,0,0
WATERCLUB CONDOMINIUM,Indoor Pool,2025-05-29,WATERCLUB CONDOMINIUM,Pass,0,0,0,0,0
WATERCLUB CONDOMINIUM,Indoor Pool,2025-07-10,WATERCLUB CONDOMINIUM,Conditional Pass,3,2,0,1,2
WATERCLUB CONDOMINIUM,Indoor Pool,2025-07-22,WATERCLUB CONDOMINIUM,Pass,0,0,0,0,0
WATERCLUB CONDOMINIUM,Indoor Pool,2026-03-11,WATERCLUB CONDOMINIUM,Pass,2,2,0,0,2
WATERCLUB CONDOMINIUM,Indoor Pool,2026-06-30,WATERCLUB CONDOMINIUM,Pass,2,1,1,0,2
WATERGARDEN CONDOMINIUM POOL,Indoor Pool,2024-10-29,WATERGARDEN CONDOMINIUM,Pass,1,1,0,0,1
WATERGARDEN CONDOMINIUM POOL,Indoor Pool,2025-02-03,WATERGARDEN CONDOMINIUM,Pass,1,1,0,0,1
WATERGARDEN CONDOMINIUM POOL,Indoor Pool,2025-04-29,WATERGARDEN CONDOMINIUM,Pass,0,0,0,0,0
WATERGARDEN CONDOMINIUM POOL,Indoor Pool,2025-08-21,WATERGARDEN CONDOMINIUM,Pass,2,2,0,0,2
WATERGARDEN CONDOMINIUM POOL,Indoor Pool,2025-11-14,WATERGARDEN CONDOMINIUM,Closed,5,2,0,3,4
WATERGARDEN CONDOMINIUM POOL,Indoor Pool,2025-11-21,WATERGARDEN CONDOMINIUM,Pass,1,1,0,0,1
WATERGARDEN CONDOMINIUM POOL,Indoor Pool,2026-02-17,WATERGARDEN CONDOMINIUM,Conditional Pass,7,4,2,1,4
WATERGARDEN CONDOMINIUM POOL,Indoor Pool,2026-03-02,WATERGARDEN CONDOMINIUM,Pass,2,2,0,0,2
WATERGARDEN CONDOMINIUM POOL,Indoor Pool,2026-04-08,WATERGARDEN CONDOMINIUM,Pass,5,5,0,0,3
WATERGARDEN CONDOMINIUM POOL,Indoor Pool,2026-09-24,WATERGARDEN CONDOMINIUM,Pass,2,2,0,0,2
WATERGARDEN CONDOMINIUM SPA,Spa Indoor,2024-10-29,WATERGARDEN CONDOMINIUM,Conditional Pass,2,0,1,1,1
WATERGARDEN CONDOMINIUM SPA,Spa Indoor,2024-10-31,WATERGARDEN CONDOMINIUM,Pass,0,0,0,0,0
WATERGARDEN CONDOMINIUM SPA,Spa Indoor,2025-02-03,WATERGARDEN CONDOMINIUM,Pass,1,1,0,0,1
WATERGARDEN CONDOMINIUM SPA,Spa Indoor,2025-04-29,WATERGARDEN CONDOMINIUM,Pass,1,1,0,0,1
WATERGARDEN CONDOMINIUM SPA,Spa Indoor,2025-08-21,WATERGARDEN CONDOMINIUM,Pass,1,1,0,0,1
WATERGARDEN CONDOMINIUM SPA,Spa Indoor,2025-11-14,WATERGARDEN CONDOMINIUM,Conditional Pass,2,1,1,0,2
WATERGARDEN CONDOMINIUM SPA,Spa Indoor,2025-11-21,WATERGARDEN CONDOMINIUM,Pass,0,0,0,0,0
WATERGARDEN CONDOMINIUM SPA,Spa Indoor,2026-02-17,WATERGARDEN CONDOMINIUM,Closed,9,4,2,3,5
WATERGARDEN CONDOMINIUM SPA,Spa Indoor,2026-03-02,WATERGARDEN CONDOMINIUM,Pass,2,2,0,0,2
WATERGARDEN CONDOMINIUM SPA,Spa Indoor,2026-04-08,WATERGARDEN CONDOMINIUM,Pass,4,3,1,0,3
WATERGARDEN CONDOMINIUM SPA,Spa Indoor,2026-09-24,WATERGARDEN CONDOMINIUM,Pass,2,2,0,0,2
WATERSCAPES,Indoor Pool,2024-09-13,WATER SCAPES,Pass,0,0,0,0,0
WATERSCAPES,Indoor Pool,2024-12-02,WATER SCAPES,Pass,0,0,0,0,0
WATERSCAPES,Indoor Pool,2025-03-17,WATER SCAPES,Pass,0,0,0,0,0
WATERSCAPES,Indoor Pool,2025-05-09,WATER SCAPES,Pass,0,0,0,0,0
WATERSCAPES,Indoor Pool,2025-09-23,WATER SCAPES,Pass,0,0,0,0,0
WATERSCAPES,Indoor Pool,2025-11-07,WATER SCAPES,Pass,0,0,0,0,0
WATERSCAPES,Indoor Pool,2026-02-10,WATER SCAPES,Pass,0,0,0,0,0
WATERSCAPES,Indoor Pool,2026-04-24,WATER SCAPES,Pass,0,0,0,0,0
WATERSCAPES,Indoor Pool,2026-07-24,WATER SCAPES,Pass,0,0,0,0,0
WATERVIEW - VOYAGER I,Indoor Pool,2024-09-11,WATERVIEW - VOYAGER I,Pass,0,0,0,0,0
WATERVIEW - VOYAGER I,Indoor Pool,2024-12-09,WATERVIEW - VOYAGER I,Pass,0,0,0,0,0
WATERVIEW - VOYAGER I,Indoor Pool,2025-02-19,WATERVIEW - VOYAGER I,Pass,0,0,0,0,0
WATERVIEW - VOYAGER I,Indoor Pool,2025-06-09,WATERVIEW - VOYAGER I,Pass,0,0,0,0,0
WATERVIEW - VOYAGER I,Indoor Pool,2025-09-29,WATERVIEW - VOYAGER I,Pass,0,0,0,0,0
WATERVIEW - VOYAGER I,Indoor Pool,2025-12-17,WATERVIEW - VOYAGER I,Pass,0,0,0,0,0
WATERVIEW - VOYAGER I,Indoor Pool,2026-03-05,WATERVIEW - VOYAGER I,Pass,0,0,0,0,0
WATERVIEW - VOYAGER I,Indoor Pool,2026-04-28,WATERVIEW - VOYAGER I,Pass,0,0,0,0,0
WATERVIEW - VOYAGER I,Indoor Pool,2026-08-04,WATERVIEW - VOYAGER I,Pass,0,0,0,0,0
WATERVIEW - VOYAGER I,Spa Indoor,2025-12-19,WATERVIEW - VOYAGER I,Pass,0,0,0,0,0
WATERVIEW EXPLORER,Indoor Pool,2024-07-29,WATERVIEW EXPLORER,Pass,0,0,0,0,0
WATERVIEW EXPLORER,Indoor Pool,2024-11-05,WATERVIEW EXPLORER,Pass,0,0,0,0,0
WATERVIEW EXPLORER,Indoor Pool,2025-03-27,WATERVIEW EXPLORER,Pass,0,0,0,0,0
WATERVIEW EXPLORER,Indoor Pool,2025-05-07,WATERVIEW EXPLORER,Pass,0,0,0,0,0
WATERVIEW EXPLORER,Indoor Pool,2025-09-16,WATERVIEW EXPLORER,Pass,0,0,0,0,0
WATERVIEW EXPLORER,Indoor Pool,2025-10-30,WATERVIEW EXPLORER,Pass,0,0,0,0,0
WATERVIEW EXPLORER,Indoor Pool,2026-01-21,WATERVIEW EXPLORER,Pass,1,1,0,0,1
WATERVIEW EXPLORER,Indoor Pool,2026-04-27,WATERVIEW EXPLORER,Pass,0,0,0,0,0
WATERVIEW EXPLORER,Indoor Pool,2026-07-22,WATERVIEW EXPLORER,Pass,0,0,0,0,0
WATERVIEW EXPLORER,Spa Indoor,2026-01-21,WATERVIEW EXPLORER,Pass,2,2,0,0,2
WEDGEWOOD GROVE POOL,Indoor Pool,2024-09-19,WEDGEWOOD GROVE,Pass,1,1,0,0,1
WEDGEWOOD GROVE POOL,Indoor Pool,2024-11-12,WEDGEWOOD GROVE,Pass,1,1,0,0,1
WEDGEWOOD GROVE POOL,Indoor Pool,2025-01-31,WEDGEWOOD GROVE,Conditional Pass,5,2,1,2,4
WEDGEWOOD GROVE POOL,Indoor Pool,2025-03-05,WEDGEWOOD GROVE,Pass,3,2,1,0,2
WEDGEWOOD GROVE POOL,Indoor Pool,2025-05-30,WEDGEWOOD GROVE,Pass,3,2,1,0,2
WEDGEWOOD GROVE POOL,Indoor Pool,2025-09-04,WEDGEWOOD GROVE,Pass,1,1,0,0,1
WEDGEWOOD GROVE POOL,Indoor Pool,2025-11-13,WEDGEWOOD GROVE,Pass,2,2,0,0,2
WEDGEWOOD GROVE POOL,Indoor Pool,2026-02-03,WEDGEWOOD GROVE,Pass,0,0,0,0,0
WEDGEWOOD GROVE POOL,Indoor Pool,2026-06-11,WEDGEWOOD GROVE,Conditional Pass,3,1,1,1,3
WEDGEWOOD GROVE POOL,Indoor Pool,2026-08-14,WEDGEWOOD GROVE,Pass,0,0,0,0,0
WEDGEWOOD GROVE WHIRLPOOL,Spa Indoor,2024-09-19,WEDGEWOOD GROVE,Pass,0,0,0,0,0
WEDGEWOOD GROVE WHIRLPOOL,Spa Indoor,2024-11-27,WEDGEWOOD GROVE,Pass,4,4,0,0,3
WEDGEWOOD GROVE WHIRLPOOL,Spa Indoor,2025-01-31,WEDGEWOOD GROVE,Conditional Pass,6,4,1,1,4
WEDGEWOOD GROVE WHIRLPOOL,Spa Indoor,2025-03-05,WEDGEWOOD GROVE,Conditional Pass,3,1,2,0,2
WEDGEWOOD GROVE WHIRLPOOL,Spa Indoor,2025-03-06,WEDGEWOOD GROVE,Pass,0,0,0,0,0
WEDGEWOOD GROVE WHIRLPOOL,Spa Indoor,2025-05-30,WEDGEWOOD GROVE,Pass,2,2,0,0,2
WEDGEWOOD GROVE WHIRLPOOL,Spa Indoor,2025-09-04,WEDGEWOOD GROVE,Pass,2,2,0,0,2
WEDGEWOOD GROVE WHIRLPOOL,Spa Indoor,2025-11-13,WEDGEWOOD GROVE,Closed,5,1,2,2,3
WEDGEWOOD GROVE WHIRLPOOL,Spa Indoor,2025-11-17,WEDGEWOOD GROVE,Pass,0,0,0,0,0
WEDGEWOOD GROVE WHIRLPOOL,Spa Indoor,2026-02-03,WEDGEWOOD GROVE,Conditional Pass,3,0,2,1,2
WEDGEWOOD GROVE WHIRLPOOL,Spa Indoor,2026-02-11,WEDGEWOOD GROVE,Pass,0,0,0,0,0
WEDGEWOOD GROVE WHIRLPOOL,Spa Indoor,2026-06-11,WEDGEWOOD GROVE,Conditional Pass,6,1,2,3,4
WEDGEWOOD GROVE WHIRLPOOL,Spa Indoor,2026-08-14,WEDGEWOOD GROVE,Pass,0,0,0,0,0
WEDGEWOOD POOL,Outdoor Pool,2024-07-25,WEDGEWOOD PARK,Pass,1,0,1,0,1
WEDGEWOOD POOL,Outdoor Pool,2025-07-10,WEDGEWOOD PARK,Conditional Pass,1,0,0,1,1
WEDGEWOOD POOL,Outdoor Pool,2025-08-07,WEDGEWOOD PARK,Pass,0,0,0,0,0
WEDGEWOOD POOL,Outdoor Pool,2026-07-20,WEDGEWOOD PARK,Pass,0,0,0,0,0
WELLESLEY COMMUNITY CENTRE - SPA,Spa Indoor,2025-01-21,LAP POOL WELLESLEY CC,Pass,1,0,1,0,1
WELLESLEY COMMUNITY CENTRE - SPA,Spa Indoor,2025-04-22,LAP POOL WELLESLEY CC,Pass,0,0,0,0,0
WELLESLEY COMMUNITY CENTRE - SPA,Spa Indoor,2025-08-19,LAP POOL WELLESLEY CC,Pass,2,2,0,0,1
WELLESLEY COMMUNITY CENTRE - SPA,Spa Indoor,2025-11-26,LAP POOL WELLESLEY CC,Pass,2,2,0,0,1
WELLESLEY COMMUNITY CENTRE - SPA,Spa Indoor,2026-01-19,LAP POOL WELLESLEY CC,Pass,3,3,0,0,2
WELLESLEY COMMUNITY CENTRE - SPA,Spa Indoor,2026-05-01,LAP POOL WELLESLEY CC,Pass,1,1,0,0,1
WELLESLEY ON THE PARK,Indoor Pool,2024-08-09,WELLESLEY ON THE PARK,Conditional Pass,1,0,0,1,1
WELLESLEY ON THE PARK,Indoor Pool,2024-12-10,WELLESLEY ON THE PARK,Conditional Pass,1,0,0,1,1
WELLESLEY ON THE PARK,Indoor Pool,2025-11-13,WELLESLEY ON THE PARK,Pass,0,0,0,0,0
WELLESLEY ON THE PARK,Indoor Pool,2026-03-18,WELLESLEY ON THE PARK,Conditional Pass,2,1,0,1,2
WELLESLEY ON THE PARK,Indoor Pool,2026-03-20,WELLESLEY ON THE PARK,Pass,1,1,0,0,1
WELLESLEY ON THE PARK,Indoor Pool,2026-04-29,WELLESLEY ON THE PARK,Pass,0,0,0,0,0
WELLESLEY ON THE PARK,Indoor Pool,2026-09-24,WELLESLEY ON THE PARK,Pass,1,1,0,0,1
WELLESLEY ON THE PARK - COLD SPA,Spa Indoor,2024-08-09,WELLESLEY ON THE PARK,Conditional Pass,1,0,0,1,1
WELLESLEY ON THE PARK - COLD SPA,Spa Indoor,2024-12-10,WELLESLEY ON THE PARK,Conditional Pass,1,0,0,1,1
WELLESLEY ON THE PARK - COLD SPA,Spa Indoor,2025-11-05,WELLESLEY ON THE PARK,Pass,0,0,0,0,0
WELLESLEY ON THE PARK - COLD SPA,Spa Indoor,2026-03-18,WELLESLEY ON THE PARK,Closed,2,0,0,2,2
WELLESLEY ON THE PARK - COLD SPA,Spa Indoor,2026-03-20,WELLESLEY ON THE PARK,Pass,0,0,0,0,0
WELLESLEY ON THE PARK - COLD SPA,Spa Indoor,2026-04-29,WELLESLEY ON THE PARK,Pass,0,0,0,0,0
WELLESLEY ON THE PARK - COLD SPA,Spa Indoor,2026-09-24,WELLESLEY ON THE PARK,Pass,1,1,0,0,1
WELLESLEY ON THE PARK - HOT SPA,Spa Indoor,2024-08-09,WELLESLEY ON THE PARK,Pass,0,0,0,0,0
WELLESLEY ON THE PARK - HOT SPA,Spa Indoor,2025-11-05,WELLESLEY ON THE PARK,Pass,0,0,0,0,0
WELLESLEY ON THE PARK - HOT SPA,Spa Indoor,2026-03-18,WELLESLEY ON THE PARK,Closed,2,0,1,1,2
WELLESLEY ON THE PARK - HOT SPA,Spa Indoor,2026-03-20,WELLESLEY ON THE PARK,Pass,0,0,0,0,0
WELLESLEY ON THE PARK - HOT SPA,Spa Indoor,2026-04-29,WELLESLEY ON THE PARK,Pass,0,0,0,0,0
WEST DEANE PARK POOL,Outdoor Pool,2025-07-07,WEST DEANE PARK,Pass,0,0,0,0,0
WEST DEANE PARK POOL,Outdoor Pool,2026-07-22,WEST DEANE PARK,Pass,0,0,0,0,0
WEST END YMCA - MEN'S WHIRLPOOL,Spa Indoor,2024-08-06,YMCA,Pass,0,0,0,0,0
WEST END YMCA - MEN'S WHIRLPOOL,Spa Indoor,2024-11-12,YMCA,Closed,2,0,0,2,2
WEST END YMCA - MEN'S WHIRLPOOL,Spa Indoor,2024-11-14,YMCA,Pass,0,0,0,0,0
WEST END YMCA - MEN'S WHIRLPOOL,Spa Indoor,2025-01-16,YMCA,Pass,1,1,0,0,1
WEST END YMCA - MEN'S WHIRLPOOL,Spa Indoor,2025-06-27,YMCA,Pass,0,0,0,0,0
WEST END YMCA - MEN'S WHIRLPOOL,Spa Indoor,2025-09-30,YMCA,Pass,0,0,0,0,0
WEST END YMCA - MEN'S WHIRLPOOL,Spa Indoor,2025-10-10,YMCA,Conditional Pass,1,0,0,1,1
WEST END YMCA - MEN'S WHIRLPOOL,Spa Indoor,2025-10-24,YMCA,Pass,0,0,0,0,0
WEST END YMCA - MEN'S WHIRLPOOL,Spa Indoor,2026-03-27,YMCA,Pass,0,0,0,0,0
WEST END YMCA - MEN'S WHIRLPOOL,Spa Indoor,2026-06-04,YMCA,Pass,0,0,0,0,0
WEST END YMCA - MEN'S WHIRLPOOL,Spa Indoor,2026-08-24,YMCA,Pass,0,0,0,0,0
WEST END YMCA - POOL,Indoor Pool,2024-08-06,YMCA,Pass,0,0,0,0,0
WEST END YMCA - POOL,Indoor Pool,2024-11-12,YMCA,Pass,0,0,0,0,0
WEST END YMCA - POOL,Indoor Pool,2025-01-16,YMCA,Pass,1,1,0,0,1
WEST END YMCA - POOL,Indoor Pool,2025-06-27,YMCA,Pass,0,0,0,0,0
WEST END YMCA - POOL,Indoor Pool,2025-09-30,YMCA,Pass,0,0,0,0,0
WEST END YMCA - POOL,Indoor Pool,2025-11-19,YMCA,Pass,0,0,0,0,0
WEST END YMCA - POOL,Indoor Pool,2026-03-27,YMCA,Pass,0,0,0,0,0
WEST END YMCA - POOL,Indoor Pool,2026-06-04,YMCA,Pass,0,0,0,0,0
WEST END YMCA - POOL,Indoor Pool,2026-08-24,YMCA,Pass,1,1,0,0,1
WEST END YMCA - WOMEN'S WHIRLPOOL,Spa Indoor,2024-08-06,YMCA,Pass,0,0,0,0,0
WEST END YMCA - WOMEN'S WHIRLPOOL,Spa Indoor,2024-11-12,YMCA,Pass,0,0,0,0,0
WEST END YMCA - WOMEN'S WHIRLPOOL,Spa Indoor,2025-01-16,YMCA,Pass,1,1,0,0,1
WEST END YMCA - WOMEN'S WHIRLPOOL,Spa Indoor,2025-03-26,YMCA,Pass,1,1,0,0,1
WEST END YMCA - WOMEN'S WHIRLPOOL,Spa Indoor,2025-06-27,YMCA,Pass,1,1,0,0,1
WEST END YMCA - WOMEN'S WHIRLPOOL,Spa Indoor,2025-09-30,YMCA,Pass,1,1,0,0,1
WEST END YMCA - WOMEN'S WHIRLPOOL,Spa Indoor,2025-11-19,YMCA,Pass,1,1,0,0,1
WEST END YMCA - WOMEN'S WHIRLPOOL,Spa Indoor,2026-03-27,YMCA,Pass,0,0,0,0,0
WEST END YMCA - WOMEN'S WHIRLPOOL,Spa Indoor,2026-06-04,YMCA,Pass,0,0,0,0,0
WEST END YMCA - WOMEN'S WHIRLPOOL,Spa Indoor,2026-08-24,YMCA,Pass,1,1,0,0,1
WEST HARBOUR CITY #1,Indoor Pool,2024-07-17,WEST HARBOUR CITY,Pass,0,0,0,0,0
WEST HARBOUR CITY #1,Indoor Pool,2024-10-23,WEST HARBOUR CITY,Pass,0,0,0,0,0
WEST HARBOUR CITY #1,Indoor Pool,2025-02-06,WEST HARBOUR CITY,Pass,0,0,0,0,0
WEST HARBOUR CITY #1,Indoor Pool,2025-05-08,WEST HARBOUR CITY,Pass,0,0,0,0,0
WEST HARBOUR CITY #1,Indoor Pool,2025-09-10,WEST HARBOUR CITY,Pass,1,1,0,0,1
WEST HARBOUR CITY #1,Indoor Pool,2025-11-18,WEST HARBOUR CITY,Pass,0,0,0,0,0
WEST HARBOUR CITY #1,Indoor Pool,2026-01-30,WEST HARBOUR CITY,Pass,0,0,0,0,0
WEST HARBOUR CITY #1,Indoor Pool,2026-05-05,WEST HARBOUR CITY,Pass,0,0,0,0,0
WEST HARBOUR CITY #1,Indoor Pool,2026-08-17,WEST HARBOUR CITY,Pass,0,0,0,0,0
WEST HARBOUR CITY (SPA) #1,Spa Indoor,2024-07-17,WEST HARBOUR CITY,Pass,0,0,0,0,0
WEST HARBOUR CITY (SPA) #1,Spa Indoor,2025-02-06,WEST HARBOUR CITY,Pass,0,0,0,0,0
WEST HARBOUR CITY (SPA) #1,Spa Indoor,2025-05-08,WEST HARBOUR CITY,Pass,1,1,0,0,1
WEST HARBOUR CITY (SPA) #1,Spa Indoor,2025-09-10,WEST HARBOUR CITY,Pass,0,0,0,0,0
WEST HARBOUR CITY (SPA) #1,Spa Indoor,2025-11-18,WEST HARBOUR CITY,Pass,0,0,0,0,0
WEST HARBOUR CITY (SPA) #1,Spa Indoor,2026-01-30,WEST HARBOUR CITY,Pass,0,0,0,0,0
WEST HARBOUR CITY (SPA) #1,Spa Indoor,2026-05-05,WEST HARBOUR CITY,Pass,0,0,0,0,0
WEST HARBOUR CITY (SPA) #1,Spa Indoor,2026-08-17,WEST HARBOUR CITY,Pass,0,0,0,0,0
WEST HARBOUR POOL,Indoor Pool,2024-08-20,WEST HARBOUR,Pass,0,0,0,0,0
WEST HARBOUR POOL,Indoor Pool,2024-11-27,WEST HARBOUR,Pass,0,0,0,0,0
WEST HARBOUR POOL,Indoor Pool,2025-01-31,WEST HARBOUR,Pass,0,0,0,0,0
WEST HARBOUR POOL,Indoor Pool,2025-05-06,WEST HARBOUR,Pass,0,0,0,0,0
WEST HARBOUR POOL,Indoor Pool,2025-09-11,WEST HARBOUR,Pass,0,0,0,0,0
WEST HARBOUR POOL,Indoor Pool,2025-11-20,WEST HARBOUR,Pass,0,0,0,0,0
WEST HARBOUR POOL,Indoor Pool,2026-03-23,WEST HARBOUR,Pass,0,0,0,0,0
WEST HARBOUR POOL,Indoor Pool,2026-05-05,WEST HARBOUR,Pass,0,0,0,0,0
WEST HARBOUR SPA,Spa Indoor,2024-08-20,WEST HARBOUR,Pass,0,0,0,0,0
WEST HARBOUR SPA,Spa Indoor,2024-11-27,WEST HARBOUR,Pass,1,1,0,0,1
WEST HARBOUR SPA,Spa Indoor,2025-01-31,WEST HARBOUR,Pass,0,0,0,0,0
WEST HARBOUR SPA,Spa Indoor,2025-05-06,WEST HARBOUR,Pass,0,0,0,0,0
WEST HARBOUR SPA,Spa Indoor,2025-09-11,WEST HARBOUR,Pass,0,0,0,0,0
WEST HARBOUR SPA,Spa Indoor,2025-11-20,WEST HARBOUR,Pass,0,0,0,0,0
WEST HARBOUR SPA,Spa Indoor,2026-03-23,WEST HARBOUR,Pass,0,0,0,0,0
WEST HARBOUR SPA,Spa Indoor,2026-05-05,WEST HARBOUR,Pass,0,0,0,0,0
WEST HILL COLLEGIATE INSTITUTE,Indoor Pool,2024-09-12,WEST HILL COLLEGIATE INSTITUTE,Pass,1,1,0,0,1
WEST HILL COLLEGIATE INSTITUTE,Indoor Pool,2024-11-19,WEST HILL COLLEGIATE INSTITUTE,Pass,1,1,0,0,1
WEST HILL COLLEGIATE INSTITUTE,Indoor Pool,2025-02-03,WEST HILL COLLEGIATE INSTITUTE,Pass,2,2,0,0,2
WEST HILL COLLEGIATE INSTITUTE,Indoor Pool,2025-05-23,WEST HILL COLLEGIATE INSTITUTE,Pass,0,0,0,0,0
WEST HILL COLLEGIATE INSTITUTE,Indoor Pool,2025-08-06,WEST HILL COLLEGIATE INSTITUTE,Pass,0,0,0,0,0
WEST HILL COLLEGIATE INSTITUTE,Indoor Pool,2025-10-21,WEST HILL COLLEGIATE INSTITUTE,Pass,0,0,0,0,0
WEST HILL COLLEGIATE INSTITUTE,Indoor Pool,2026-01-13,WEST HILL COLLEGIATE INSTITUTE,Pass,1,1,0,0,1
WEST HILL COLLEGIATE INSTITUTE,Indoor Pool,2026-04-14,WEST HILL COLLEGIATE INSTITUTE,Pass,0,0,0,0,0
WEST HILL COLLEGIATE INSTITUTE,Indoor Pool,2026-09-14,WEST HILL COLLEGIATE INSTITUTE,Pass,0,0,0,0,0
WEST LAKE,Indoor Pool,2026-02-04,WEST LAKE,Pass,0,0,0,0,0
WEST LAKE,Indoor Pool,2026-07-27,WEST LAKE,Pass,3,3,0,0,3
WEST LAKE,Spa Indoor,2024-09-20,WEST LAKE,Pass,0,0,0,0,0
WEST LAKE,Spa Indoor,2024-12-20,WEST LAKE,Pass,0,0,0,0,0
WEST LAKE,Spa Indoor,2025-03-18,WEST LAKE,Pass,0,0,0,0,0
WEST LAKE,Spa Indoor,2025-06-12,WEST LAKE,Pass,0,0,0,0,0
WEST LAKE,Spa Indoor,2025-09-26,WEST LAKE,Pass,0,0,0,0,0
WEST LAKE,Spa Indoor,2025-11-13,WEST LAKE,Pass,0,0,0,0,0
WEST LAKE,Spa Indoor,2026-01-30,WEST LAKE,Pass,0,0,0,0,0
WEST LAKE,Spa Indoor,2026-04-21,WEST LAKE,Pass,0,0,0,0,0
WEST LAKE,Spa Indoor,2026-07-27,WEST LAKE,Pass,2,2,0,0,2
WEST MALL OUTDOOR POOL,Outdoor Pool,2025-06-16,WEST MALL OUTDOOR POOL,Pass,0,0,0,0,0
WEST MALL OUTDOOR POOL,Outdoor Pool,2026-07-13,WEST MALL OUTDOOR POOL,Pass,1,1,0,0,1
WEST PARK HEALTH CARE CENTRE (NEW POOL),Indoor Pool,2024-12-19,WEST PARK HEALTH CARE CENTRE (NEW POOL),Pass,0,0,0,0,0
WEST PARK HEALTH CARE CENTRE (NEW POOL),Indoor Pool,2025-02-11,WEST PARK HEALTH CARE CENTRE (NEW POOL),Pass,1,1,0,0,1
WEST PARK HEALTH CARE CENTRE (NEW POOL),Indoor Pool,2025-06-20,WEST PARK HEALTH CARE CENTRE (NEW POOL),Pass,2,1,1,0,2
WEST PARK HEALTH CARE CENTRE (NEW POOL),Indoor Pool,2025-09-24,WEST PARK HEALTH CARE CENTRE (NEW POOL),Pass,1,0,1,0,1
WEST PARK HEALTH CARE CENTRE (NEW POOL),Indoor Pool,2025-11-06,WEST PARK HEALTH CARE CENTRE (NEW POOL),Pass,0,0,0,0,0
WEST PARK HEALTH CARE CENTRE (NEW POOL),Indoor Pool,2026-01-27,WEST PARK HEALTH CARE CENTRE (NEW POOL),Pass,3,2,1,0,2
WEST PARK HEALTH CARE CENTRE (NEW POOL),Indoor Pool,2026-04-09,WEST PARK HEALTH CARE CENTRE (NEW POOL),Pass,0,0,0,0,0
WEST PARK HEALTH CARE CENTRE (NEW POOL),Indoor Pool,2026-08-04,WEST PARK HEALTH CARE CENTRE (NEW POOL),Pass,2,2,0,0,1
WEST SCARBOROUGH NEIGHBOURHOOD COMMUNITY CENTRE,Indoor Pool,2024-07-10,WEST SCARBOROUGH NEIGHBOURHOOD COMMUNITY CENTRE,Pass,4,2,2,0,1
WEST SCARBOROUGH NEIGHBOURHOOD COMMUNITY CENTRE,Indoor Pool,2024-10-28,WEST SCARBOROUGH NEIGHBOURHOOD COMMUNITY CENTRE,Pass,0,0,0,0,0
WEST SCARBOROUGH NEIGHBOURHOOD COMMUNITY CENTRE,Indoor Pool,2025-01-07,WEST SCARBOROUGH NEIGHBOURHOOD COMMUNITY CENTRE,Pass,0,0,0,0,0
WEST SCARBOROUGH NEIGHBOURHOOD COMMUNITY CENTRE,Indoor Pool,2025-04-09,WEST SCARBOROUGH NEIGHBOURHOOD COMMUNITY CENTRE,Pass,0,0,0,0,0
WEST SCARBOROUGH NEIGHBOURHOOD COMMUNITY CENTRE,Indoor Pool,2025-09-29,WEST SCARBOROUGH NEIGHBOURHOOD COMMUNITY CENTRE,Pass,2,2,0,0,2
WEST SCARBOROUGH NEIGHBOURHOOD COMMUNITY CENTRE,Indoor Pool,2025-12-18,WEST SCARBOROUGH NEIGHBOURHOOD COMMUNITY CENTRE,Pass,3,1,2,0,2
WEST SCARBOROUGH NEIGHBOURHOOD COMMUNITY CENTRE,Indoor Pool,2026-03-19,WEST SCARBOROUGH NEIGHBOURHOOD COMMUNITY CENTRE,Pass,4,4,0,0,3
WEST SCARBOROUGH NEIGHBOURHOOD COMMUNITY CENTRE,Indoor Pool,2026-06-11,WEST SCARBOROUGH NEIGHBOURHOOD COMMUNITY CENTRE,Closed,3,0,0,3,3
WEST SCARBOROUGH NEIGHBOURHOOD COMMUNITY CENTRE,Indoor Pool,2026-06-12,WEST SCARBOROUGH NEIGHBOURHOOD COMMUNITY CENTRE,Pass,1,1,0,0,1
WEST VILLAGE ETOBICOKE,Indoor Pool,2024-07-11,WEST VILLAGE ETOBICOKE,Closed,3,1,0,2,2
WEST VILLAGE ETOBICOKE,Indoor Pool,2024-12-10,WEST VILLAGE ETOBICOKE,Pass,2,2,0,0,1
WEST VILLAGE ETOBICOKE,Indoor Pool,2025-02-19,WEST VILLAGE ETOBICOKE,Pass,0,0,0,0,0
WEST VILLAGE ETOBICOKE,Indoor Pool,2026-07-23,WEST VILLAGE ETOBICOKE,Pass,5,5,0,0,2
WEST VILLAGE ETOBICOKE,Spa Indoor,2024-07-12,WEST VILLAGE ETOBICOKE,Pass,0,0,0,0,0
WEST VILLAGE ETOBICOKE,Spa Indoor,2024-12-10,WEST VILLAGE ETOBICOKE,Pass,1,1,0,0,1
WEST VILLAGE ETOBICOKE,Spa Indoor,2025-03-24,WEST VILLAGE ETOBICOKE,Pass,0,0,0,0,0
WEST VILLAGE ETOBICOKE,Spa Indoor,2025-05-05,WEST VILLAGE ETOBICOKE,Pass,0,0,0,0,0
WEST VILLAGE ETOBICOKE,Spa Indoor,2025-09-10,WEST VILLAGE ETOBICOKE,Pass,0,0,0,0,0
WEST VILLAGE ETOBICOKE,Spa Indoor,2026-01-16,WEST VILLAGE ETOBICOKE,Pass,0,0,0,0,0
WEST VILLAGE ETOBICOKE,Spa Indoor,2026-02-20,WEST VILLAGE ETOBICOKE,Pass,0,0,0,0,0
WEST VILLAGE ETOBICOKE,Spa Indoor,2026-04-16,WEST VILLAGE ETOBICOKE,Pass,0,0,0,0,0
WEST VILLAGE ETOBICOKE,Spa Indoor,2026-07-23,WEST VILLAGE ETOBICOKE,Pass,6,6,0,0,3
WESTDALE PROPERTIES LTD - OUTDOOR POOL,Outdoor Pool,2024-08-12,50 CAMBRIDGE AVE,Conditional Pass,3,1,2,0,3
WESTDALE PROPERTIES LTD - OUTDOOR POOL,Outdoor Pool,2024-08-15,50 CAMBRIDGE AVE,Pass,0,0,0,0,0
WESTDALE PROPERTIES LTD - OUTDOOR POOL,Outdoor Pool,2025-06-16,50 CAMBRIDGE AVE,Conditional Pass,2,0,2,0,2
WESTDALE PROPERTIES LTD - OUTDOOR POOL,Outdoor Pool,2025-06-19,50 CAMBRIDGE AVE,Pass,0,0,0,0,0
WESTDALE PROPERTIES LTD - OUTDOOR POOL,Outdoor Pool,2026-07-06,50 CAMBRIDGE AVE,Conditional Pass,3,2,1,0,2
WESTDALE PROPERTIES LTD - OUTDOOR POOL,Outdoor Pool,2026-07-20,50 CAMBRIDGE AVE,Pass,0,0,0,0,0
WESTERN TECH.,Indoor Pool,2024-09-25,WESTERN TECHNICAL-COMMERCIAL SCHOOL,Pass,4,3,1,0,4
WESTERN TECH.,Indoor Pool,2024-12-10,WESTERN TECHNICAL-COMMERCIAL SCHOOL,Pass,1,1,0,0,1
WESTERN TECH.,Indoor Pool,2025-03-28,WESTERN TECHNICAL-COMMERCIAL SCHOOL,Pass,2,2,0,0,1
WESTERN TECH.,Indoor Pool,2025-05-12,WESTERN TECHNICAL-COMMERCIAL SCHOOL,Pass,1,1,0,0,1
WESTERN TECH.,Indoor Pool,2025-09-30,WESTERN TECHNICAL-COMMERCIAL SCHOOL,Pass,0,0,0,0,0
WESTERN TECH.,Indoor Pool,2025-12-19,WESTERN TECHNICAL-COMMERCIAL SCHOOL,Pass,2,2,0,0,2
WESTERN TECH.,Indoor Pool,2026-02-10,WESTERN TECHNICAL-COMMERCIAL SCHOOL,Pass,2,2,0,0,1
WESTERN TECH.,Indoor Pool,2026-07-20,WESTERN TECHNICAL-COMMERCIAL SCHOOL,Pass,1,1,0,0,1
WESTGROVE OUTDOOR POOL,Outdoor Pool,2025-07-14,WESTGROVE OUTDOOR POOL,Pass,1,1,0,0,1
WESTGROVE OUTDOOR POOL,Outdoor Pool,2026-07-07,WESTGROVE OUTDOOR POOL,Pass,2,2,0,0,2
WESTIN HARBOUR CASTLE FITNESS,Indoor Pool,2024-08-15,WESTIN HARBOUR CASTLE FITNESS,Pass,1,0,1,0,1
WESTIN HARBOUR CASTLE FITNESS,Indoor Pool,2024-11-19,WESTIN HARBOUR CASTLE FITNESS,Conditional Pass,2,1,0,1,2
WESTIN HARBOUR CASTLE FITNESS,Indoor Pool,2024-11-29,WESTIN HARBOUR CASTLE FITNESS,Pass,0,0,0,0,0
WESTIN HARBOUR CASTLE FITNESS,Indoor Pool,2025-02-18,WESTIN HARBOUR CASTLE FITNESS,Pass,0,0,0,0,0
WESTIN HARBOUR CASTLE FITNESS,Indoor Pool,2025-04-28,WESTIN HARBOUR CASTLE FITNESS,Pass,1,1,0,0,1
WESTIN HARBOUR CASTLE FITNESS,Indoor Pool,2025-12-05,WESTIN HARBOUR CASTLE FITNESS,Conditional Pass,5,2,1,2,4
WESTIN HARBOUR CASTLE FITNESS,Indoor Pool,2026-01-28,WESTIN HARBOUR CASTLE FITNESS,Pass,0,0,0,0,0
WESTIN HARBOUR CASTLE FITNESS,Indoor Pool,2026-03-24,WESTIN HARBOUR CASTLE FITNESS,Pass,1,1,0,0,1
WESTIN HARBOUR CASTLE FITNESS,Indoor Pool,2026-06-10,WESTIN HARBOUR CASTLE FITNESS,Pass,0,0,0,0,0
WESTIN HARBOUR CASTLE FITNESS,Spa Indoor,2024-08-15,WESTIN HARBOUR CASTLE FITNESS,Pass,1,1,0,0,1
WESTIN HARBOUR CASTLE FITNESS,Spa Indoor,2025-04-28,WESTIN HARBOUR CASTLE FITNESS,Pass,0,0,0,0,0
WESTIN HARBOUR CASTLE FITNESS,Spa Indoor,2025-12-05,WESTIN HARBOUR CASTLE FITNESS,Conditional Pass,3,0,0,3,3
WESTIN HARBOUR CASTLE FITNESS,Spa Indoor,2026-03-24,WESTIN HARBOUR CASTLE FITNESS,Pass,0,0,0,0,0
WESTIN TORONTO AIRPORT HOTEL,Indoor Pool,2024-09-10,WESTIN BRISTOL PLACE,Pass,0,0,0,0,0
WESTIN TORONTO AIRPORT HOTEL,Indoor Pool,2024-12-06,WESTIN BRISTOL PLACE,Pass,0,0,0,0,0
WESTIN TORONTO AIRPORT HOTEL,Indoor Pool,2025-03-25,WESTIN BRISTOL PLACE,Pass,0,0,0,0,0
WESTIN TORONTO AIRPORT HOTEL,Indoor Pool,2025-05-27,WESTIN BRISTOL PLACE,Pass,1,0,1,0,1
WESTIN TORONTO AIRPORT HOTEL,Indoor Pool,2025-10-02,WESTIN BRISTOL PLACE,Pass,0,0,0,0,0
WESTIN TORONTO AIRPORT HOTEL,Indoor Pool,2026-03-16,WESTIN BRISTOL PLACE,Pass,3,1,2,0,1
WESTIN TORONTO AIRPORT HOTEL,Indoor Pool,2026-05-15,WESTIN BRISTOL PLACE,Pass,0,0,0,0,0
WESTLAKE ENCORE POOL,Outdoor Pool,2024-08-20,WESTLAKE ENCORE POOL,Pass,0,0,0,0,0
WESTLAKE ENCORE POOL,Outdoor Pool,2025-08-22,WESTLAKE ENCORE POOL,Conditional Pass,11,6,2,3,5
WESTLAKE ENCORE POOL,Outdoor Pool,2025-09-15,WESTLAKE ENCORE POOL,Pass,3,3,0,0,2
WESTLAKE ENCORE POOL,Outdoor Pool,2026-07-23,WESTLAKE ENCORE POOL,Pass,0,0,0,0,0
WESTMOUNT POOL,Outdoor Pool,2024-08-01,WESTMOUNT PARK,Pass,2,2,0,0,2
WESTMOUNT POOL,Outdoor Pool,2025-07-03,WESTMOUNT PARK,Pass,0,0,0,0,0
WESTMOUNT POOL,Outdoor Pool,2026-08-11,WESTMOUNT PARK,Pass,5,5,0,0,4
WESTON LIONS POOL,Outdoor Pool,2024-08-15,WESTON LIONS PARK,Conditional Pass,6,1,2,3,4
WESTON LIONS POOL,Outdoor Pool,2024-08-28,WESTON LIONS PARK,Pass,3,3,0,0,2
WESTON LIONS POOL,Outdoor Pool,2025-08-25,WESTON LIONS PARK,Pass,2,2,0,0,1
WESTON LIONS POOL,Outdoor Pool,2026-07-14,WESTON LIONS PARK,Pass,3,2,1,0,2
WESTSIDE TOWERS,Indoor Pool,2024-09-23,WESTSIDE TOWERS,Pass,0,0,0,0,0
WESTSIDE TOWERS,Indoor Pool,2024-12-19,WESTSIDE TOWERS,Pass,0,0,0,0,0
WESTSIDE TOWERS,Indoor Pool,2025-03-31,WESTSIDE TOWERS,Pass,0,0,0,0,0
WESTSIDE TOWERS,Indoor Pool,2025-07-15,WESTSIDE TOWERS,Pass,0,0,0,0,0
WESTSIDE TOWERS,Indoor Pool,2025-11-19,WESTSIDE TOWERS,Pass,0,0,0,0,0
WESTSIDE TOWERS,Indoor Pool,2026-03-17,WESTSIDE TOWERS,Pass,0,0,0,0,0
WESTSIDE TOWERS,Indoor Pool,2026-06-16,WESTSIDE TOWERS,Pass,0,0,0,0,0
WESTSIDE TOWERS,Indoor Pool,2026-09-16,WESTSIDE TOWERS,Pass,2,2,0,0,1
WESTVIEW CENTENNIAL SCHOOL POOL,Indoor Pool,2024-11-19,WESTVIEW CENTENNIAL SCHOOL,Pass,2,2,0,0,2
WESTVIEW CENTENNIAL SCHOOL POOL,Indoor Pool,2025-02-04,WESTVIEW CENTENNIAL SCHOOL,Pass,1,1,0,0,1
WESTVIEW CENTENNIAL SCHOOL POOL,Indoor Pool,2025-04-14,WESTVIEW CENTENNIAL SCHOOL,Pass,0,0,0,0,0
WESTVIEW CENTENNIAL SCHOOL POOL,Indoor Pool,2025-09-09,WESTVIEW CENTENNIAL SCHOOL,Pass,0,0,0,0,0
WESTVIEW CENTENNIAL SCHOOL POOL,Indoor Pool,2025-10-29,WESTVIEW CENTENNIAL SCHOOL,Pass,1,1,0,0,1
WESTVIEW CENTENNIAL SCHOOL POOL,Indoor Pool,2026-02-12,WESTVIEW CENTENNIAL SCHOOL,Pass,1,1,0,0,1
WESTVIEW CENTENNIAL SCHOOL POOL,Indoor Pool,2026-04-15,WESTVIEW CENTENNIAL SCHOOL,Pass,0,0,0,0,0
WESTVIEW CENTENNIAL SCHOOL POOL,Indoor Pool,2026-08-12,WESTVIEW CENTENNIAL SCHOOL,Pass,0,0,0,0,0
WEXFORD C.I. POOL,Indoor Pool,2024-09-25,WEXFORD C.I. POOL,Pass,0,0,0,0,0
WEXFORD C.I. POOL,Indoor Pool,2024-12-18,WEXFORD C.I. POOL,Pass,0,0,0,0,0
WEXFORD C.I. POOL,Indoor Pool,2025-03-26,WEXFORD C.I. POOL,Pass,0,0,0,0,0
WEXFORD C.I. POOL,Indoor Pool,2025-06-05,WEXFORD C.I. POOL,Pass,0,0,0,0,0
WEXFORD C.I. POOL,Indoor Pool,2025-09-18,WEXFORD C.I. POOL,Conditional Pass,1,0,1,0,1
WEXFORD C.I. POOL,Indoor Pool,2025-10-22,WEXFORD C.I. POOL,Closed,2,0,1,1,2
WEXFORD C.I. POOL,Indoor Pool,2025-10-23,WEXFORD C.I. POOL,Pass,0,0,0,0,0
WEXFORD C.I. POOL,Indoor Pool,2026-05-14,WEXFORD C.I. POOL,Conditional Pass,3,2,0,1,3
WEXFORD C.I. POOL,Indoor Pool,2026-06-19,WEXFORD C.I. POOL,Pass,1,1,0,0,1
WEXFORD C.I. POOL,Indoor Pool,2026-08-24,WEXFORD C.I. POOL,Pass,2,2,0,0,2
WIDDICOMBE PLACE,Indoor Pool,2024-09-04,WIDDICOMBE PLACE,Closed,2,0,0,2,2
WIDDICOMBE PLACE,Indoor Pool,2024-09-05,WIDDICOMBE PLACE,Pass,0,0,0,0,0
WIDDICOMBE PLACE,Indoor Pool,2024-11-18,WIDDICOMBE PLACE,Pass,0,0,0,0,0
WIDDICOMBE PLACE,Indoor Pool,2025-04-14,WIDDICOMBE PLACE,Pass,0,0,0,0,0
WIDDICOMBE PLACE,Indoor Pool,2025-09-16,WIDDICOMBE PLACE,Pass,0,0,0,0,0
WIDDICOMBE PLACE,Indoor Pool,2025-12-29,WIDDICOMBE PLACE,Pass,0,0,0,0,0
WIDDICOMBE PLACE,Indoor Pool,2026-04-22,WIDDICOMBE PLACE,Pass,2,2,0,0,1
WIDDICOMBE PLACE,Indoor Pool,2026-08-21,WIDDICOMBE PLACE,Pass,4,4,0,0,1
WIDDICOMBE PLACE - MEN INDOOR SPA,Spa Indoor,2025-01-09,WIDDICOMBE PLACE,Pass,1,1,0,0,1
WIDDICOMBE PLACE - MEN INDOOR SPA,Spa Indoor,2025-04-15,WIDDICOMBE PLACE,Pass,0,0,0,0,0
WIDDICOMBE PLACE - MEN INDOOR SPA,Spa Indoor,2025-09-16,WIDDICOMBE PLACE,Conditional Pass,1,0,1,0,1
WIDDICOMBE PLACE - MEN INDOOR SPA,Spa Indoor,2025-10-06,WIDDICOMBE PLACE,Pass,0,0,0,0,0
WIDDICOMBE PLACE - MEN INDOOR SPA,Spa Indoor,2026-03-26,WIDDICOMBE PLACE,Pass,1,1,0,0,1
WIDDICOMBE PLACE - MEN INDOOR SPA,Spa Indoor,2026-04-22,WIDDICOMBE PLACE,Pass,0,0,0,0,0
WIDDICOMBE PLACE - WOMEN INDOOR SPA,Spa Indoor,2025-01-09,WIDDICOMBE PLACE,Pass,1,1,0,0,1
WIDDICOMBE PLACE - WOMEN INDOOR SPA,Spa Indoor,2025-04-15,WIDDICOMBE PLACE,Pass,0,0,0,0,0
WIDDICOMBE PLACE - WOMEN INDOOR SPA,Spa Indoor,2025-09-16,WIDDICOMBE PLACE,Conditional Pass,3,0,1,2,3
WIDDICOMBE PLACE - WOMEN INDOOR SPA,Spa Indoor,2025-10-06,WIDDICOMBE PLACE,Pass,0,0,0,0,0
WIDDICOMBE PLACE - WOMEN INDOOR SPA,Spa Indoor,2026-02-27,WIDDICOMBE PLACE,Conditional Pass,6,1,4,1,2
WIDDICOMBE PLACE - WOMEN INDOOR SPA,Spa Indoor,2026-03-03,WIDDICOMBE PLACE,Pass,0,0,0,0,0
WIDDICOMBE PLACE - WOMEN INDOOR SPA,Spa Indoor,2026-05-25,WIDDICOMBE PLACE,Conditional Pass,1,0,0,1,1
WIDDICOMBE PLACE - WOMEN INDOOR SPA,Spa Indoor,2026-06-02,WIDDICOMBE PLACE,Pass,0,0,0,0,0
WIDDICOMBE PLACE - WOMEN INDOOR SPA,Spa Indoor,2026-08-27,WIDDICOMBE PLACE,Pass,1,1,0,0,1
WILLOWGLEN APARTMENT POOL,Outdoor Pool,2025-08-29,WILLOWGLEN APARTMENTS,Pass,2,2,0,0,2
WILLOWGLEN APARTMENT POOL,Outdoor Pool,2026-07-09,WILLOWGLEN APARTMENTS,Closed,6,3,0,3,6
WILLOWGLEN APARTMENT POOL,Outdoor Pool,2026-07-14,WILLOWGLEN APARTMENTS,Closed,2,0,0,2,2
WILLOWGLEN APARTMENT POOL,Outdoor Pool,2026-07-17,WILLOWGLEN APARTMENTS,Pass,0,0,0,0,0
WINDERMERE BY THE LAKE,Indoor Pool,2024-09-24,WINDERMERE BY THE LAKE,Closed,4,1,2,1,4
WINDERMERE BY THE LAKE,Indoor Pool,2024-09-26,WINDERMERE BY THE LAKE,Pass,0,0,0,0,0
WINDERMERE BY THE LAKE,Indoor Pool,2025-03-12,WINDERMERE BY THE LAKE,Pass,1,1,0,0,1
WINDERMERE BY THE LAKE,Indoor Pool,2025-06-26,WINDERMERE BY THE LAKE,Pass,5,4,1,0,3
WINDERMERE BY THE LAKE,Indoor Pool,2025-11-26,WINDERMERE BY THE LAKE,Conditional Pass,7,3,2,2,4
WINDERMERE BY THE LAKE,Indoor Pool,2025-12-18,WINDERMERE BY THE LAKE,Pass,3,3,0,0,1
WINDERMERE BY THE LAKE,Indoor Pool,2026-03-12,WINDERMERE BY THE LAKE,Pass,0,0,0,0,0
WINDERMERE BY THE LAKE,Indoor Pool,2026-06-08,WINDERMERE BY THE LAKE,Closed,7,4,0,3,4
WINDERMERE BY THE LAKE,Indoor Pool,2026-06-12,WINDERMERE BY THE LAKE,Pass,0,0,0,0,0
WINDERMERE BY THE LAKE,Indoor Pool,2026-08-05,WINDERMERE BY THE LAKE,Pass,4,4,0,0,3
WINDFIELD TERRACE - HOT TUB - SMALL SPA,Spa Indoor,2024-11-18,WINDFIELD TERRACE,Pass,0,0,0,0,0
WINDFIELD TERRACE - HOT TUB - SMALL SPA,Spa Indoor,2025-03-24,WINDFIELD TERRACE,Pass,0,0,0,0,0
WINDFIELD TERRACE - HOT TUB - SMALL SPA,Spa Indoor,2025-05-16,WINDFIELD TERRACE,Pass,1,0,1,0,1
WINDFIELD TERRACE - HOT TUB - SMALL SPA,Spa Indoor,2025-12-29,WINDFIELD TERRACE,Pass,1,1,0,0,1
WINDFIELD TERRACE - HOT TUB - SMALL SPA,Spa Indoor,2026-03-26,WINDFIELD TERRACE,Pass,1,0,1,0,1
WINDFIELD TERRACE - HOT TUB - SMALL SPA,Spa Indoor,2026-05-25,WINDFIELD TERRACE,Pass,2,2,0,0,2
WINDFIELD TERRACE - WHIRLPOOL - LARGE SPA,Spa Indoor,2024-11-18,WINDFIELD TERRACE,Pass,2,1,1,0,2
WINDFIELD TERRACE - WHIRLPOOL - LARGE SPA,Spa Indoor,2025-03-24,WINDFIELD TERRACE,Pass,0,0,0,0,0
WINDFIELD TERRACE - WHIRLPOOL - LARGE SPA,Spa Indoor,2025-05-16,WINDFIELD TERRACE,Pass,1,0,1,0,1
WINDFIELD TERRACE - WHIRLPOOL - LARGE SPA,Spa Indoor,2025-12-29,WINDFIELD TERRACE,Pass,1,1,0,0,1
WINDFIELD TERRACE - WHIRLPOOL - LARGE SPA,Spa Indoor,2026-03-26,WINDFIELD TERRACE,Pass,3,1,2,0,3
WINDFIELD TERRACE - WHIRLPOOL - LARGE SPA,Spa Indoor,2026-05-25,WINDFIELD TERRACE,Pass,2,2,0,0,2
WINDFIELD TERRACE POOL,Outdoor Pool,2025-05-16,WINDFIELD TERRACE,Pass,1,1,0,0,1
WINDFIELD TERRACE POOL,Outdoor Pool,2026-05-25,WINDFIELD TERRACE,Conditional Pass,10,5,3,2,4
WINDFIELD TERRACE POOL,Outdoor Pool,2026-08-05,WINDFIELD TERRACE,Pass,3,3,0,0,1
WINDSOR ARMS HOTEL,Indoor Pool,2024-07-31,WINDSOR ARMS HOTEL,Pass,0,0,0,0,0
WINDSOR ARMS HOTEL,Indoor Pool,2024-10-21,WINDSOR ARMS HOTEL,Pass,0,0,0,0,0
WINDSOR ARMS HOTEL,Indoor Pool,2025-01-28,WINDSOR ARMS HOTEL,Pass,0,0,0,0,0
WINDSOR ARMS HOTEL,Indoor Pool,2025-05-01,WINDSOR ARMS HOTEL,Pass,0,0,0,0,0
WINDSOR ARMS HOTEL,Indoor Pool,2025-08-08,WINDSOR ARMS HOTEL,Pass,0,0,0,0,0
WINDSOR ARMS HOTEL,Indoor Pool,2025-11-12,WINDSOR ARMS HOTEL,Pass,0,0,0,0,0
WINDSOR ARMS HOTEL,Indoor Pool,2026-02-13,WINDSOR ARMS HOTEL,Pass,0,0,0,0,0
WINDSOR ARMS HOTEL,Indoor Pool,2026-06-15,WINDSOR ARMS HOTEL,Pass,0,0,0,0,0
WINDSOR SHARED REC FACILITIES- CLASS B INDOOR POOL,Indoor Pool,2024-08-16,WINDSOR SHARED REC FACILITIES,Pass,0,0,0,0,0
WINDSOR SHARED REC FACILITIES- CLASS B INDOOR POOL,Indoor Pool,2025-04-15,WINDSOR SHARED REC FACILITIES,Conditional Pass,7,2,1,4,4
WINDSOR SHARED REC FACILITIES- CLASS B INDOOR POOL,Indoor Pool,2025-08-20,WINDSOR SHARED REC FACILITIES,Pass,1,1,0,0,1
WINDSOR SHARED REC FACILITIES- CLASS B INDOOR POOL,Indoor Pool,2025-10-29,WINDSOR SHARED REC FACILITIES,Pass,1,1,0,0,1
WINDSOR SHARED REC FACILITIES- CLASS B INDOOR POOL,Indoor Pool,2026-02-03,WINDSOR SHARED REC FACILITIES,Closed,4,1,2,1,3
WINDSOR SHARED REC FACILITIES- CLASS B INDOOR POOL,Indoor Pool,2026-02-04,WINDSOR SHARED REC FACILITIES,Pass,1,1,0,0,1
WINDSOR SHARED REC FACILITIES- CLASS B INDOOR POOL,Indoor Pool,2026-05-11,WINDSOR SHARED REC FACILITIES,Pass,2,2,0,0,1
WINDSOR SHARED REC FACILITIES- CLASS B INDOOR POOL,Indoor Pool,2026-07-23,WINDSOR SHARED REC FACILITIES,Conditional Pass,4,2,2,0,3
WINDSOR SHARED REC FACILITIES- CLASS B INDOOR POOL,Indoor Pool,2026-08-14,WINDSOR SHARED REC FACILITIES,Pass,0,0,0,0,0
WINONA DRIVE SENIOR PUBLIC SCHOOL,Indoor Pool,2024-09-11,WINONA DRIVE SENIOR PUBLIC SCHOOL,Pass,2,2,0,0,2
WINONA DRIVE SENIOR PUBLIC SCHOOL,Indoor Pool,2024-12-11,WINONA DRIVE SENIOR PUBLIC SCHOOL,Pass,1,1,0,0,1
WINONA DRIVE SENIOR PUBLIC SCHOOL,Indoor Pool,2025-03-27,WINONA DRIVE SENIOR PUBLIC SCHOOL,Pass,0,0,0,0,0
WINONA DRIVE SENIOR PUBLIC SCHOOL,Indoor Pool,2025-06-10,WINONA DRIVE SENIOR PUBLIC SCHOOL,Pass,0,0,0,0,0
WINONA DRIVE SENIOR PUBLIC SCHOOL,Indoor Pool,2025-10-22,WINONA DRIVE SENIOR PUBLIC SCHOOL,Pass,0,0,0,0,0
WINONA DRIVE SENIOR PUBLIC SCHOOL,Indoor Pool,2026-03-12,WINONA DRIVE SENIOR PUBLIC SCHOOL,Pass,0,0,0,0,0
WINONA DRIVE SENIOR PUBLIC SCHOOL,Indoor Pool,2026-05-14,WINONA DRIVE SENIOR PUBLIC SCHOOL,Pass,0,0,0,0,0
WJ  PROPERTIES,Indoor Pool,2024-09-10,CARLTON PROPERTIES,Closed,4,2,0,2,3
WJ  PROPERTIES,Indoor Pool,2024-09-12,CARLTON PROPERTIES,Pass,0,0,0,0,0
WJ  PROPERTIES,Indoor Pool,2024-12-30,CARLTON PROPERTIES,Closed,1,0,0,1,1
WJ  PROPERTIES,Indoor Pool,2025-01-20,CARLTON PROPERTIES,Pass,3,3,0,0,2
WJ  PROPERTIES,Indoor Pool,2025-04-02,CARLTON PROPERTIES,Conditional Pass,9,4,2,3,5
WJ  PROPERTIES,Indoor Pool,2025-04-17,CARLTON PROPERTIES,Pass,0,0,0,0,0
WJ  PROPERTIES,Indoor Pool,2025-09-03,CARLTON PROPERTIES,Pass,1,1,0,0,1
WJ  PROPERTIES,Indoor Pool,2025-11-06,CARLTON PROPERTIES,Conditional Pass,5,3,1,1,3
WJ  PROPERTIES,Indoor Pool,2025-12-05,CARLTON PROPERTIES,Pass,0,0,0,0,0
WJ  PROPERTIES,Indoor Pool,2026-03-05,CARLTON PROPERTIES,Conditional Pass,9,4,3,2,4
WJ  PROPERTIES,Indoor Pool,2026-03-16,CARLTON PROPERTIES,Pass,0,0,0,0,0
WJ  PROPERTIES,Indoor Pool,2026-06-02,CARLTON PROPERTIES,Conditional Pass,3,2,1,0,3
WJ  PROPERTIES,Indoor Pool,2026-06-04,CARLTON PROPERTIES,Pass,0,0,0,0,0
WOODLANDS ON THE PARK POOL,Indoor Pool,2024-07-24,WOODLANDS ON THE PARK,Pass,0,0,0,0,0
WOODLANDS ON THE PARK POOL,Indoor Pool,2024-10-18,WOODLANDS ON THE PARK,Pass,2,2,0,0,1
WOODLANDS ON THE PARK POOL,Indoor Pool,2025-01-13,WOODLANDS ON THE PARK,Conditional Pass,4,0,2,2,3
WOODLANDS ON THE PARK POOL,Indoor Pool,2025-02-11,WOODLANDS ON THE PARK,Pass,0,0,0,0,0
WOODLANDS ON THE PARK POOL,Indoor Pool,2025-06-02,WOODLANDS ON THE PARK,Pass,1,1,0,0,1
WOODLANDS ON THE PARK POOL,Indoor Pool,2025-09-26,WOODLANDS ON THE PARK,Conditional Pass,3,1,1,1,3
WOODLANDS ON THE PARK POOL,Indoor Pool,2025-10-01,WOODLANDS ON THE PARK,Pass,0,0,0,0,0
WOODLANDS ON THE PARK POOL,Indoor Pool,2025-12-17,WOODLANDS ON THE PARK,Conditional Pass,3,1,1,1,2
WOODLANDS ON THE PARK POOL,Indoor Pool,2025-12-19,WOODLANDS ON THE PARK,Pass,1,1,0,0,1
WOODLANDS ON THE PARK POOL,Indoor Pool,2026-03-17,WOODLANDS ON THE PARK,Pass,0,0,0,0,0
WOODLANDS ON THE PARK POOL,Indoor Pool,2026-05-14,WOODLANDS ON THE PARK,Pass,0,0,0,0,0
WOODLANDS ON THE PARK YCC 324,Outdoor Pool,2024-07-19,WOODLANDS ON THE PARK,Pass,0,0,0,0,0
WOODLANDS ON THE PARK YCC 324,Outdoor Pool,2024-08-12,WOODLANDS ON THE PARK,Pass,0,0,0,0,0
WOODLANDS ON THE PARK YCC 324,Outdoor Pool,2025-07-21,WOODLANDS ON THE PARK,Pass,1,1,0,0,1
WOODLANDS ON THE PARK YCC 324,Outdoor Pool,2026-09-01,WOODLANDS ON THE PARK,Conditional Pass,5,2,3,0,4
WOODLANDS ON THE PARK YCC 324,Outdoor Pool,2026-09-03,WOODLANDS ON THE PARK,Pass,2,2,0,0,2
WORLD TRADE CENTRE,Indoor Pool,2025-01-07,WORLD TRADE CENTRE,Pass,0,0,0,0,0
WORLD TRADE CENTRE,Indoor Pool,2025-04-10,WORLD TRADE CENTRE,Pass,2,1,1,0,1
WORLD TRADE CENTRE,Indoor Pool,2025-10-20,WORLD TRADE CENTRE,Pass,0,0,0,0,0
WORLD TRADE CENTRE,Indoor Pool,2026-02-17,WORLD TRADE CENTRE,Pass,0,0,0,0,0
WORLD TRADE CENTRE,Indoor Pool,2026-04-17,WORLD TRADE CENTRE,Pass,0,0,0,0,0
WORLD TRADE CENTRE,Indoor Pool,2026-07-29,WORLD TRADE CENTRE,Pass,0,0,0,0,0
WORLD TRADE CENTRE,Spa Indoor,2025-01-07,WORLD TRADE CENTRE,Conditional Pass,2,0,1,1,2
WORLD TRADE CENTRE,Spa Indoor,2025-01-16,WORLD TRADE CENTRE,Conditional Pass,3,2,0,1,1
WORLD TRADE CENTRE,Spa Indoor,2025-01-20,WORLD TRADE CENTRE,Pass,0,0,0,0,0
WORLD TRADE CENTRE,Spa Indoor,2025-04-10,WORLD TRADE CENTRE,Conditional Pass,2,1,0,1,2
WORLD TRADE CENTRE,Spa Indoor,2025-04-25,WORLD TRADE CENTRE,Conditional Pass,2,1,0,1,2
WORLD TRADE CENTRE,Spa Indoor,2025-05-02,WORLD TRADE CENTRE,Pass,0,0,0,0,0
WORLD TRADE CENTRE,Spa Indoor,2026-02-17,WORLD TRADE CENTRE,Conditional Pass,1,0,0,1,1
WORLD TRADE CENTRE,Spa Indoor,2026-02-24,WORLD TRADE CENTRE,Conditional Pass,2,0,1,1,1
WORLD TRADE CENTRE,Spa Indoor,2026-07-29,WORLD TRADE CENTRE,Conditional Pass,2,0,1,1,1
WORLD TRADE CENTRE,Spa Indoor,2026-08-17,WORLD TRADE CENTRE,Closed,3,1,0,2,2
WYNFORD NORTH INDOOR POOL,Indoor Pool,2024-12-23,WYNFORD NORTH,Pass,2,2,0,0,2
WYNFORD NORTH INDOOR POOL,Indoor Pool,2025-03-27,WYNFORD NORTH,Pass,1,1,0,0,1
WYNFORD NORTH INDOOR POOL,Indoor Pool,2025-05-20,WYNFORD NORTH,Pass,2,2,0,0,2
WYNFORD NORTH INDOOR POOL,Indoor Pool,2026-01-29,WYNFORD NORTH,Conditional Pass,11,7,3,1,5
WYNFORD NORTH INDOOR POOL,Indoor Pool,2026-02-18,WYNFORD NORTH,Conditional Pass,6,5,0,1,4
WYNFORD NORTH INDOOR POOL,Indoor Pool,2026-03-10,WYNFORD NORTH,Pass,2,2,0,0,1
WYNFORD NORTH INDOOR POOL,Indoor Pool,2026-06-26,WYNFORD NORTH,Pass,6,5,1,0,4
WYNFORD PLACE  INDOOR POOL,Indoor Pool,2024-12-06,WYNFORD PLACE,Pass,1,1,0,0,1
WYNFORD PLACE  INDOOR POOL,Indoor Pool,2025-03-27,WYNFORD PLACE,Pass,1,1,0,0,1
WYNFORD PLACE  INDOOR POOL,Indoor Pool,2025-06-12,WYNFORD PLACE,Pass,1,1,0,0,1
WYNFORD PLACE  INDOOR POOL,Indoor Pool,2026-03-04,WYNFORD PLACE,Pass,0,0,0,0,0
WYNFORD PLACE  INDOOR POOL,Indoor Pool,2026-06-26,WYNFORD PLACE,Pass,1,1,0,0,1
WYNFORD PLACE  INDOOR POOL,Indoor Pool,2026-07-14,WYNFORD PLACE,Pass,0,0,0,0,0
WYNFORD PLACE SPA,Spa Indoor,2024-12-06,WYNFORD PLACE,Pass,1,1,0,0,1
WYNFORD PLACE SPA,Spa Indoor,2025-03-27,WYNFORD PLACE,Pass,1,1,0,0,1
WYNFORD PLACE SPA,Spa Indoor,2025-06-12,WYNFORD PLACE,Pass,0,0,0,0,0
WYNFORD PLACE SPA,Spa Indoor,2026-03-04,WYNFORD PLACE,Pass,0,0,0,0,0
WYNFORD PLACE SPA,Spa Indoor,2026-06-26,WYNFORD PLACE,Conditional Pass,1,0,1,0,1
WYNFORD PLACE SPA,Spa Indoor,2026-07-14,WYNFORD PLACE,Pass,0,0,0,0,0
WYNFORD RECREATION CENTRE,Indoor Pool,2025-04-11,WYNFORD RECREATION CENTRE,Conditional Pass,5,3,1,1,4
WYNFORD RECREATION CENTRE,Indoor Pool,2025-11-24,WYNFORD RECREATION CENTRE,Conditional Pass,1,0,0,1,1
WYNFORD RECREATION CENTRE,Indoor Pool,2026-06-12,WYNFORD RECREATION CENTRE,Conditional Pass,7,2,2,3,4
WYNFORD SOUTH POOL,Outdoor Pool,2024-08-07,WYNFORD SOUTH,Pass,1,1,0,0,1
WYNFORD SOUTH POOL,Outdoor Pool,2025-07-18,WYNFORD SOUTH,Pass,5,4,1,0,3
WYNFORD SOUTH POOL,Outdoor Pool,2026-09-02,WYNFORD SOUTH,Closed,14,6,4,4,6
WYNFORD TOWER,Indoor Pool,2024-12-09,WYNFORD TOWER,Pass,1,1,0,0,1
WYNFORD TOWER,Indoor Pool,2025-03-27,WYNFORD TOWER,Pass,0,0,0,0,0
WYNFORD TOWER,Indoor Pool,2025-05-14,WYNFORD TOWER,Conditional Pass,7,4,1,2,3
WYNFORD TOWER,Indoor Pool,2025-05-15,WYNFORD TOWER,Pass,4,4,0,0,2
WYNFORD TOWER,Indoor Pool,2026-01-19,WYNFORD TOWER,Pass,10,10,0,0,3
WYNFORD TOWER,Indoor Pool,2026-06-25,WYNFORD TOWER,Pass,9,8,1,0,5
X2,Outdoor Pool,2024-07-11,X2,Pass,1,1,0,0,1
X2,Outdoor Pool,2025-05-28,X2,Conditional Pass,1,0,0,1,1
X2,Outdoor Pool,2025-05-29,X2,Pass,0,0,0,0,0
X2,Outdoor Pool,2026-05-26,X2,Pass,1,1,0,0,1
X2,Outdoor Pool,2026-08-20,X2,Pass,0,0,0,0,0
XCONDO - POOL,Outdoor Pool,2025-07-22,XCONDO,Conditional Pass,8,5,2,1,5
XCONDO - POOL,Outdoor Pool,2026-07-30,XCONDO,Closed,10,5,1,4,6
XCONDO - POOL,Outdoor Pool,2026-07-31,XCONDO,Pass,5,5,0,0,3
XCONDO - SPA,Spa Outdoor,2024-07-22,XCONDO,Pass,5,5,0,0,3
XCONDO - SPA,Spa Outdoor,2025-07-22,XCONDO,Conditional Pass,8,6,1,1,4
XCONDO - SPA,Spa Outdoor,2026-07-30,XCONDO,Closed,6,4,0,2,4
XCONDO - SPA,Spa Outdoor,2026-07-31,XCONDO,Pass,4,4,0,0,2
Y.C.C. #104,Indoor Pool,2024-07-15,980 BROADVIEW AVE,Pass,2,2,0,0,2
Y.C.C. #104,Indoor Pool,2024-10-21,980 BROADVIEW AVE,Pass,1,1,0,0,1
Y.C.C. #104,Indoor Pool,2025-01-06,980 BROADVIEW AVE,Pass,0,0,0,0,0
Y.C.C. #104,Indoor Pool,2025-04-03,980 BROADVIEW AVE,Conditional Pass,1,0,1,0,1
Y.C.C. #104,Indoor Pool,2025-04-04,980 BROADVIEW AVE,Pass,0,0,0,0,0
Y.C.C. #104,Indoor Pool,2025-07-08,980 BROADVIEW AVE,Pass,1,1,0,0,1
Y.C.C. #104,Indoor Pool,2025-10-06,980 BROADVIEW AVE,Conditional Pass,2,1,1,0,2
Y.C.C. #104,Indoor Pool,2025-10-10,980 BROADVIEW AVE,Pass,0,0,0,0,0
Y.C.C. #104,Indoor Pool,2026-01-07,980 BROADVIEW AVE,Conditional Pass,3,2,1,0,2
Y.C.C. #104,Indoor Pool,2026-01-09,980 BROADVIEW AVE,Pass,0,0,0,0,0
Y.C.C. #104,Indoor Pool,2026-04-08,980 BROADVIEW AVE,Conditional Pass,3,2,1,0,2
Y.C.C. #104,Indoor Pool,2026-04-10,980 BROADVIEW AVE,Pass,1,1,0,0,1
Y.C.C. #104,Indoor Pool,2026-07-10,980 BROADVIEW AVE,Conditional Pass,2,1,1,0,2
Y.C.C. #104,Indoor Pool,2026-07-14,980 BROADVIEW AVE,Pass,0,0,0,0,0
Y.C.C. #137,Outdoor Pool,2024-07-09,85 EMMETT AVE,Pass,2,2,0,0,2
Y.C.C. #137,Outdoor Pool,2026-07-07,85 EMMETT AVE,Pass,2,1,1,0,1
Y.C.C. #158 - LONSDALE ROAD,Indoor Pool,2024-09-19,350 LONSDALE RD,Pass,0,0,0,0,0
Y.C.C. #158 - LONSDALE ROAD,Indoor Pool,2025-01-02,350 LONSDALE RD,Pass,1,1,0,0,1
Y.C.C. #158 - LONSDALE ROAD,Indoor Pool,2025-04-14,350 LONSDALE RD,Pass,0,0,0,0,0
Y.C.C. #158 - LONSDALE ROAD,Indoor Pool,2025-08-27,350 LONSDALE RD,Pass,1,0,1,0,1
Y.C.C. #158 - LONSDALE ROAD,Indoor Pool,2025-12-16,350 LONSDALE RD,Pass,0,0,0,0,0
Y.C.C. #158 - LONSDALE ROAD,Indoor Pool,2026-03-24,350 LONSDALE RD,Pass,1,1,0,0,1
Y.C.C. #158 - LONSDALE ROAD,Indoor Pool,2026-05-14,350 LONSDALE RD,Conditional Pass,1,0,0,1,1
Y.C.C. #158 - LONSDALE ROAD,Indoor Pool,2026-05-22,350 LONSDALE RD,Pass,0,0,0,0,0
Y.C.C. #168,Outdoor Pool,2024-08-08,66 COLLIER ST,Pass,2,2,0,0,2
Y.C.C. #168,Outdoor Pool,2025-09-04,66 COLLIER ST,Pass,6,5,1,0,3
Y.C.C. #168,Outdoor Pool,2026-07-16,66 COLLIER ST,Conditional Pass,10,7,2,1,5
Y.C.C. #308,Outdoor Pool,2024-08-23,40 CHICHESTER PL,Pass,0,0,0,0,0
Y.C.C. #308,Outdoor Pool,2025-07-16,40 CHICHESTER PL,Pass,1,1,0,0,1
Y.C.C. #308,Outdoor Pool,2026-07-20,40 CHICHESTER PL,Pass,0,0,0,0,0
Y.C.C. #337 & #400 POOL,Indoor Pool,2024-09-25,3131 BRIDLETOWNE CRCL,Pass,0,0,0,0,0
Y.C.C. #337 & #400 POOL,Indoor Pool,2024-12-16,3131 BRIDLETOWNE CRCL,Pass,1,1,0,0,1
Y.C.C. #337 & #400 POOL,Indoor Pool,2025-02-24,3131 BRIDLETOWNE CRCL,Pass,0,0,0,0,0
Y.C.C. #337 & #400 POOL,Indoor Pool,2025-05-29,3131 BRIDLETOWNE CRCL,Pass,1,1,0,0,1
Y.C.C. #337 & #400 POOL,Indoor Pool,2025-09-04,3131 BRIDLETOWNE CRCL,Pass,1,1,0,0,1
Y.C.C. #337 & #400 POOL,Indoor Pool,2025-11-12,3131 BRIDLETOWNE CRCL,Pass,0,0,0,0,0
Y.C.C. #337 & #400 POOL,Indoor Pool,2026-03-09,3131 BRIDLETOWNE CRCL,Pass,0,0,0,0,0
Y.C.C. #337 & #400 POOL,Indoor Pool,2026-05-19,3131 BRIDLETOWNE CRCL,Pass,0,0,0,0,0
Y.C.C. #405,Indoor Pool,2024-09-09,120 DUNDALK DR,Pass,0,0,0,0,0
Y.C.C. #405,Indoor Pool,2024-12-20,120 DUNDALK DR,Conditional Pass,5,2,1,2,2
Y.C.C. #405,Indoor Pool,2025-01-06,120 DUNDALK DR,Pass,1,1,0,0,1
Y.C.C. #405,Indoor Pool,2025-03-10,120 DUNDALK DR,Pass,1,1,0,0,1
Y.C.C. #405,Indoor Pool,2025-06-25,120 DUNDALK DR,Conditional Pass,2,0,1,1,2
Y.C.C. #405,Indoor Pool,2025-07-25,120 DUNDALK DR,Pass,0,0,0,0,0
Y.C.C. #405,Indoor Pool,2025-09-25,120 DUNDALK DR,Conditional Pass,3,1,2,0,2
Y.C.C. #405,Indoor Pool,2025-10-01,120 DUNDALK DR,Pass,2,2,0,0,1
Y.C.C. #405,Indoor Pool,2026-03-25,120 DUNDALK DR,Pass,3,3,0,0,2
Y.C.C. #405,Indoor Pool,2026-05-27,120 DUNDALK DR,Pass,1,1,0,0,1
Y.C.C. #405,Indoor Pool,2026-08-14,120 DUNDALK DR,Conditional Pass,3,2,1,0,2
Y.C.C. #405,Indoor Pool,2026-09-15,120 DUNDALK DR,Pass,2,2,0,0,2
Y.C.C. #41 POOL,Outdoor Pool,2025-07-24,180 MARKHAM RD,Conditional Pass,3,0,1,2,2
Y.C.C. #41 POOL,Outdoor Pool,2025-07-28,180 MARKHAM RD,Conditional Pass,2,0,1,1,2
Y.C.C. #41 POOL,Outdoor Pool,2025-08-05,180 MARKHAM RD,Pass,1,1,0,0,1
Y.C.C. #41 POOL,Outdoor Pool,2026-07-27,180 MARKHAM RD,Pass,2,2,0,0,2
Y.C.C. #460 OUTDOOR POOL,Outdoor Pool,2025-07-04,2365 KENNEDY RD,Conditional Pass,3,1,0,2,2
Y.C.C. #460 OUTDOOR POOL,Outdoor Pool,2025-08-21,2365 KENNEDY RD,Pass,1,1,0,0,1
Y.C.C. #460 OUTDOOR POOL,Outdoor Pool,2026-07-28,2365 KENNEDY RD,Conditional Pass,2,0,0,2,2
Y.C.C. #460 OUTDOOR POOL,Outdoor Pool,2026-08-05,2365 KENNEDY RD,Closed,2,0,0,2,2
Y.C.C. #460 OUTDOOR POOL,Outdoor Pool,2026-08-11,2365 KENNEDY RD,Pass,0,0,0,0,0
Y.C.C. #483 & 501,Outdoor Pool,2024-08-13,475 THE WEST MALL,Pass,1,1,0,0,1
Y.C.C. #483 & 501,Outdoor Pool,2025-07-24,475 THE WEST MALL,Pass,2,2,0,0,2
Y.C.C. #483 & 501,Outdoor Pool,2025-08-28,475 THE WEST MALL,Pass,1,1,0,0,1
Y.C.C. #483 & 501,Outdoor Pool,2026-06-15,475 THE WEST MALL,Pass,0,0,0,0,0
Y.C.C. #508,Outdoor Pool,2024-09-16,142 PEARS AVE,Pass,0,0,0,0,0
Y.C.C. #508,Outdoor Pool,2025-08-01,142 PEARS AVE,Pass,0,0,0,0,0
Y.C.C. #508,Outdoor Pool,2026-06-30,142 PEARS AVE,Pass,0,0,0,0,0
Y.C.C. #510,Indoor Pool,2024-08-29,55 HARBOUR SQ,Pass,1,0,1,0,1
Y.C.C. #510,Indoor Pool,2024-11-22,55 HARBOUR SQ,Pass,1,0,1,0,1
Y.C.C. #510,Indoor Pool,2025-02-21,55 HARBOUR SQ,Pass,1,1,0,0,1
Y.C.C. #510,Indoor Pool,2025-05-02,55 HARBOUR SQ,Pass,2,2,0,0,2
Y.C.C. #510,Indoor Pool,2025-09-11,55 HARBOUR SQ,Pass,0,0,0,0,0
Y.C.C. #510,Indoor Pool,2026-02-03,55 HARBOUR SQ,Pass,1,1,0,0,1
Y.C.C. #510,Indoor Pool,2026-04-30,55 HARBOUR SQ,Pass,0,0,0,0,0
Y.C.C. #510,Indoor Pool,2026-09-17,55 HARBOUR SQ,Pass,0,0,0,0,0
Y.C.C. 241,Outdoor Pool,2024-07-31,250 SCARLETT RD,Conditional Pass,2,1,1,0,2
Y.C.C. 241,Outdoor Pool,2024-08-06,250 SCARLETT RD,Pass,0,0,0,0,0
Y.C.C. 241,Outdoor Pool,2025-08-27,250 SCARLETT RD,Pass,2,1,1,0,2
Y.C.C. 241,Outdoor Pool,2026-08-07,250 SCARLETT RD,Closed,10,5,1,4,5
Y.C.C. 241,Outdoor Pool,2026-08-10,250 SCARLETT RD,Pass,1,1,0,0,1
YC CONDOS,Indoor Pool,2024-07-30,YC CONDOS,Conditional Pass,1,0,0,1,1
YC CONDOS,Indoor Pool,2024-09-27,YC CONDOS,Pass,1,1,0,0,1
YC CONDOS,Indoor Pool,2024-12-20,YC CONDOS,Conditional Pass,3,1,1,1,3
YC CONDOS,Indoor Pool,2025-01-09,YC CONDOS,Pass,0,0,0,0,0
YC CONDOS,Indoor Pool,2025-07-16,YC CONDOS,Pass,0,0,0,0,0
YC CONDOS,Indoor Pool,2025-10-29,YC CONDOS,Pass,1,1,0,0,1
YC CONDOS,Indoor Pool,2026-02-26,YC CONDOS,Pass,1,1,0,0,1
YC CONDOS,Indoor Pool,2026-04-27,YC CONDOS,Conditional Pass,1,0,0,1,1
YC CONDOS,Indoor Pool,2026-06-02,YC CONDOS,Pass,1,1,0,0,1
YC CONDOS,Indoor Pool,2026-09-01,YC CONDOS,Pass,1,1,0,0,1
YCC #380,Indoor Pool,2024-09-17,301 PRUDENTIAL DR,Conditional Pass,1,0,1,0,1
YCC #380,Indoor Pool,2024-09-18,301 PRUDENTIAL DR,Pass,0,0,0,0,0
YCC #380,Indoor Pool,2024-11-20,301 PRUDENTIAL DR,Conditional Pass,1,0,1,0,1
YCC #380,Indoor Pool,2024-11-22,301 PRUDENTIAL DR,Pass,0,0,0,0,0
YCC #380,Indoor Pool,2025-01-16,301 PRUDENTIAL DR,Conditional Pass,2,0,1,1,1
YCC #380,Indoor Pool,2025-02-11,301 PRUDENTIAL DR,Pass,0,0,0,0,0
YCC #380,Indoor Pool,2025-05-02,301 PRUDENTIAL DR,Pass,0,0,0,0,0
YCC #380,Indoor Pool,2025-08-11,301 PRUDENTIAL DR,Pass,0,0,0,0,0
YCC #380,Indoor Pool,2025-10-15,301 PRUDENTIAL DR,Conditional Pass,4,2,1,1,3
YCC #380,Indoor Pool,2025-12-02,301 PRUDENTIAL DR,Pass,2,2,0,0,2
YCC #380,Indoor Pool,2026-02-13,301 PRUDENTIAL DR,Pass,2,2,0,0,2
YCC #380,Indoor Pool,2026-04-24,301 PRUDENTIAL DR,Pass,1,1,0,0,1
YCC #380,Indoor Pool,2026-07-16,301 PRUDENTIAL DR,Pass,1,1,0,0,1
YCC #386,Indoor Pool,2024-09-17,100 PRUDENTIAL DRIVE,Pass,0,0,0,0,0
YCC #386,Indoor Pool,2024-11-21,100 PRUDENTIAL DRIVE,Pass,0,0,0,0,0
YCC #386,Indoor Pool,2025-01-24,100 PRUDENTIAL DRIVE,Pass,0,0,0,0,0
YCC #386,Indoor Pool,2025-04-14,100 PRUDENTIAL DRIVE,Pass,0,0,0,0,0
YCC #386,Indoor Pool,2025-05-02,100 PRUDENTIAL DRIVE,Pass,0,0,0,0,0
YCC #386,Indoor Pool,2025-09-02,100 PRUDENTIAL DRIVE,Pass,0,0,0,0,0
YCC #386,Indoor Pool,2025-10-30,100 PRUDENTIAL DRIVE,Pass,0,0,0,0,0
YCC #386,Indoor Pool,2026-01-07,100 PRUDENTIAL DRIVE,Pass,2,2,0,0,2
YCC #386,Indoor Pool,2026-07-13,100 PRUDENTIAL DRIVE,Pass,1,1,0,0,1
YCC #59 - INDOOR POOL,Indoor Pool,2024-09-06,35 ORMSKIRK AVE,Pass,1,1,0,0,1
YCC #59 - INDOOR POOL,Indoor Pool,2024-11-15,35 ORMSKIRK AVE,Pass,2,2,0,0,2
YCC #59 - INDOOR POOL,Indoor Pool,2025-03-06,35 ORMSKIRK AVE,Pass,1,1,0,0,1
YCC #59 - INDOOR POOL,Indoor Pool,2025-06-26,35 ORMSKIRK AVE,Conditional Pass,2,0,0,2,2
YCC #59 - INDOOR POOL,Indoor Pool,2025-08-08,35 ORMSKIRK AVE,Pass,0,0,0,0,0
YCC #59 - INDOOR POOL,Indoor Pool,2025-11-24,35 ORMSKIRK AVE,Pass,1,1,0,0,1
YCC #59 - INDOOR POOL,Indoor Pool,2026-03-27,35 ORMSKIRK AVE,Conditional Pass,3,1,1,1,2
YCC #59 - INDOOR POOL,Indoor Pool,2026-06-29,35 ORMSKIRK AVE,Pass,0,0,0,0,0
YCC #59 - INDOOR POOL,Indoor Pool,2026-08-12,35 ORMSKIRK AVE,Pass,0,0,0,0,0
YCC 290 - 301 POOL,Outdoor Pool,2024-08-29,10 PARKWAY FOREST DRIVE,Conditional Pass,6,2,1,3,3
YCC 290 - 301 POOL,Outdoor Pool,2025-06-25,10 PARKWAY FOREST DRIVE,Conditional Pass,7,3,1,3,5
YCC 290 - 301 POOL,Outdoor Pool,2025-07-04,10 PARKWAY FOREST DRIVE,Conditional Pass,4,1,1,2,2
YCC 290 - 301 POOL,Outdoor Pool,2026-06-09,10 PARKWAY FOREST DRIVE,Pass,7,7,0,0,4
"YCC 323""",Outdoor Pool,2025-07-29,50 QUEBEC AVE,Pass,0,0,0,0,0
YCC 394 @ 270,Outdoor Pool,2024-07-31,270 SCARLETT RD,Pass,3,3,0,0,2
YCC 394 @ 270,Outdoor Pool,2025-08-27,270 SCARLETT RD,Pass,2,2,0,0,2
YCC 394 @ 270,Outdoor Pool,2026-07-17,270 SCARLETT RD,Conditional Pass,11,5,2,4,5
YCC 394 @ 270,Outdoor Pool,2026-07-22,270 SCARLETT RD,Conditional Pass,7,3,1,3,5
YCC 394 @ 270,Outdoor Pool,2026-07-27,270 SCARLETT RD,Pass,1,1,0,0,1
YCC 433 OUTDOOR POOL,Outdoor Pool,2024-07-12,3300 DON MILLS RD,Conditional Pass,2,0,1,1,2
YCC 433 OUTDOOR POOL,Outdoor Pool,2024-07-22,3300 DON MILLS RD,Pass,0,0,0,0,0
YCC 433 OUTDOOR POOL,Outdoor Pool,2025-07-03,3300 DON MILLS RD,Conditional Pass,4,0,1,3,3
YCC 433 OUTDOOR POOL,Outdoor Pool,2025-07-07,3300 DON MILLS RD,Pass,0,0,0,0,0
YCC 469,Outdoor Pool,2024-07-12,90 LING RD,Pass,0,0,0,0,0
YCC 469,Outdoor Pool,2024-08-27,90 LING RD,Closed,3,1,0,2,3
YCC 469,Outdoor Pool,2024-08-28,90 LING RD,Pass,0,0,0,0,0
YCC 469,Outdoor Pool,2025-07-31,90 LING RD,Pass,4,4,0,0,2
YCC 469,Outdoor Pool,2025-08-27,90 LING RD,Conditional Pass,3,1,1,1,3
YCC 469,Outdoor Pool,2026-07-09,90 LING RD,Pass,1,1,0,0,1
YCC 67 - OUTDOOR POOL,Outdoor Pool,2024-07-11,130 NEPTUNE DR,Pass,0,0,0,0,0
YCC 67 - OUTDOOR POOL,Outdoor Pool,2025-06-03,130 NEPTUNE DR,Pass,1,1,0,0,1
YCC 67 - OUTDOOR POOL,Outdoor Pool,2026-06-01,130 NEPTUNE DR,Pass,3,3,0,0,2
YCC 99 POOL,Outdoor Pool,2024-07-23,YCC 99 POOL,Conditional Pass,3,1,1,1,2
YCC 99 POOL,Outdoor Pool,2025-07-08,YCC 99 POOL,Conditional Pass,5,1,2,2,4
YCC 99 POOL,Outdoor Pool,2025-07-21,YCC 99 POOL,Pass,0,0,0,0,0
YCC 99 POOL,Outdoor Pool,2026-09-02,YCC 99 POOL,Pass,2,2,0,0,1
YMCA FITNESS POOL,Indoor Pool,2024-07-16,YMCA FITNESS POOL,Pass,0,0,0,0,0
YMCA FITNESS POOL,Indoor Pool,2024-10-24,YMCA FITNESS POOL,Pass,0,0,0,0,0
YMCA FITNESS POOL,Indoor Pool,2025-01-16,YMCA FITNESS POOL,Pass,0,0,0,0,0
YMCA FITNESS POOL,Indoor Pool,2025-04-17,YMCA FITNESS POOL,Pass,0,0,0,0,0
YMCA FITNESS POOL,Indoor Pool,2025-07-07,YMCA FITNESS POOL,Pass,0,0,0,0,0
YMCA FITNESS POOL,Indoor Pool,2025-10-07,YMCA FITNESS POOL,Pass,1,1,0,0,1
YMCA FITNESS POOL,Indoor Pool,2026-01-19,YMCA FITNESS POOL,Pass,0,0,0,0,0
YMCA FITNESS POOL,Indoor Pool,2026-05-25,YMCA FITNESS POOL,Pass,1,1,0,0,1
YMCA FITNESS POOL,Indoor Pool,2026-07-24,YMCA FITNESS POOL,Pass,0,0,0,0,0
YMCA HEALTH CLUB SPA - MENS SPA,Spa Indoor,2024-09-27,YMCA,Pass,0,0,0,0,0
YMCA HEALTH CLUB SPA - MENS SPA,Spa Indoor,2024-12-18,YMCA,Pass,0,0,0,0,0
YMCA HEALTH CLUB SPA - MENS SPA,Spa Indoor,2025-06-18,YMCA,Pass,0,0,0,0,0
YMCA HEALTH CLUB SPA - MENS SPA,Spa Indoor,2025-08-28,YMCA,Pass,4,3,1,0,3
YMCA HEALTH CLUB SPA - MENS SPA,Spa Indoor,2025-12-11,YMCA,Pass,2,2,0,0,2
YMCA HEALTH CLUB SPA - MENS SPA,Spa Indoor,2026-03-10,YMCA,Conditional Pass,2,1,1,0,1
YMCA HEALTH CLUB SPA - MENS SPA,Spa Indoor,2026-03-11,YMCA,Pass,0,0,0,0,0
YMCA HEALTH CLUB SPA - MENS SPA,Spa Indoor,2026-06-23,YMCA,Pass,1,1,0,0,1
YMCA LAP POOL,Indoor Pool,2024-07-16,YMCA FITNESS POOL,Pass,0,0,0,0,0
YMCA LAP POOL,Indoor Pool,2024-10-24,YMCA FITNESS POOL,Pass,0,0,0,0,0
YMCA LAP POOL,Indoor Pool,2025-01-16,YMCA FITNESS POOL,Pass,0,0,0,0,0
YMCA LAP POOL,Indoor Pool,2025-04-17,YMCA FITNESS POOL,Pass,0,0,0,0,0
YMCA LAP POOL,Indoor Pool,2025-07-07,YMCA FITNESS POOL,Pass,1,1,0,0,1
YMCA LAP POOL,Indoor Pool,2025-10-07,YMCA FITNESS POOL,Conditional Pass,2,1,1,0,2
YMCA LAP POOL,Indoor Pool,2025-10-08,YMCA FITNESS POOL,Pass,1,1,0,0,1
YMCA LAP POOL,Indoor Pool,2026-01-19,YMCA FITNESS POOL,Pass,0,0,0,0,0
YMCA LAP POOL,Indoor Pool,2026-05-25,YMCA FITNESS POOL,Pass,1,1,0,0,1
YMCA LAP POOL,Indoor Pool,2026-07-24,YMCA FITNESS POOL,Pass,1,1,0,0,1
YMCA MAIN POOL,Indoor Pool,2024-09-27,YMCA,Pass,1,1,0,0,1
YMCA MAIN POOL,Indoor Pool,2024-12-18,YMCA,Pass,0,0,0,0,0
YMCA MAIN POOL,Indoor Pool,2025-03-25,YMCA,Pass,1,1,0,0,1
YMCA MAIN POOL,Indoor Pool,2025-06-18,YMCA,Pass,1,1,0,0,1
YMCA MAIN POOL,Indoor Pool,2025-08-28,YMCA,Pass,0,0,0,0,0
YMCA MAIN POOL,Indoor Pool,2025-12-11,YMCA,Pass,1,1,0,0,1
YMCA MAIN POOL,Indoor Pool,2026-03-10,YMCA,Pass,0,0,0,0,0
YMCA MAIN POOL,Indoor Pool,2026-06-23,YMCA,Pass,1,1,0,0,1
YMCA TRAINING POOL,Indoor Pool,2024-09-27,YMCA,Pass,0,0,0,0,0
YMCA TRAINING POOL,Indoor Pool,2024-12-18,YMCA,Pass,0,0,0,0,0
YMCA TRAINING POOL,Indoor Pool,2025-03-25,YMCA,Pass,0,0,0,0,0
YMCA TRAINING POOL,Indoor Pool,2025-06-18,YMCA,Pass,0,0,0,0,0
YMCA TRAINING POOL,Indoor Pool,2025-08-28,YMCA,Conditional Pass,1,0,0,1,1
YMCA TRAINING POOL,Indoor Pool,2025-10-20,YMCA,Pass,0,0,0,0,0
YMCA TRAINING POOL,Indoor Pool,2025-12-11,YMCA,Pass,0,0,0,0,0
YMCA TRAINING POOL,Indoor Pool,2026-03-10,YMCA,Pass,0,0,0,0,0
YMCA TRAINING POOL,Indoor Pool,2026-06-23,YMCA,Pass,2,2,0,0,2
YMCA WHIRLPOOL,Spa Indoor,2024-07-16,YMCA FITNESS POOL,Pass,0,0,0,0,0
YMCA WHIRLPOOL,Spa Indoor,2024-10-24,YMCA FITNESS POOL,Pass,0,0,0,0,0
YMCA WHIRLPOOL,Spa Indoor,2025-01-16,YMCA FITNESS POOL,Pass,0,0,0,0,0
YMCA WHIRLPOOL,Spa Indoor,2025-04-17,YMCA FITNESS POOL,Pass,0,0,0,0,0
YMCA WHIRLPOOL,Spa Indoor,2025-07-07,YMCA FITNESS POOL,Pass,0,0,0,0,0
YMCA WHIRLPOOL,Spa Indoor,2025-10-07,YMCA FITNESS POOL,Pass,1,1,0,0,1
YMCA WHIRLPOOL,Spa Indoor,2026-01-19,YMCA FITNESS POOL,Pass,0,0,0,0,0
YMCA WHIRLPOOL,Spa Indoor,2026-05-25,YMCA FITNESS POOL,Pass,1,1,0,0,1
YMCA WHIRLPOOL,Spa Indoor,2026-07-24,YMCA FITNESS POOL,Pass,0,0,0,0,0
YMCA WOMEN'S SPA,Spa Indoor,2024-09-27,YMCA,Pass,0,0,0,0,0
YMCA WOMEN'S SPA,Spa Indoor,2024-12-18,YMCA,Pass,0,0,0,0,0
YMCA WOMEN'S SPA,Spa Indoor,2025-06-26,YMCA,Pass,3,2,1,0,3
YMCA WOMEN'S SPA,Spa Indoor,2025-08-28,YMCA,Conditional Pass,2,1,0,1,2
YMCA WOMEN'S SPA,Spa Indoor,2025-09-11,YMCA,Pass,2,2,0,0,2
YMCA WOMEN'S SPA,Spa Indoor,2025-12-11,YMCA,Pass,1,1,0,0,1
YMCA WOMEN'S SPA,Spa Indoor,2026-03-10,YMCA,Pass,2,2,0,0,2
YMCA WOMEN'S SPA,Spa Indoor,2026-06-23,YMCA,Pass,1,1,0,0,1
YONGE & RICH 25 RICHMOND ST E,Outdoor Pool,2024-08-08,YONGE & RICH 25 RICHMOND ST E,Pass,0,0,0,0,0
YONGE & RICH 25 RICHMOND ST E,Outdoor Pool,2025-07-14,YONGE & RICH 25 RICHMOND ST E,Pass,0,0,0,0,0
YONGE & RICH 25 RICHMOND ST E,Outdoor Pool,2026-07-16,YONGE & RICH 25 RICHMOND ST E,Pass,1,1,0,0,1
YONGE & RICH 46TH FLOOR,Outdoor Pool,2024-08-09,YONGE & RICH 46TH FLOOR,Pass,0,0,0,0,0
YONGE & RICH 46TH FLOOR,Outdoor Pool,2025-07-14,YONGE & RICH 46TH FLOOR,Pass,0,0,0,0,0
YONGE & RICH 46TH FLOOR,Outdoor Pool,2026-07-16,YONGE & RICH 46TH FLOOR,Pass,0,0,0,0,0
YORK BREMNER DEVELOPMENTS,Spa Indoor,2024-07-17,65 BREMNER BLVD,Pass,1,1,0,0,1
YORK BREMNER DEVELOPMENTS,Spa Indoor,2024-10-28,65 BREMNER BLVD,Pass,0,0,0,0,0
YORK BREMNER DEVELOPMENTS,Spa Indoor,2025-04-17,65 BREMNER BLVD,Pass,0,0,0,0,0
YORK BREMNER DEVELOPMENTS,Spa Indoor,2026-01-30,65 BREMNER BLVD,Closed,3,0,1,2,3
YORK BREMNER DEVELOPMENTS,Spa Indoor,2026-02-04,65 BREMNER BLVD,Pass,0,0,0,0,0
YORK BREMNER DEVELOPMENTS,Spa Indoor,2026-06-16,65 BREMNER BLVD,Pass,0,0,0,0,0
YORK BREMNER DEVELOPMENTS,Spa Indoor,2026-09-10,65 BREMNER BLVD,Conditional Pass,2,0,1,1,2
YORK BREMNER DEVELOPMENTS/MAPLE LEAF SQUARE,Indoor Pool,2024-07-17,65 BREMNER BLVD,Pass,2,2,0,0,2
YORK BREMNER DEVELOPMENTS/MAPLE LEAF SQUARE,Indoor Pool,2024-10-28,65 BREMNER BLVD,Conditional Pass,1,0,0,1,1
YORK BREMNER DEVELOPMENTS/MAPLE LEAF SQUARE,Indoor Pool,2024-11-14,65 BREMNER BLVD,Pass,0,0,0,0,0
YORK BREMNER DEVELOPMENTS/MAPLE LEAF SQUARE,Indoor Pool,2025-01-29,65 BREMNER BLVD,Pass,0,0,0,0,0
YORK BREMNER DEVELOPMENTS/MAPLE LEAF SQUARE,Indoor Pool,2025-04-15,65 BREMNER BLVD,Conditional Pass,2,0,1,1,1
YORK BREMNER DEVELOPMENTS/MAPLE LEAF SQUARE,Indoor Pool,2025-04-17,65 BREMNER BLVD,Pass,0,0,0,0,0
YORK BREMNER DEVELOPMENTS/MAPLE LEAF SQUARE,Indoor Pool,2026-01-30,65 BREMNER BLVD,Conditional Pass,1,0,0,1,1
YORK BREMNER DEVELOPMENTS/MAPLE LEAF SQUARE,Indoor Pool,2026-03-19,65 BREMNER BLVD,Pass,0,0,0,0,0
YORK BREMNER DEVELOPMENTS/MAPLE LEAF SQUARE,Indoor Pool,2026-06-16,65 BREMNER BLVD,Pass,0,0,0,0,0
YORK BREMNER DEVELOPMENTS/MAPLE LEAF SQUARE,Indoor Pool,2026-09-10,65 BREMNER BLVD,Pass,1,1,0,0,1
YORK CONDO 520,Indoor Pool,2024-09-10,240 HEATH ST W,Pass,1,1,0,0,1
YORK CONDO 520,Indoor Pool,2025-02-18,240 HEATH ST W,Pass,0,0,0,0,0
YORK CONDO 520,Indoor Pool,2025-05-14,240 HEATH ST W,Conditional Pass,4,2,2,0,2
YORK CONDO 520,Indoor Pool,2025-05-26,240 HEATH ST W,Pass,0,0,0,0,0
YORK CONDO 520,Indoor Pool,2025-10-10,240 HEATH ST W,Pass,0,0,0,0,0
YORK CONDO 520,Indoor Pool,2026-02-02,240 HEATH ST W,Pass,0,0,0,0,0
YORK CONDO 520,Indoor Pool,2026-04-20,240 HEATH ST W,Pass,0,0,0,0,0
YORK CONDO CORP #121,Outdoor Pool,2025-07-17,187 SHERWOOD AVE,Pass,1,0,1,0,1
YORK CONDOMINIUM CORP. #75 SWIMMING POOL,Indoor Pool,2024-09-23,40 HOMEWOOD AVE,Pass,4,4,0,0,1
YORK CONDOMINIUM CORP. #75 SWIMMING POOL,Indoor Pool,2024-12-10,40 HOMEWOOD AVE,Pass,3,3,0,0,2
YORK CONDOMINIUM CORP. #75 SWIMMING POOL,Indoor Pool,2025-03-20,40 HOMEWOOD AVE,Pass,2,2,0,0,1
YORK CONDOMINIUM CORP. #75 SWIMMING POOL,Indoor Pool,2025-06-27,40 HOMEWOOD AVE,Pass,1,1,0,0,1
YORK CONDOMINIUM CORP. #75 SWIMMING POOL,Indoor Pool,2025-12-18,40 HOMEWOOD AVE,Pass,0,0,0,0,0
YORK CONDOMINIUM CORP. #75 SWIMMING POOL,Indoor Pool,2026-03-24,40 HOMEWOOD AVE,Pass,2,2,0,0,1
YORK CONDOMINIUM CORP. #75 SWIMMING POOL,Indoor Pool,2026-06-29,40 HOMEWOOD AVE,Pass,0,0,0,0,0
YORK CONDOMINIUM CORPORATION #169,Outdoor Pool,2024-08-22,525 BALLIOL ST,Pass,1,1,0,0,1
YORK CONDOMINIUM CORPORATION #169,Outdoor Pool,2025-07-31,525 BALLIOL ST,Pass,8,8,0,0,4
YORK CONDOMINIUM CORPORATION #169,Outdoor Pool,2026-08-21,525 BALLIOL ST,Pass,3,2,1,0,3
YORK CONDOMINIUM NO. 62,Outdoor Pool,2024-07-16,15 LONDON GREEN CRT,Pass,2,2,0,0,2
YORK CONDOMINIUM NO. 62,Outdoor Pool,2025-08-29,15 LONDON GREEN CRT,Conditional Pass,5,4,0,1,2
YORK CONDOMINIUM NO. 62,Outdoor Pool,2026-06-10,15 LONDON GREEN CRT,Pass,2,2,0,0,2
YORK MEMORIAL COLLEGIATE INSTITUTE,Indoor Pool,2024-09-30,GEORGE HARVEY SECONDARY SCHOOL,Pass,2,2,0,0,1
YORK MEMORIAL COLLEGIATE INSTITUTE,Indoor Pool,2024-12-10,GEORGE HARVEY SECONDARY SCHOOL,Pass,1,1,0,0,1
YORK MEMORIAL COLLEGIATE INSTITUTE,Indoor Pool,2025-03-25,GEORGE HARVEY SECONDARY SCHOOL,Pass,0,0,0,0,0
YORK MEMORIAL COLLEGIATE INSTITUTE,Indoor Pool,2025-05-14,GEORGE HARVEY SECONDARY SCHOOL,Pass,1,1,0,0,1
YORK MEMORIAL COLLEGIATE INSTITUTE,Indoor Pool,2025-12-19,GEORGE HARVEY SECONDARY SCHOOL,Pass,2,2,0,0,1
YORK MEMORIAL COLLEGIATE INSTITUTE,Indoor Pool,2026-02-23,GEORGE HARVEY SECONDARY SCHOOL,Conditional Pass,2,1,0,1,2
YORK MEMORIAL COLLEGIATE INSTITUTE,Indoor Pool,2026-06-25,GEORGE HARVEY SECONDARY SCHOOL,Pass,2,2,0,0,1
YORK MEMORIAL COLLEGIATE INSTITUTE,Indoor Pool,2026-09-25,GEORGE HARVEY SECONDARY SCHOOL,Pass,2,2,0,0,1
YORK MILLS COLLEGIATE INSTITUTE POOL,Indoor Pool,2024-10-16,YORK MILLS COLLEGIATE INSTITUTE,Pass,1,1,0,0,1
YORK MILLS COLLEGIATE INSTITUTE POOL,Indoor Pool,2025-01-16,YORK MILLS COLLEGIATE INSTITUTE,Pass,0,0,0,0,0
YORK MILLS COLLEGIATE INSTITUTE POOL,Indoor Pool,2025-04-17,YORK MILLS COLLEGIATE INSTITUTE,Pass,0,0,0,0,0
YORK MILLS COLLEGIATE INSTITUTE POOL,Indoor Pool,2025-08-19,YORK MILLS COLLEGIATE INSTITUTE,Pass,0,0,0,0,0
YORK MILLS COLLEGIATE INSTITUTE POOL,Indoor Pool,2025-11-07,YORK MILLS COLLEGIATE INSTITUTE,Conditional Pass,2,1,0,1,2
YORK MILLS COLLEGIATE INSTITUTE POOL,Indoor Pool,2025-12-10,YORK MILLS COLLEGIATE INSTITUTE,Pass,0,0,0,0,0
YORK MILLS COLLEGIATE INSTITUTE POOL,Indoor Pool,2026-02-19,YORK MILLS COLLEGIATE INSTITUTE,Conditional Pass,2,1,1,0,1
YORK MILLS COLLEGIATE INSTITUTE POOL,Indoor Pool,2026-06-25,YORK MILLS COLLEGIATE INSTITUTE,Conditional Pass,2,1,1,0,1
YORK MILLS LESLIE (THE TOWNS) POOL,Indoor Pool,2026-03-05,YORK MILLS LESLIE (THE TOWNS) POOL,Pass,0,0,0,0,0
YORK MILLS LESLIE (THE TOWNS) POOL,Indoor Pool,2026-06-08,YORK MILLS LESLIE (THE TOWNS) POOL,Pass,3,3,0,0,2
YORK MILLS PLACE,Indoor Pool,2024-08-09,YORK MILLS PLACE,Pass,1,1,0,0,1
YORK MILLS PLACE,Indoor Pool,2024-10-31,YORK MILLS PLACE,Pass,4,4,0,0,1
YORK MILLS PLACE,Indoor Pool,2025-01-29,YORK MILLS PLACE,Pass,1,0,1,0,1
YORK MILLS PLACE,Indoor Pool,2025-04-14,YORK MILLS PLACE,Pass,2,2,0,0,2
YORK MILLS PLACE,Indoor Pool,2025-08-12,YORK MILLS PLACE,Conditional Pass,4,1,1,2,4
YORK MILLS PLACE,Indoor Pool,2025-10-10,YORK MILLS PLACE,Pass,0,0,0,0,0
YORK MILLS PLACE,Indoor Pool,2025-11-21,YORK MILLS PLACE,Conditional Pass,1,0,1,0,1
YORK MILLS PLACE,Indoor Pool,2025-11-26,YORK MILLS PLACE,Pass,0,0,0,0,0
YORK MILLS PLACE,Indoor Pool,2026-01-28,YORK MILLS PLACE,Pass,1,1,0,0,1
YORK MILLS PLACE,Indoor Pool,2026-04-29,YORK MILLS PLACE,Pass,0,0,0,0,0
YORK MILLS PLACE,Indoor Pool,2026-08-12,YORK MILLS PLACE,Pass,0,0,0,0,0
YORK MILLS PLACE SPA,Spa Indoor,2024-08-09,YORK MILLS PLACE,Pass,2,2,0,0,2
YORK MILLS PLACE SPA,Spa Indoor,2024-10-31,YORK MILLS PLACE,Pass,2,2,0,0,1
YORK MILLS PLACE SPA,Spa Indoor,2025-01-29,YORK MILLS PLACE,Pass,2,1,1,0,2
YORK MILLS PLACE SPA,Spa Indoor,2025-04-14,YORK MILLS PLACE,Pass,2,2,0,0,2
YORK MILLS PLACE SPA,Spa Indoor,2025-08-12,YORK MILLS PLACE,Conditional Pass,2,0,1,1,1
YORK MILLS PLACE SPA,Spa Indoor,2025-10-10,YORK MILLS PLACE,Pass,0,0,0,0,0
YORK MILLS PLACE SPA,Spa Indoor,2025-11-21,YORK MILLS PLACE,Conditional Pass,1,0,0,1,1
YORK MILLS PLACE SPA,Spa Indoor,2025-11-26,YORK MILLS PLACE,Pass,0,0,0,0,0
YORK MILLS PLACE SPA,Spa Indoor,2026-01-28,YORK MILLS PLACE,Pass,1,1,0,0,1
YORK MILLS PLACE SPA,Spa Indoor,2026-04-29,YORK MILLS PLACE,Pass,0,0,0,0,0
YORK MILLS PLACE SPA,Spa Indoor,2026-08-12,YORK MILLS PLACE,Conditional Pass,2,0,1,1,1
YORK MILLS PLACE SPA,Spa Indoor,2026-08-25,YORK MILLS PLACE,Pass,0,0,0,0,0
YORK RACQUETS CLUB,Spa Indoor,2024-09-06,"YORK RACQUET CLUB,MENS CHANGING ROOM SPA",Pass,1,1,0,0,1
YORK RACQUETS CLUB,Spa Indoor,2024-11-28,"YORK RACQUET CLUB,MENS CHANGING ROOM SPA",Pass,1,0,1,0,1
YORK RACQUETS CLUB,Spa Indoor,2025-03-19,"YORK RACQUET CLUB,MENS CHANGING ROOM SPA",Pass,0,0,0,0,0
YORK RACQUETS CLUB,Spa Indoor,2025-06-16,"YORK RACQUET CLUB,MENS CHANGING ROOM SPA",Pass,0,0,0,0,0
YORK RACQUETS CLUB,Spa Indoor,2025-09-16,"YORK RACQUET CLUB,MENS CHANGING ROOM SPA",Pass,0,0,0,0,0
YORK RACQUETS CLUB,Spa Indoor,2025-12-08,"YORK RACQUET CLUB,MENS CHANGING ROOM SPA",Pass,0,0,0,0,0
YORK RACQUETS CLUB,Spa Indoor,2026-03-18,"YORK RACQUET CLUB,MENS CHANGING ROOM SPA",Pass,0,0,0,0,0
YORK RACQUETS CLUB,Spa Indoor,2026-06-17,"YORK RACQUET CLUB,MENS CHANGING ROOM SPA",Pass,0,0,0,0,0
YORK RECREATION CENTRE LANE POOL,Indoor Pool,2024-09-11,YORK RECREATION CENTRE,Pass,0,0,0,0,0
YORK RECREATION CENTRE LANE POOL,Indoor Pool,2024-11-27,YORK RECREATION CENTRE,Pass,0,0,0,0,0
YORK RECREATION CENTRE LANE POOL,Indoor Pool,2025-03-19,YORK RECREATION CENTRE,Pass,3,3,0,0,2
YORK RECREATION CENTRE LANE POOL,Indoor Pool,2025-04-28,YORK RECREATION CENTRE,Pass,0,0,0,0,0
YORK RECREATION CENTRE LANE POOL,Indoor Pool,2025-11-07,YORK RECREATION CENTRE,Pass,0,0,0,0,0
YORK RECREATION CENTRE LANE POOL,Indoor Pool,2026-01-27,YORK RECREATION CENTRE,Pass,2,2,0,0,2
YORK RECREATION CENTRE LANE POOL,Indoor Pool,2026-03-11,YORK RECREATION CENTRE,Pass,0,0,0,0,0
YORK RECREATION CENTRE LANE POOL,Indoor Pool,2026-06-04,YORK RECREATION CENTRE,Pass,0,0,0,0,0
YORK RECREATION CENTRE LANE POOL,Indoor Pool,2026-09-25,YORK RECREATION CENTRE,Pass,0,0,0,0,0
YORK RECREATION CENTRE TOT POOL,Indoor Pool,2024-09-11,YORK RECREATION CENTRE,Pass,0,0,0,0,0
YORK RECREATION CENTRE TOT POOL,Indoor Pool,2024-11-27,YORK RECREATION CENTRE,Pass,0,0,0,0,0
YORK RECREATION CENTRE TOT POOL,Indoor Pool,2025-03-19,YORK RECREATION CENTRE,Pass,3,3,0,0,2
YORK RECREATION CENTRE TOT POOL,Indoor Pool,2025-04-29,YORK RECREATION CENTRE,Closed,1,0,0,1,1
YORK RECREATION CENTRE TOT POOL,Indoor Pool,2025-05-20,YORK RECREATION CENTRE,Pass,0,0,0,0,0
YORK RECREATION CENTRE TOT POOL,Indoor Pool,2026-01-27,YORK RECREATION CENTRE,Pass,1,1,0,0,1
YORK RECREATION CENTRE TOT POOL,Indoor Pool,2026-03-11,YORK RECREATION CENTRE,Pass,0,0,0,0,0
YORK RECREATION CENTRE TOT POOL,Indoor Pool,2026-06-04,YORK RECREATION CENTRE,Pass,0,0,0,0,0
YORK RECREATION CENTRE TOT POOL,Indoor Pool,2026-09-25,YORK RECREATION CENTRE,Pass,0,0,0,0,0
YORK UNIVERSITY - TAIT MCKENZIE CENTRE,Indoor Pool,2024-09-19,YORK UNIVERSITY - TAIT MCKENZIE CENTRE,Pass,1,1,0,0,1
YORK UNIVERSITY - TAIT MCKENZIE CENTRE,Indoor Pool,2024-11-14,YORK UNIVERSITY - TAIT MCKENZIE CENTRE,Pass,1,1,0,0,1
YORK UNIVERSITY - TAIT MCKENZIE CENTRE,Indoor Pool,2025-03-14,YORK UNIVERSITY - TAIT MCKENZIE CENTRE,Pass,3,1,2,0,2
YORK UNIVERSITY - TAIT MCKENZIE CENTRE,Indoor Pool,2025-06-23,YORK UNIVERSITY - TAIT MCKENZIE CENTRE,Pass,2,1,1,0,2
YORK UNIVERSITY - TAIT MCKENZIE CENTRE,Indoor Pool,2025-09-18,YORK UNIVERSITY - TAIT MCKENZIE CENTRE,Pass,0,0,0,0,0
YORK UNIVERSITY - TAIT MCKENZIE CENTRE,Indoor Pool,2025-11-04,YORK UNIVERSITY - TAIT MCKENZIE CENTRE,Pass,1,0,1,0,1
YORK UNIVERSITY - TAIT MCKENZIE CENTRE,Indoor Pool,2026-01-22,YORK UNIVERSITY - TAIT MCKENZIE CENTRE,Pass,1,1,0,0,1
YORK UNIVERSITY - TAIT MCKENZIE CENTRE,Indoor Pool,2026-05-14,YORK UNIVERSITY - TAIT MCKENZIE CENTRE,Pass,0,0,0,0,0
YORK UNIVERSITY - TAIT MCKENZIE CENTRE,Indoor Pool,2026-07-08,YORK UNIVERSITY - TAIT MCKENZIE CENTRE,Pass,0,0,0,0,0
YORKDALE POOL,Outdoor Pool,2024-07-17,150 NEPTUNE DR,Pass,0,0,0,0,0
YORKDALE POOL,Outdoor Pool,2025-07-03,150 NEPTUNE DR,Pass,1,1,0,0,1
YORKDALE POOL,Outdoor Pool,2026-07-27,150 NEPTUNE DR,Pass,1,1,0,0,1
YORKVILLE PRIVATE ESTATES,Spa Indoor,2024-07-16,CUMBERLAND TOWER,Pass,0,0,0,0,0
YORKVILLE PRIVATE ESTATES,Spa Indoor,2024-10-22,CUMBERLAND TOWER,Pass,1,1,0,0,1
YORKVILLE PRIVATE ESTATES,Spa Indoor,2025-01-29,CUMBERLAND TOWER,Pass,0,0,0,0,0
YORKVILLE PRIVATE ESTATES,Spa Indoor,2025-04-17,CUMBERLAND TOWER,Pass,0,0,0,0,0
YORKVILLE PRIVATE ESTATES,Spa Indoor,2025-07-23,CUMBERLAND TOWER,Pass,0,0,0,0,0
YORKVILLE PRIVATE ESTATES,Spa Indoor,2025-11-14,CUMBERLAND TOWER,Pass,0,0,0,0,0
YORKVILLE PRIVATE ESTATES,Spa Indoor,2026-02-17,CUMBERLAND TOWER,Pass,1,1,0,0,1
YORKVILLE PRIVATE ESTATES,Spa Indoor,2026-05-19,CUMBERLAND TOWER,Pass,1,1,0,0,1
ZEN COLD PLUNGE,Indoor Pool,2024-09-05,ZEN KING WEST COLD PLUNGE,Pass,0,0,0,0,0
ZEN COLD PLUNGE,Indoor Pool,2024-11-01,ZEN KING WEST COLD PLUNGE,Pass,0,0,0,0,0
ZEN COLD PLUNGE,Indoor Pool,2025-01-07,ZEN KING WEST COLD PLUNGE,Pass,0,0,0,0,0
ZEN COLD PLUNGE,Indoor Pool,2025-04-08,ZEN KING WEST COLD PLUNGE,Pass,0,0,0,0,0
ZEN COLD PLUNGE,Indoor Pool,2025-09-04,ZEN KING WEST COLD PLUNGE,Pass,1,0,1,0,1
ZEN COLD PLUNGE,Indoor Pool,2025-10-29,ZEN KING WEST COLD PLUNGE,Pass,0,0,0,0,0
ZEN COLD PLUNGE,Indoor Pool,2026-01-06,ZEN KING WEST COLD PLUNGE,Pass,0,0,0,0,0
ZEN COLD PLUNGE,Indoor Pool,2026-04-14,ZEN KING WEST COLD PLUNGE,Pass,0,0,0,0,0
ZEN COLD PLUNGE,Indoor Pool,2026-07-08,ZEN KING WEST COLD PLUNGE,Pass,0,0,0,0,0
ZEN KING WEST POOL,Indoor Pool,2024-09-05,ZEN KING WEST COLD PLUNGE,Pass,0,0,0,0,0
ZEN KING WEST POOL,Indoor Pool,2024-11-01,ZEN KING WEST COLD PLUNGE,Pass,0,0,0,0,0
ZEN KING WEST POOL,Indoor Pool,2025-01-07,ZEN KING WEST COLD PLUNGE,Pass,0,0,0,0,0
ZEN KING WEST POOL,Indoor Pool,2025-04-08,ZEN KING WEST COLD PLUNGE,Pass,0,0,0,0,0
ZEN KING WEST POOL,Indoor Pool,2025-07-25,ZEN KING WEST COLD PLUNGE,Pass,0,0,0,0,0
ZEN KING WEST POOL,Indoor Pool,2025-10-29,ZEN KING WEST COLD PLUNGE,Pass,0,0,0,0,0
ZEN KING WEST POOL,Indoor Pool,2026-01-06,ZEN KING WEST COLD PLUNGE,Pass,0,0,0,0,0
ZEN KING WEST POOL,Indoor Pool,2026-04-14,ZEN KING WEST COLD PLUNGE,Pass,0,0,0,0,0
ZEN KING WEST POOL,Indoor Pool,2026-07-08,ZEN KING WEST COLD PLUNGE,Pass,0,0,0,0,0
ZEN KING WEST SPA,Spa Indoor,2024-09-05,ZEN KING WEST COLD PLUNGE,Pass,0,0,0,0,0
ZEN KING WEST SPA,Spa Indoor,2024-11-01,ZEN KING WEST COLD PLUNGE,Pass,0,0,0,0,0
ZEN KING WEST SPA,Spa Indoor,2025-01-07,ZEN KING WEST COLD PLUNGE,Pass,0,0,0,0,0
ZEN KING WEST SPA,Spa Indoor,2025-04-08,ZEN KING WEST COLD PLUNGE,Pass,0,0,0,0,0
ZEN KING WEST SPA,Spa Indoor,2025-07-25,ZEN KING WEST COLD PLUNGE,Pass,0,0,0,0,0
ZEN KING WEST SPA,Spa Indoor,2025-10-29,ZEN KING WEST COLD PLUNGE,Pass,0,0,0,0,0
ZEN KING WEST SPA,Spa Indoor,2026-01-06,ZEN KING WEST COLD PLUNGE,Pass,0,0,0,0,0
ZEN KING WEST SPA,Spa Indoor,2026-04-14,ZEN KING WEST COLD PLUNGE,Pass,0,0,0,0,0
ZEN KING WEST SPA,Spa Indoor,2026-07-08,ZEN KING WEST COLD PLUNGE,Pass,0,0,0,0,0
